timestamp,direction,size,price,level,market_price,cost,commission,slippage,mr_z,trend_score,proceeds,matched_trades
2025-07-10 00:28:00+00:00,buy,0.5622277318132115,111164.91852586939,31,111162.0,62512.5,12.5,0.0,,,,
2025-07-10 00:56:00+00:00,buy,0.5587811697816949,110987.33878381528,32,110924.3,62030.0385235769,12.403526999315517,0.0,,,,
2025-07-10 01:20:00+00:00,sell,0.5625641852290785,111164.91852586939,32,111152.0,,12.50748036331252,0.0,,,62524.89433619929,1.0
2025-07-10 01:54:00+00:00,buy,0.5587335865175168,111330.3,30,111339.5,62216.41860263252,12.440795561414221,0.0,,,,
2025-07-10 01:55:00+00:00,sell,0.5622104790581881,111342.78239551079,31,111343.9,,12.519615806050343,0.0,,,62585.55941444566,1.0
2025-07-10 02:26:00+00:00,buy,0.5582646702940053,111470.4,29,111502.9,62242.432100761594,12.445997220708177,0.0,,,,
2025-07-10 02:27:00+00:00,sell,0.5618425130679655,111520.93084734361,30,111515.3,,12.531440009390067,0.0,,,62644.66860694094,0.0
2025-07-10 02:29:00+00:00,buy,0.5586382135269762,111342.78239551079,30,111320.0,62212.773113160314,12.4400666093102,0.0,,,,
2025-07-10 02:45:00+00:00,buy,0.5549777912282292,111164.91852586939,31,111171.5,61706.39975774216,12.33881218911061,0.0,,,,
2025-07-10 04:09:00+00:00,buy,0.38658471226717595,110987.33878381528,32,110971.8,42914.58963072662,8.581201685808162,0.0,-1.4316328758739687,-0.7443510619985089,,
2025-07-10 04:43:00+00:00,sell,0.5621425285689252,111164.91852586939,32,111164.9,,12.498105677658156,0.0,0.18177357877865563,-0.5472186614073993,62478.030282613116,1.0
2025-07-10 05:08:00+00:00,buy,0.5133779783943883,110987.33878381528,32,110986.1,56989.851303330615,11.395691122441635,0.0,-1.4026032153333672,-0.17560452915829688,,
2025-07-10 05:56:00+00:00,sell,0.5625432748701534,111164.91852586939,32,111166.9,,12.507015463643272,0.0,0.31460495737961275,-0.5397032888771713,62522.57030275271,1.0
2025-07-10 07:08:00+00:00,sell,0.5628859925829978,111342.78239551079,31,111329.9,,12.534658517129964,0.0,2.29699126470618,0.7543497161973508,62660.75792713269,1.0
2025-07-10 07:45:00+00:00,buy,0.5577078570746846,111164.91852586939,31,111215.3,62009.94800264312,12.399509698588906,0.0,0.6005468187611396,0.7498828911420728,,
2025-07-10 08:37:00+00:00,sell,0.5634168060253195,111342.78239551079,31,111344.0,,12.546478966250174,0.0,1.3920040029779033,-0.060826850856130904,62719.848352284615,1.0
2025-07-10 09:10:00+00:00,buy,0.5578837744246042,111164.91852586939,31,111157.9,62029.50775168179,12.403420866163126,0.0,-0.3282928706893981,0.23659724036543178,,
2025-07-10 10:43:00+00:00,buy,0.3939578129587773,110987.33878381528,32,110958.0,43733.074119237426,8.74486585067735,0.0,-2.1351873695783485,-0.7209184396992367,,
2025-07-10 11:07:00+00:00,sell,0.5636589122081667,111164.91852586939,32,111166.7,,12.531819410400203,0.0,-0.060208955709992885,-0.5935926608614172,62646.56523259061,1.0
2025-07-10 11:55:00+00:00,buy,0.5554773308298786,110987.33878381528,32,111007.0,61663.28089368589,12.330190140709037,0.0,-1.2452538537272655,0.0635445423579091,,
2025-07-10 14:15:00+00:00,sell,0.5647390957339796,111164.91852586939,32,111231.9,,12.5558351131282,0.0,2.144497041020595,-0.29184766644208965,62766.61973052788,1.0
2025-07-10 14:25:00+00:00,buy,0.5484768395174404,110987.33878381528,32,110804.1,60886.15959955897,12.17479696051969,0.0,-1.0849815540442886,-0.027288989011706177,,
2025-07-10 14:37:00+00:00,sell,0.5644547240729747,111164.91852586939,32,111164.0,,12.549512682622865,0.0,1.5570527897654738,0.08202572200488789,62735.0139004317,1.0
2025-07-10 14:43:00+00:00,buy,0.5567810680348361,110987.33878381528,32,111050.0,61808.00815620214,12.359129805279373,0.0,0.713813589714297,0.3944893187346338,,
2025-07-10 14:50:00+00:00,sell,0.565232190212619,111164.91852586939,32,111199.9,,12.5667980746369,0.0,1.7247991552804798,0.606204492771971,62821.42357510986,1.0
2025-07-10 15:03:00+00:00,sell,0.5644891248225459,111342.78239551079,31,111249.5,,12.570357957949811,0.0,1.865261966855484,0.8817352266718609,62839.219431791105,1.0
2025-07-10 15:08:00+00:00,buy,0.5611249780947037,111164.91852586939,31,111153.5,62389.88795522253,12.475482494545597,0.0,1.210661158830691,0.9042326241054456,,
2025-07-10 15:13:00+00:00,buy,0.5572467858861172,110987.33878381528,32,110983.7,61859.70727889694,12.369467562266935,0.0,0.11736276596886942,0.884667721248433,,
2025-07-10 15:17:00+00:00,sell,0.5664360834905549,111164.91852586939,32,111236.5,,12.593564214268017,0.0,1.7292855671201928,0.8509231627693318,62955.22750712582,1.0
2025-07-10 15:22:00+00:00,sell,0.5656519088791642,111342.78239551079,31,111298.0,,12.596251480387615,0.0,2.0279944754744657,0.8485500349227838,62968.66115045768,1.0
2025-07-10 15:23:00+00:00,buy,0.5619393484145869,111164.91852586939,31,111122.5,62480.43547136429,12.493588376597538,0.0,0.9466634935033493,0.8429247616313361,,
2025-07-10 15:27:00+00:00,sell,0.5664594894108342,111342.78239551079,31,111354.9,,12.614235133068533,0.0,2.3173133556707346,0.8852340619296143,63058.56143020959,1.0
2025-07-10 15:41:00+00:00,buy,0.5622695254923689,111164.91852586939,31,111088.1,62517.14692013661,12.500929198187686,0.0,0.591410174199459,0.9199772391506973,,
2025-07-10 15:54:00+00:00,sell,0.5669811181646481,111342.78239551079,31,111369.9,,12.625851052433962,0.0,2.001264653105279,0.9054495253584462,63116.62941111737,1.0
2025-07-10 16:15:00+00:00,sell,0.5665857312547254,111520.93084734361,30,111556.3,,12.63723363086997,0.0,2.3417287920075855,0.939209358584632,63173.53092071898,1.0
2025-07-10 16:19:00+00:00,buy,0.5651154177545276,111680.9,28,111726.2,63125.22097839336,12.622519691740324,0.0,2.8906529515973904,0.9526008634383951,,
2025-07-10 16:21:00+00:00,buy,0.5612074606847489,111790.0,27,111854.0,62749.92950635407,12.547476405989617,0.0,3.271348744592645,0.9605850341573121,,
2025-07-10 16:23:00+00:00,sell,0.5656697890366122,111878.08331963808,28,111906.1,,12.657210357848042,0.0,3.3122240327980617,0.9696306140644628,63273.394578882355,0.0
2025-07-10 16:24:00+00:00,buy,0.5611382344064116,111906.0,25,112300.0,62807.2942065358,12.558947051896782,0.0,4.631407570262324,0.9764215589278884,,
2025-07-10 16:26:00+00:00,buy,0.5588356860476068,112369.0,24,112442.8,62808.36636692462,12.559161441096705,0.0,4.67377099892861,0.9861331551787105,,
2025-07-10 16:27:00+00:00,sell,0.5665508835207146,112442.8,25,112452.4,,12.740913537108602,0.0,4.486957029304335,0.9891231652533279,63691.8267720059,0.0
2025-07-10 16:30:00+00:00,buy,0.5591548815797305,112385.9,23,112607.9,62853.69283065257,12.568224921146285,0.0,4.390494112836512,0.994810688238193,,
2025-07-10 16:31:00+00:00,sell,0.5666465334818862,112607.9,24,112552.0,,12.761775235534978,0.0,4.062273158031121,0.9960161347710005,63796.11440243935,0.0
2025-07-10 16:51:00+00:00,buy,0.5598226162897998,112415.95780150489,24,112480.5,62945.58220828403,12.58659912183244,0.0,2.3012020231422627,0.9999765515274774,,
2025-07-10 16:54:00+00:00,sell,0.5675270933106625,112595.8233339873,24,112595.8,,12.780236067131737,0.0,2.4035493044639367,0.9999860980387564,63888.40009959155,1.0
2025-07-10 17:05:00+00:00,buy,0.5615288176236273,112718.1,22,112949.9,63307.120310065344,12.658892283556357,0.0,2.59462530342405,0.9999979688501962,,
2025-07-10 17:06:00+00:00,buy,0.5575507756259193,112950.0,21,112928.0,62987.955178968965,12.595072021389516,0.0,2.514030689800422,0.9999983630898366,,
2025-07-10 17:07:00+00:00,sell,0.5696951690535971,112956.4182139638,22,113042.7,,12.870145154018584,0.0,2.649133086178318,0.9999986993308723,64337.8556249389,0.0
2025-07-10 17:09:00+00:00,buy,0.5593656082159417,113022.7,19,113315.0,63233.655529973454,12.644202265541583,0.0,2.964168510707358,0.9999992390327197,,
2025-07-10 17:30:00+00:00,buy,0.5578107490010602,113469.9,18,113476.0,63307.38885405701,12.65894598161508,0.0,2.2606755391285267,0.9999999631181902,,
2025-07-10 17:31:00+00:00,sell,0.5742929112498386,113499.47698935222,19,113622.2,,13.036389013109831,0.0,2.3989596478866084,0.9999999638546881,65168.90867653604,0.0
2025-07-10 17:32:00+00:00,buy,0.559017078135991,113622.2,17,113642.0,63529.45360543427,12.70335005107664,0.0,2.384364951465789,0.9999999639421594,,
2025-07-10 17:39:00+00:00,sell,0.5732018473978602,113681.07615253518,18,113645.1,,13.032440572961999,0.0,2.169102848720039,0.9999999615009687,65149.17042423703,0.0
2025-07-10 17:46:00+00:00,buy,0.5578657764281758,113499.47698935222,18,113464.4,63330.13734962782,12.66349477097137,0.0,1.7931577571378297,0.9999999598302082,,
2025-07-10 17:51:00+00:00,sell,0.5741884937825222,113681.07615253518,18,113681.9,,13.054873177520077,0.0,1.9246916968945456,0.9999999624249432,65261.31101442286,1.0
2025-07-10 18:04:00+00:00,buy,0.5598457396675913,113499.47698935222,18,113581.7,63554.90708671805,12.708439729397732,0.0,1.5740268105906574,0.9999999682847637,,
2025-07-10 18:12:00+00:00,buy,0.5543726677738792,113318.16792067913,19,113382.0,62833.05915644679,12.564099011487063,0.0,1.270496499218731,0.9999998586113311,,
2025-07-10 18:15:00+00:00,sell,0.5733445939138847,113499.47698935222,19,113507.1,,13.01486230877969,0.0,1.3606604037179282,0.9999997066162037,65061.296681589665,1.0
2025-07-10 18:24:00+00:00,buy,0.5533701976484552,113318.16792067913,19,113280.9,62719.43835882293,12.541379395885409,0.0,1.0388877095391569,0.9999981120420387,,
2025-07-10 18:25:00+00:00,buy,0.5488256625570784,113137.14848310615,20,113182.1,62104.9889901545,12.41851409521186,0.0,0.9345021002183933,0.9999974308718349,,
2025-07-10 18:27:00+00:00,sell,0.5690428738200971,113165.9,21,113152.0,,12.879249790887545,0.0,0.8901516743391754,0.9999955983863207,64383.36970464684,0.0
2025-07-10 18:54:00+00:00,sell,0.5715225407674256,113318.16792067913,20,113339.3,,12.952777449027264,0.0,0.8993199956883343,0.9908820715080117,64750.93446768729,1.0
2025-07-10 19:00:00+00:00,sell,0.5722234789877166,113499.47698935222,19,113455.6,,12.989413117226684,0.0,0.9758645795142028,0.9749831214579484,64934.07617301619,1.0
2025-07-10 19:11:00+00:00,sell,0.5739911128625887,113681.07615253518,18,113675.5,,13.050385482442074,0.0,1.1206146191889956,0.9564992844014197,65238.877026727925,1.0
2025-07-10 19:22:00+00:00,buy,0.56308060620992,113499.47698935222,18,113464.9,63922.13617853484,12.781870861534662,0.0,0.8041968550860429,0.9440867788033406,,
2025-07-10 19:30:00+00:00,buy,0.5583227222343133,113318.16792067913,19,113298.3,63280.76161367703,12.653621598415723,0.0,0.5578176437830257,0.9426598380051967,,
2025-07-10 19:33:00+00:00,buy,0.5532660262329413,113137.14848310615,20,113141.3,62607.45954868649,12.518988112114878,0.0,0.3504548960632761,0.9354522774856415,,
2025-07-10 19:55:00+00:00,sell,0.572382324688394,113318.16792067913,20,113315.9,,12.972263276773623,0.0,0.4371608237441769,0.8604141644131083,64848.34412059134,1.0
2025-07-10 20:06:00+00:00,sell,0.5741306461697949,113499.47698935222,19,113499.9,,13.032705612766112,0.0,0.6923833243475986,0.7102685688538584,65150.49535821779,1.0
2025-07-10 20:09:00+00:00,buy,0.5596658290696616,113318.16792067913,19,113322.0,63432.99045926161,12.684061279596403,0.0,0.342986484803597,0.637087342086178,,
2025-07-10 20:16:00+00:00,sell,0.5742927563554738,113499.47698935222,19,113482.6,,13.036385497023954,0.0,0.6539619672740806,0.4161025667082156,65168.891099622735,1.0
2025-07-10 21:05:00+00:00,sell,0.57553022110428,113681.07615253518,18,113670.6,,13.085378978688214,0.0,1.4725302564680858,0.8190466511653464,65413.80951446238,1.0
2025-07-10 21:16:00+00:00,buy,0.567351239701198,113699.9,15,114057.9,64520.680774746026,12.90155584378045,0.0,3.453535178066608,0.8790122101533779,,
2025-07-10 21:17:00+00:00,buy,0.5708131933398,114057.9,10,114985.9,65118.77527545649,13.021150824926314,0.0,7.4687243227272,0.917834537432747,,
2025-07-10 21:18:00+00:00,buy,0.5723343749662868,114986.0,6,115404.0,65823.60252796143,13.16208808797469,0.0,8.067842046953599,0.951212393979426,,
2025-07-10 21:19:00+00:00,buy,0.5822416502038769,115402.0,0,116437.2,67205.28928701117,13.43837018336556,0.0,9.61742407770573,0.9780225115099755,,
2025-07-10 21:20:00+00:00,buy,0.5712059469134179,116437.2,1,115874.5,66522.9230061634,13.301924216389404,0.0,6.9420078071621285,0.9882862594219822,,
2025-07-10 21:21:00+00:00,buy,0.5642794930005247,115874.6,5,115647.8,65398.73767174654,13.077132107927723,0.0,5.803297186513456,0.9932800534977637,,
2025-07-10 21:23:00+00:00,buy,0.5748756265223619,115743.2,3,116277.3,66551.25220462617,13.307588923140607,0.0,6.3184812672960415,0.9981566688566221,,
2025-07-10 21:24:00+00:00,buy,0.564696169521183,116281.9,2,116034.9,65677.07630334818,13.13278870292905,0.0,5.383083832201495,0.9990163468364914,,
2025-07-10 21:25:00+00:00,sell,0.5948058650695514,116034.8,6,115836.8,,13.803635918434477,0.0,4.705069816130102,0.9994448387802927,69004.37595625395,0.0
2025-07-10 21:26:00+00:00,buy,0.5628269673469679,115836.7,4,115930.9,65209.05777219422,13.039203713696104,0.0,4.6500855015267994,0.9996947786320923,,
2025-07-10 21:30:00+00:00,sell,0.6051322765957771,116068.47608039979,5,116167.2,,14.047356234306966,0.0,4.335713702271358,0.9999675793376812,70222.73381530051,0.0
2025-07-10 21:31:00+00:00,sell,0.6103649526194489,116254.18564212843,4,116392.0,,14.191496102254067,0.0,4.490086342052392,0.9999836869579749,70943.28901516808,0.0
2025-07-10 21:34:00+00:00,buy,0.5753476561677803,116068.47608039979,4,116194.0,66793.08161295766,13.35594513356482,0.0,3.7417291616205306,0.9999973847242033,,
2025-07-10 21:39:00+00:00,sell,0.6081415178175856,116254.18564212843,4,116302.0,,14.139799381810272,0.0,3.3983254962892637,0.9999998162931196,70684.85710966955,1.0
2025-07-10 21:40:00+00:00,sell,0.6088633562841785,116440.19233915584,3,116376.5,,14.179233262798745,0.0,3.3949488444318643,0.9999998975986782,70881.98708073092,0.0
2025-07-10 21:41:00+00:00,buy,0.581409211847076,116254.18564212843,3,116275.9,67604.77269900317,13.518250889622708,0.0,3.184636823793865,0.9999999403579828,,
2025-07-10 21:42:00+00:00,sell,0.6137781552681117,116813.09904153354,1,116627.1,,14.339465688172737,0.0,3.5082297895051004,0.9999999677048503,71682.98897517551,0.0
2025-07-10 21:43:00+00:00,sell,0.6102406356860697,116627.0,2,116401.1,,14.23410692363185,0.0,3.1553080594573752,0.999999981123083,71156.30051123562,0.0
2025-07-10 21:44:00+00:00,sell,0.6096581853586455,116440.19233915584,3,116284.9,,14.197743272860283,0.0,2.9505513069152403,0.999999988360755,70974.51862102855,1.0
2025-07-10 21:45:00+00:00,buy,0.58924618613694,116068.47608039979,4,116012.1,68406.58544247445,13.678581372220446,0.0,2.5873255138589606,0.999999992253029,,
2025-07-10 21:48:00+00:00,buy,0.5908009776425531,116027.9,3,116351.3,68563.10663316314,13.709879350762478,0.0,2.8106961265974566,0.9999999978609687,,
2025-07-10 21:49:00+00:00,buy,0.5904616180583697,116352.3,1,116548.1,68715.30763627742,13.740313464562572,0.0,2.956198781569516,0.9999999987560197,,
2025-07-10 21:50:00+00:00,buy,0.5817748591047738,116440.19233915584,2,116290.6,67755.5248875436,13.54839529844903,0.0,2.630121192096944,0.999999999232073,,
2025-07-10 21:51:00+00:00,sell,0.6130093643024433,116290.7,4,116335.2,,14.257457616257229,0.0,2.626787629620458,0.9999999995224459,71273.03062366988,1.0
2025-07-10 21:52:00+00:00,sell,0.6116988557670042,116440.19233915584,3,116330.9,,14.245266483830303,0.0,2.574624298044681,0.9999999996978159,71212.08715266768,0.0
2025-07-10 21:56:00+00:00,sell,0.6172388652962127,116626.4966468985,2,116616.0,,14.397281290760837,0.0,2.65594551296585,0.9999999999573698,71972.00917251343,1.0
2025-07-10 21:57:00+00:00,buy,0.5928463679933988,116440.19233915584,2,116417.6,69044.95134574467,13.806229023344265,0.0,2.4232970069130357,0.9999999999724016,,
2025-07-10 22:02:00+00:00,buy,0.5846674878051333,116254.18564212843,3,116174.1,67983.63667474808,13.594008533242969,0.0,2.023480914430473,0.9999999999965002,,
2025-07-10 22:08:00+00:00,sell,0.6125594265486491,116440.19233915584,3,116328.1,,14.265307489297543,0.0,1.996839318567297,0.9999999999994733,71312.2721389984,1.0
2025-07-10 22:10:00+00:00,buy,0.5876298175914303,116254.18564212843,3,116280.9,68328.08878830484,13.662885180624842,0.0,1.9074330095146799,0.9999999999997091,,
2025-07-10 22:12:00+00:00,buy,0.5807848391617902,116068.47608039979,4,116113.4,67424.29337435152,13.48216224242182,0.0,1.725833079717898,0.9999999999998183,,
2025-07-10 22:20:00+00:00,sell,0.612162426888724,116254.18564212843,4,116236.2,,14.23328888373152,0.0,1.6790272221510707,0.9999999999996311,71152.21112977387,1.0
2025-07-10 22:23:00+00:00,buy,0.5786365216089245,116068.47608039979,4,116000.0,67174.89155946471,13.432291853522239,0.0,1.4450815990278658,0.999999999998662,,
2025-07-10 22:25:00+00:00,buy,0.5723664076711641,115883.06317931289,5,115880.1,66340.83809639023,13.265514516374772,0.0,1.3256462641382456,0.9999999999965409,,
2025-07-10 22:47:00+00:00,sell,0.6126149780924742,116068.47608039979,5,116172.2,,14.221057386244198,0.0,1.3146566976131293,0.9999999438247529,71091.06587383474,1.0
2025-07-10 23:17:00+00:00,buy,0.5727900702051727,115883.06317931289,5,115869.5,66389.9432276479,13.275333578813818,0.0,0.8186222323944188,0.9996229401656326,,
2025-07-10 23:34:00+00:00,buy,0.5638238154967742,115697.94646496893,6,115666.7,65246.3042725445,13.04665152420406,0.0,0.5544259587801132,0.9933718087193023,,
2025-07-10 23:50:00+00:00,sell,0.6073269122239557,115883.06317931289,6,115934.0,,14.075780587949136,0.0,0.6660519047240907,0.940522818469492,70364.82715915772,1.0
2025-07-11 00:09:00+00:00,sell,0.6102813842018321,116068.47608039979,5,116070.9,,14.166886048908724,0.0,0.6573829725493817,0.8217835812316605,70820.2633584947,1.0
2025-07-11 00:14:00+00:00,buy,0.5742735925135466,115883.06317931289,5,115872.9,66561.892720059,13.309716600691662,0.0,0.45092794231777844,0.7752146396073826,,
2025-07-11 00:16:00+00:00,buy,0.564850844269121,115697.94646496893,6,115652.1,65365.153157489454,13.070416548188254,0.0,0.23848621009268525,0.7303280583779131,,
2025-07-11 00:18:00+00:00,buy,0.5560158728052605,115513.12546422616,7,115471.1,64239.976701710366,12.845426255091056,0.0,0.05850014660148937,0.6722546608721085,,
2025-07-11 00:24:00+00:00,buy,0.5477788790061928,115328.59970469864,8,115320.0,63187.20597780649,12.634914212718753,0.0,-0.13213962213150618,0.3688170775746944,,
2025-07-11 00:29:00+00:00,sell,0.5956600124936052,115513.12546422616,8,115492.7,,13.761309951439271,0.0,-0.005505285079371968,0.06214626263408286,68792.78844724491,1.0
2025-07-11 00:30:00+00:00,buy,0.5523033280344212,115328.59970469864,8,115424.0,63709.10870834151,12.739273886890926,0.0,-0.08356638465465596,0.006355351900947954,,
2025-07-11 00:33:00+00:00,sell,0.5973894143821448,115513.12546422616,8,115526.3,,13.801263674905055,0.0,-0.006542681619065218,-0.10288637385608934,68992.51711085037,1.0
2025-07-11 00:36:00+00:00,sell,0.600234091600083,115697.94646496893,7,115635.4,,13.889170359279134,0.0,0.08135507761845089,-0.13222336049187847,69431.96262603639,1.0
2025-07-11 00:40:00+00:00,buy,0.5227988411459058,115513.12546422616,7,115512.0,60402.20615546503,12.078025625967813,0.0,-0.09423421878966316,-0.16403074807725518,,
2025-07-11 00:56:00+00:00,sell,0.6036396464117348,115697.94646496893,7,115719.9,,13.967973498935535,0.0,-0.016353750677826722,-0.6348140624702608,69825.89952117874,1.0
2025-07-11 01:01:00+00:00,buy,0.39435333817468715,115513.12546422616,7,115576.1,45562.09722713501,9.11059732596181,0.0,-0.3245326154648283,-0.7474627193120323,,
2025-07-11 01:15:00+00:00,sell,0.6032141480733344,115697.94646496893,7,115700.4,,13.958127642140099,0.0,-0.606306638626756,-0.8869392115700624,69776.68008305835,1.0
2025-07-11 01:21:00+00:00,sell,0.6096906482896944,115883.06317931289,6,115942.8,,14.13056398311818,0.0,0.15442684543400328,-0.7865696953152753,70638.68935160778,1.0
2025-07-11 01:48:00+00:00,sell,0.6107688906436282,116068.47608039979,5,116026.7,,14.178202874864455,0.0,0.5656033107083908,0.5921634218325613,70876.8361714474,1.0
2025-07-11 01:54:00+00:00,buy,0.5799348439276949,115883.06317931289,5,115882.2,67218.06708398978,13.440925231751605,0.0,0.0510543744293409,0.7542870623691327,,
2025-07-11 02:15:00+00:00,sell,0.6132219193491593,116068.47608039979,5,116099.9,,14.23514673559095,0.0,1.3189231239345802,0.8969765508617258,71161.49853121916,1.0
2025-07-11 02:20:00+00:00,sell,0.616132235365933,116254.18564212843,4,116268.1,,14.32559025406615,0.0,2.1545102302824604,0.926003939417772,71613.62568007667,1.0
2025-07-11 02:39:00+00:00,sell,0.6191599983241873,116440.19233915584,3,116466.4,,14.419021858715956,0.0,2.5658010871250605,0.9671657762611913,72080.69027172106,1.0
2025-07-11 02:52:00+00:00,sell,0.6210430155129214,116626.4966468985,2,116639.9,,14.48601423325949,0.0,2.6827937756924887,0.988535357462005,72415.58515206419,1.0
2025-07-11 03:10:00+00:00,buy,0.6024742765470003,116440.19233915584,2,116434.8,70166.25108465458,14.030444128105295,0.0,1.490119863844635,0.9982436254704664,,
2025-07-11 03:45:00+00:00,sell,0.6211788981549097,116626.4966468985,2,116622.0,,14.489183736557534,0.0,1.535738645397868,0.9920973846896434,72431.42949905111,1.0
2025-07-11 03:51:00+00:00,sell,0.6216104614289824,116813.09904153354,1,116727.8,,14.522448879231417,0.0,1.7001026595063282,0.9894374303282218,72597.72194727785,0.0
2025-07-11 04:05:00+00:00,buy,0.609726213581615,116626.4966468985,1,116675.8,71124.4542502431,14.222046440760469,0.0,1.3286294863902293,0.9824774308140306,,
2025-07-11 04:48:00+00:00,sell,0.6234988069694074,116813.09904153354,1,116829.9,,14.566565578159079,0.0,1.4125325706320466,0.9158532447777114,72818.26132521723,1.0
2025-07-11 05:05:00+00:00,sell,0.6249049890329441,117000.0,0,117068.4,,14.622776743370892,0.0,1.8912905881296196,0.8917189939002876,73099.26094011108,0.0
2025-07-15 06:02:00+00:00,buy,0.452099758141524,116813.09904153354,0,116923.9,52821.736059204086,10.56223476488784,0.0,-1.3734703887069923,-0.6652010889705511,,
2025-07-15 06:03:00+00:00,sell,0.6241459544702468,117000.0,0,116964.1,,14.605015334603776,0.0,-1.2844465526234732,-0.7069758008793537,73010.47165768428,1.0
2025-07-15 08:53:00+00:00,buy,0.42339854423443085,116806.7,0,116823.6,49465.67789417526,9.891157347365578,0.0,-0.7574570107903575,-0.7839725564338303,,
2025-07-15 09:07:00+00:00,sell,0.6247196850860101,117000.0,0,116990.6,,14.618440631012637,0.0,-0.010735229890836456,-0.6738768154225845,73077.58471443217,0.0
2025-07-15 09:51:00+00:00,buy,0.6186715950742013,116813.09904153354,0,116840.0,72283.40009884813,14.453789261917244,0.0,-0.5119053163981568,0.43097025735871214,,
2025-07-15 10:24:00+00:00,sell,0.625129019692759,117000.0,0,116984.4,,14.628019060810564,0.0,0.7502183704348141,-0.1501614127741638,73125.467284992,1.0
2025-07-15 11:11:00+00:00,buy,0.6193809740225968,116813.09904153354,0,116878.0,72366.2814251557,14.470362212588624,0.0,-0.07642608747788006,0.5954537745823836,,
2025-07-15 11:16:00+00:00,buy,0.6138452209763795,116626.4966468985,1,116552.1,71604.93572943757,14.318123521183278,0.0,-2.3768650247650775,0.5364750741205354,,
2025-07-15 11:21:00+00:00,buy,0.6092354006068236,116440.19233915584,2,116430.4,70953.6751239265,14.18789744529624,0.0,-2.9727256578712002,0.29591881522882224,,
2025-07-15 11:39:00+00:00,sell,0.6248743248520674,116626.4966468985,2,116620.0,,14.575380670418522,0.0,-1.222634386804246,-0.7201954515600439,72862.32797142219,1.0
2025-07-15 11:52:00+00:00,sell,0.6271643522312552,116813.09904153354,1,116903.7,,14.65220231850177,0.0,0.35553628983466623,-0.8853418849890234,73246.35939019035,1.0
2025-07-15 11:53:00+00:00,sell,0.6263406018567128,117000.0,0,116970.2,,14.656370083447081,0.0,0.7285278334755686,-0.8841682679776767,73267.19404715195,1.0
2025-07-15 12:39:00+00:00,buy,0.6212137398136264,116813.09904153354,0,116928.1,72580.41529523354,14.513180422962117,0.0,0.11833094469757743,0.8725397604702728,,
2025-07-15 12:43:00+00:00,buy,0.6162637506726714,116626.4966468985,1,116645.9,71887.05678788168,14.37453645028628,0.0,-1.265397255879399,0.8706946197148788,,
2025-07-15 12:44:00+00:00,buy,0.6119708609981067,116440.19233915584,2,116524.1,71272.25636153047,14.25160095211567,0.0,-1.8451049882087338,0.8595721059677341,,
2025-07-15 12:45:00+00:00,sell,0.626671137975298,116626.4966468985,2,116646.1,,14.617291874356834,0.0,-1.2426463348957264,0.8523728140249889,73071.84207990981,1.0
2025-07-15 12:48:00+00:00,sell,0.6281857976571742,116813.09904153354,1,116874.9,,14.676065959642447,0.0,-0.13213944454729454,0.8514835109088936,73365.65373225258,1.0
2025-07-15 12:50:00+00:00,sell,0.6274336090554387,117000.0,0,116940.0,,14.681946451897264,0.0,0.17967376506836552,0.8534533195041607,73395.05031303443,1.0
2025-07-15 14:42:00+00:00,buy,0.6221226222382843,116813.09904153354,0,116796.0,72686.60590179675,14.534414297499852,0.0,-0.9221058970083884,0.9751894059527603,,
2025-07-15 14:44:00+00:00,sell,0.6281799109203251,117000.0,0,116974.0,,14.699409915535607,0.0,-0.5983125181694627,0.9362532292954532,73482.35016776249,1.0
2025-07-15 14:45:00+00:00,buy,0.6228277577681807,116813.09904153354,0,116836.0,72768.99144210154,14.55088811079815,0.0,-0.8409190821012004,0.9032180032678468,,
2025-07-15 14:51:00+00:00,buy,0.6172818302760164,116626.4966468985,1,116512.7,72005.81559233896,14.398283461775437,0.0,-1.3867509801608258,0.20958580232698207,,
2025-07-15 14:52:00+00:00,buy,0.6039381226107302,116254.18564212843,3,116278.0,70224.37668927082,14.042066924469273,0.0,-1.7830983404805385,-0.03398898367294891,,
2025-07-15 14:54:00+00:00,buy,0.4872063548757385,116068.47608039979,4,116096.0,56560.60900694285,11.309859829422685,0.0,-2.058628005410512,-0.4926915115066488,,
2025-07-15 15:07:00+00:00,sell,0.6256034470818501,116254.18564212843,4,116244.0,,14.545803855081777,0.0,-1.5368204784848536,-0.999304583793712,72714.47347155379,1.0
2025-07-15 16:06:00+00:00,sell,0.6303097360291539,116813.09904153354,1,116797.1,,14.725686724323282,0.0,-0.46638792703698706,-0.9997045304715282,73613.70793489208,1.0
2025-07-15 16:09:00+00:00,sell,0.6320176833861261,117000.0,0,117055.3,,14.789213791235351,0.0,-0.11092852124871949,-0.9991827410624469,73931.27974238551,1.0
2025-07-15 18:27:00+00:00,buy,0.6226378760325181,116813.09904153354,0,116826.1,72746.80633197262,14.546451975999325,0.0,-0.19638896479172419,0.6108211581692999,,
2025-07-15 18:31:00+00:00,buy,0.6166693919122556,116626.4966468985,1,116538.0,71934.37476625323,14.383998153619922,0.0,-0.7721277574921099,0.29100126248866165,,
2025-07-15 18:36:00+00:00,buy,0.5521526505838191,116440.19233915584,2,116200.6,64305.61938672151,12.858552166910922,0.0,-1.441296438401257,-0.23244947882154687,,
2025-07-15 18:38:00+00:00,buy,0.48342427632984797,116068.47608039979,4,116263.1,56121.54111768631,11.222063810775108,0.0,-1.2860412739096576,-0.5108686268318336,,
2025-07-15 18:39:00+00:00,sell,0.6264269190796541,116263.0,4,116249.8,,14.566054578591567,0.0,-1.3023369956260493,-0.60989561804716,72815.70683837924,1.0
2025-07-15 18:41:00+00:00,buy,0.4204498786781318,116068.47608039979,4,116077.9,48810.73688169701,9.760195337271949,0.0,-1.6280321774844202,-0.7650380624580823,,
2025-07-15 18:42:00+00:00,sell,0.6266455570739494,116254.18564212843,4,116244.1,,14.57003378477798,0.0,-1.2795783333338377,-0.8158236203593322,72835.59889010512,1.0
2025-07-15 18:43:00+00:00,sell,0.6300553675733112,116440.19233915584,3,116540.9,,14.672753636910775,0.0,-0.6730814025686456,-0.8465001177853729,73349.09543091696,1.0
2025-07-15 18:45:00+00:00,sell,0.6289912966327352,116626.4966468985,2,116572.0,,14.671410269533206,0.0,-0.6005985526572858,-0.9014465707042029,73342.3799373965,1.0
2025-07-15 18:51:00+00:00,sell,0.6288482288551875,116813.09904153354,1,116664.0,,14.691542087870797,0.0,-0.4070911062014319,-0.962503268764829,73443.01889726611,1.0
2025-07-15 19:02:00+00:00,sell,0.6297420959148766,117000.0,0,116968.1,,14.735965044408115,0.0,0.14760877611631734,-0.9858065441501169,73665.08925699616,1.0
2025-07-15 19:45:00+00:00,buy,0.4301417559554251,116440.19233915584,2,116384.2,50095.80595431124,10.017157759310386,0.0,-1.8192463511574202,-0.7935793578679904,,
2025-07-15 21:13:00+00:00,buy,0.43176277664159946,116771.9,0,116812.5,50427.84332967072,10.083551955543037,0.0,-0.01018555232622701,-0.7782325192933338,,
2025-07-15 21:18:00+00:00,sell,0.6315238504882594,117000.0,0,117000.1,,14.77765810142527,0.0,0.5258549725600592,-0.5436220839270033,73873.51284902493,0.0
2025-07-21 01:39:00+00:00,buy,0.5886427666682834,116813.09904153354,0,116813.8,68774.93804006508,13.752237160580902,0.0,-1.4216256968929162,-0.15952540883410424,,
2025-07-21 01:46:00+00:00,sell,0.631911034446377,117000.0,0,116991.9,,14.786718206045222,0.0,-0.8307620988811085,-0.22560640776955676,73918.80431202006,1.0
2025-07-22 01:15:00+00:00,buy,0.4328510673997505,116813.09904153354,0,116700.1,50572.787141321845,10.112534921280114,0.0,-3.8206296463118314,-0.7802359520827581,,
2025-07-22 01:20:00+00:00,sell,0.6321587789109461,117000.0,0,116979.4,,14.792515426516138,0.0,-1.705759195055681,-0.9072597783200416,73947.78461715418,1.0
2025-07-22 03:17:00+00:00,buy,0.43856715210326225,116813.09904153354,0,116805.9,51240.63425263668,10.246077635000336,0.0,-2.0377230349998534,-0.7630903714712731,,
2025-07-22 03:26:00+00:00,sell,0.6326220830773165,117000.0,0,117016.0,,14.803356744009207,0.0,-1.1030888627874962,-0.9356136792515696,74001.98036330202,1.0
2025-07-22 04:48:00+00:00,buy,0.5434738967536789,116813.09904153354,0,116866.2,63497.56710200126,12.696974025595134,0.0,-1.1973743137631143,-0.3535403228340567,,
2025-07-22 04:59:00+00:00,buy,0.45104886798354304,116626.4966468985,1,116566.7,52614.770139327935,10.520849857894008,0.0,-2.0356581994327883,-0.7092800484720253,,
2025-07-22 05:00:00+00:00,sell,0.6344030194065704,116626.4966468985,2,116750.3,,14.797640323120534,0.0,-1.4338316557742856,-0.7314706618758302,73973.40397527955,1.0
2025-07-22 05:04:00+00:00,sell,0.4327578921392248,116813.09904153354,1,116816.0,,10.110358103092912,0.0,-1.1934492576932358,-0.8021645966358862,50541.680157361465,1.0
2025-07-25 05:24:00+00:00,buy,0.44329733233675794,115697.94646496893,6,115657.8,51298.848742966715,10.257718204952354,0.0,-0.7548710429953667,-0.7658837414929195,,
2025-07-25 05:31:00+00:00,buy,0.49935772113889815,115513.12546422616,7,115512.1,57693.90756766629,11.536474218689522,0.0,-0.8953961745596002,-0.539683867561736,,
2025-07-25 07:17:00+00:00,sell,0.6397996737681061,115818.9,7,115764.0,,14.82017888723618,0.0,1.0045871795192387,-0.922167908486057,74086.07425729366,1.0
2025-07-25 07:32:00+00:00,buy,0.4937649250785882,115513.12546422616,7,115517.2,57047.73700638528,11.407265948087439,0.0,0.1556292534230121,-0.5671111485198638,,
2025-07-25 07:34:00+00:00,buy,0.4989758366023749,115328.59970469864,8,115294.0,57557.69375873677,11.509236904366482,0.0,-0.8009371482169814,-0.5372599558658286,,
2025-07-25 07:49:00+00:00,buy,0.4773203155508755,115144.36871475504,9,115189.0,54971.738558115,10.992149281766647,0.0,-1.1592201286153947,-0.6135730059217013,,
2025-07-25 07:50:00+00:00,sell,0.6406763090746765,115189.2,10,115183.9,,14.759798300252946,0.0,-1.172252384834223,-0.6228351025285268,73784.23170296448,0.0
2025-07-25 07:52:00+00:00,buy,0.4657225099280654,114960.43202351741,10,114971.5,53550.368876596156,10.707932188881456,0.0,-2.0210830057075726,-0.6613961757194823,,
2025-07-25 07:53:00+00:00,buy,0.45414320702332733,114776.78916086003,11,114792.2,52135.52414117753,10.42501982427065,0.0,-2.708422624517969,-0.6972120407001575,,
2025-07-25 07:57:00+00:00,sell,0.6415795141051044,114960.43202351741,11,115048.0,,14.751251623792237,0.0,-1.5470766495260169,-0.7908315000367526,73741.50686733739,1.0
2025-07-25 07:58:00+00:00,sell,0.6415209398591861,115144.36871475504,10,115224.5,,14.773504727476464,0.0,-0.8627271080784757,-0.7885634192672429,73852.75013265484,1.0
2025-07-25 07:59:00+00:00,sell,0.640552580080051,115328.59970469864,9,115324.1,,14.774806419572826,0.0,-0.47778948830052426,-0.7805790169249406,73859.25729144455,1.0
2025-07-25 08:00:00+00:00,sell,0.1284528307717635,115513.12546422616,8,115544.1,,2.967597591434746,0.0,0.36657683910327993,-0.7485984154337002,14835.020359582295,1.0
2025-07-25 08:11:00+00:00,buy,0.5796621959314836,115328.59970469864,8,115264.6,66864.99968440036,13.370325871705733,0.0,-0.7398861996525675,-0.23782817785317417,,
2025-07-25 08:13:00+00:00,sell,0.5796621959314836,115513.12546422616,8,115652.1,,13.391718393100463,0.0,0.7495016463895923,-0.15973248580731367,66945.20024710921,2.0
2025-07-25 08:20:00+00:00,buy,0.5829890433013253,115699.9,5,115914.5,67465.2643658612,13.4903548022118,0.0,1.7241252766711663,-0.21545669437186651,,
2025-07-25 08:21:00+00:00,sell,0.5829890433013253,115914.6,6,115897.9,,13.51538835173116,0.0,1.6436309320729205,-0.16981582795905978,67563.42637030406,1.0
2025-07-25 08:30:00+00:00,buy,0.6395221257718608,115697.94646496893,6,115621.1,74006.19495005002,14.798279334143178,0.0,0.48560192374220684,0.0454704466259656,,
2025-07-25 08:31:00+00:00,sell,0.6393584213205317,115697.94646496893,7,115673.7,,14.794491280373986,0.0,0.687791201975654,0.059523706549059745,73957.66191058955,1.0
2025-07-25 08:33:00+00:00,buy,0.640384056234408,115513.12546422616,7,115510.6,73987.55838586185,14.794552766619047,0.0,0.05584638059676279,0.08524008074814061,,
2025-07-25 08:36:00+00:00,buy,0.6364692882621656,115328.59970469864,8,115266.3,73417.79239267582,14.680622354064353,0.0,-0.8796303976142158,0.12081667534565735,,
2025-07-25 08:41:00+00:00,buy,0.6320622317122608,115144.36871475504,9,115099.1,72792.9623402793,14.5556813317895,0.0,-1.493379869591404,0.042680819398366335,,
2025-07-25 08:47:00+00:00,sell,0.6424589612190565,115328.59970469864,9,115454.0,,14.818778473025818,0.0,-0.030294329685586863,0.032463748777445414,74079.07358665606,1.0
2025-07-25 08:48:00+00:00,sell,0.6415875150280766,115513.12546422616,8,115551.9,,14.82235582394386,0.0,0.37040349457229416,0.07671467955972983,74096.95676389536,2.0
2025-07-25 08:51:00+00:00,buy,0.637662243784127,115328.59970469864,8,115306.8,73555.40179891157,14.708138732035907,0.0,-0.6008311396316895,0.16451041752579865,,
2025-07-25 08:59:00+00:00,buy,0.63376193723781,115144.36871475504,9,115192.1,72988.71300232358,14.59482363573757,0.0,-1.0498478901520738,0.42179333716529693,,
2025-07-25 09:05:00+00:00,sell,0.641404262410738,115328.59970469864,9,115259.3,,14.7944510856911,0.0,-0.6959985647043113,0.09755516689228504,73957.4609773698,1.0
2025-07-25 09:06:00+00:00,buy,0.6336349316231709,115144.36871475504,9,115096.0,72974.08609620645,14.591898839473396,0.0,-1.4480446618796377,0.03546930769983736,,
2025-07-25 09:14:00+00:00,sell,0.6425427774067665,115328.59970469864,9,115324.0,,14.820711753738053,0.0,-0.31320100529174305,-0.3617203563553957,74088.73805693652,1.0
2025-07-25 09:21:00+00:00,sell,0.6427655805879618,115513.12546422616,8,115518.8,,14.849572230908683,0.0,0.623188272888445,-0.5764642959883018,74233.01158231251,2.0
2025-07-25 09:24:00+00:00,sell,0.603379296652672,115697.94646496893,7,115684.8,,13.961949112438292,0.0,1.4007915273500717,-0.6180849775785682,69795.78361307902,1.0
2025-07-25 09:25:00+00:00,buy,0.4804721187566949,115513.12546422616,7,115552.0,55511.93630323187,11.100167227200934,0.0,0.7862400755096569,-0.6324201809684197,,
2025-07-25 09:27:00+00:00,sell,0.4804721187566949,115697.94646496893,7,115699.9,,11.117927494764457,0.0,1.4772422308070274,-0.633453416381237,55578.519546327516,1.0
2025-07-25 09:47:00+00:00,buy,0.643535068865432,115513.12546422616,7,115500.1,74351.61449991216,14.867349430096414,0.0,0.4351534944687561,0.3740872658688635,,
2025-07-25 09:55:00+00:00,sell,0.643535068865432,115697.94646496893,7,115870.5,,14.891137189184569,0.0,1.983219289221945,0.540915320065573,74440.79480873366,2.0
2025-07-25 10:01:00+00:00,buy,0.6409361728154711,116017.1,4,116097.9,74374.42796636082,14.871911211029959,0.0,2.70938821903698,0.831484816945054,,
2025-07-25 10:02:00+00:00,buy,0.6367899455074835,116097.9,3,116296.7,73944.76140961616,14.785995082906652,0.0,3.399822833073178,0.8728032280108639,,
2025-07-25 10:03:00+00:00,sell,0.6408974980724419,116296.7,4,116224.0,,14.90685281281627,0.0,3.0472020671601983,0.9011182404371539,74519.35721126854,0.0
2025-07-25 10:09:00+00:00,sell,0.6368286202505126,116102.1,5,116095.6,,14.787428030237407,0.0,2.301783072373011,0.9739800851335314,73922.3527231568,0.0
2025-07-25 10:10:00+00:00,buy,0.6415959156812014,116068.47608039979,4,115994.0,74483.95400456424,14.893812038505148,0.0,1.9209939978335733,0.9784703032611128,,
2025-07-25 10:20:00+00:00,sell,0.6410204832474931,116254.18564212843,4,116222.0,,14.90426285197219,0.0,2.322858553564242,0.996253542359214,74506.40999700897,1.0
2025-07-25 10:27:00+00:00,buy,0.6420731801346259,116068.47608039979,4,116163.9,74539.36044143212,14.90489111006441,0.0,1.9348911653587768,0.9975423712647297,,
2025-07-25 10:33:00+00:00,sell,0.6417526123286742,116254.18564212843,4,116294.8,,14.921285465995714,0.0,2.1602048998194103,0.9976210165778107,74591.50604451257,2.0
2025-07-25 10:45:00+00:00,buy,0.6405026690843321,116399.9,2,116464.0,74569.35752047558,14.910889326229869,0.0,2.2304497079130616,0.998955218391749,,
2025-07-25 10:46:00+00:00,sell,0.640247525714929,116464.1,3,116347.5,,14.913170371923215,0.0,1.9140304035154987,0.9990604144988356,74550.93868924415,0.0
2025-07-25 10:58:00+00:00,buy,0.6415855563000544,116254.18564212843,3,116292.5,74601.92376868826,14.917401273482954,0.0,1.5293852060988762,0.9995836696173207,,
2025-07-25 11:04:00+00:00,sell,0.6412344948178742,116440.19233915584,3,116470.7,,14.933093582218941,0.0,1.8345032449699363,0.9993762340539221,74650.53481751248,1.0
2025-07-25 11:08:00+00:00,buy,0.6400170784770041,116514.7,1,116616.1,74586.3121732033,14.914279578724917,0.0,2.0785602571744595,0.9993252162261118,,
2025-07-25 11:22:00+00:00,sell,0.6403128926094457,116626.4966468985,2,116621.5,,14.935489884576278,0.0,1.8088896874734541,0.999097846521729,74662.51393299681,0.0
2025-07-25 12:05:00+00:00,buy,0.641265760968476,116440.19233915584,2,116451.9,74684.04236939401,14.933821709536895,0.0,0.9070822980846925,0.9953828468610678,,
2025-07-25 12:24:00+00:00,buy,0.6375497039892524,116254.18564212843,3,116250.9,74132.64520797931,14.823564328730116,0.0,0.39646773334719093,0.9564358233275272,,
2025-07-25 12:32:00+00:00,buy,0.6334603281533028,116068.47608039979,4,116100.0,73539.47990113305,14.704954989228765,0.0,0.07318837405542186,0.8199454169457062,,
2025-07-25 12:36:00+00:00,sell,0.641369339446821,116254.18564212843,4,116188.0,,14.912374050644003,0.0,0.2238517992050429,0.6299190281758811,74546.95787916936,2.0
2025-07-25 12:38:00+00:00,buy,0.6337163037827364,116068.47608039979,4,116060.0,73569.19654449538,14.710897129473182,0.0,-0.041432207877900314,0.48660018541929584,,
2025-07-25 12:42:00+00:00,sell,0.6427123210538417,116254.18564212843,4,116272.6,,14.943599497255313,0.0,0.35880325976917393,0.24271757199607824,74703.05388677931,2.0
2025-07-25 12:45:00+00:00,sell,0.6428266706965893,116440.19233915584,3,116462.1,,14.97017223533001,0.0,0.7285859474021615,0.1978873720549931,74835.8910044147,2.0
2025-07-25 12:48:00+00:00,buy,0.6395550712478282,116254.18564212843,3,116382.0,74365.82417200593,14.870190796241939,0.0,0.541986784772848,0.11971846642621325,,
2025-07-25 12:49:00+00:00,sell,0.6433573953170926,116440.19233915584,3,116469.9,,14.982531770708116,0.0,0.7213549247512233,0.09634941775202968,74897.67632176986,2.0
2025-07-25 12:52:00+00:00,buy,0.6345586051875111,116254.18564212843,3,116243.5,73784.84790705665,14.7540187776558,0.0,0.21976796014613598,-0.01970546894652677,,
2025-07-25 12:55:00+00:00,buy,0.5838541541724607,116068.47608039979,4,116046.1,67780.61534039391,13.553412385601662,0.0,-0.23616058755824845,-0.20214984198290947,,
2025-07-25 13:31:00+00:00,sell,0.6425168935454162,115971.2,6,115904.1,,14.902691032946835,0.0,-1.243076716602482,-0.8947384287752181,74498.55247370123,1.0
2025-07-25 13:33:00+00:00,sell,0.6431647434206376,116440.19233915584,3,116462.0,,14.978045285932572,0.0,0.6782052353847544,-0.8698144108405733,74875.24838437693,2.0
2025-07-25 13:37:00+00:00,sell,0.5492189549799711,116517.9,4,116136.8,,12.798767854892155,0.0,-0.49785370865706613,-0.7993940601621798,63981.04050660588,1.0
2025-07-25 13:38:00+00:00,buy,0.44014338858338026,116068.47608039979,4,116028.0,51096.98972421013,10.217354473947237,0.0,-0.8904375423196377,-0.7944534857665252,,
2025-07-25 13:40:00+00:00,buy,0.4388302580385428,115883.06317931289,5,115822.1,50863.16511617808,10.170598903454927,0.0,-1.6369808252456177,-0.7933024775688792,,
2025-07-25 13:53:00+00:00,sell,0.6454245679343465,116068.47608039979,5,116054.0,,14.982689204998016,0.0,-0.939662791463453,-0.9460577245500885,74898.46333578507,1.0
2025-07-25 16:01:00+00:00,buy,0.4772775358684169,115697.94646496893,6,115685.9,55231.074799995156,11.044006158767278,0.0,-0.28608251488267405,-0.6516260239609577,,
2025-07-25 16:08:00+00:00,buy,0.6269270170108108,115872.0,5,115858.8,72657.81597253968,14.528657463015334,0.0,0.16572507664629135,-0.05904818418017582,,
2025-07-25 16:11:00+00:00,sell,0.6465646940747936,115883.06317931289,6,115879.9,,14.985179458596482,0.0,0.23766537753345582,0.17034761153967773,74910.91211352381,1.0
2025-07-25 16:19:00+00:00,buy,0.6425227190231243,115697.94646496893,6,115696.0,74353.42685989333,14.867711829612743,0.0,-0.16571413310918745,0.5303996450677777,,
2025-07-25 16:23:00+00:00,buy,0.6378000070786626,115513.12546422616,7,115466.7,73689.00709320964,14.734854447752378,0.0,-0.7336122564095712,0.5568485760712868,,
2025-07-25 16:26:00+00:00,sell,0.6482006641849513,115697.94646496893,7,115780.0,,14.999097148685559,0.0,0.10985796260234176,0.5593782120840554,74980.48664627911,2.0
2025-07-25 16:31:00+00:00,sell,0.6469665956571927,115883.06317931289,6,115803.7,,14.99449417588949,0.0,0.20341869330271628,0.6305278333849885,74957.47638527156,1.0
2025-07-25 16:33:00+00:00,buy,0.6434462982905852,115697.94646496893,6,115660.1,74460.3044557811,14.889083074541311,0.0,-0.17888717655162792,0.6417975625408701,,
2025-07-25 16:42:00+00:00,sell,0.6474635840015903,115883.06317931289,6,115805.7,,15.00601268223213,0.0,0.26360549133025374,0.77662409565332,75015.05739847841,1.0
2025-07-25 16:50:00+00:00,sell,0.6471391781884471,116068.47608039979,5,115949.6,,15.022491644851073,0.0,0.7501017853932304,0.897390973589219,75097.43573261051,0.0
2025-07-25 17:06:00+00:00,buy,0.6463327098454792,116239.7,3,116332.9,75144.54619668407,15.025904058525109,0.0,1.850393129750269,0.956794492899292,,
2025-07-25 17:08:00+00:00,sell,0.6464360834857377,116260.1,4,116250.6,,15.030944741932045,0.0,1.5972970630474241,0.9606681021676043,75139.69276491829,2.0
2025-07-25 17:20:00+00:00,buy,0.647236732872702,116068.47608039979,4,116035.9,75138.80600404089,15.024756249558266,0.0,0.9272855812070696,0.9790561150366586,,
2025-07-25 17:25:00+00:00,sell,0.646960398131099,116254.18564212843,4,116255.9,,15.042370845487621,0.0,1.53428997310738,0.9868107031905868,75196.81185659261,2.0
2025-07-25 17:32:00+00:00,buy,0.6477249435666045,116068.47608039979,4,116072.0,75195.48320846255,15.036089423807748,0.0,1.003154999023789,0.9888165442328268,,
2025-07-25 17:35:00+00:00,buy,0.6441692984213471,115883.06317931289,5,115941.1,74663.24116943605,14.929662301426927,0.0,0.6727458540110236,0.9893179735017404,,
2025-07-25 17:38:00+00:00,sell,0.6475591444145957,116068.47608039979,5,115954.9,,15.032240612825932,0.0,0.7287384610943983,0.9896188442603061,75146.17082351683,1.0
2025-07-25 18:07:00+00:00,sell,0.647961170703588,116254.18564212843,4,116266.5,,15.06563964557316,0.0,1.4661471247048792,0.9566302729396441,75313.13258822022,2.0
2025-07-25 18:22:00+00:00,sell,0.021734827823313818,116440.19233915584,3,116478.7,,0.5061615064410194,0.0,1.7919232142140582,0.9421497353647953,2530.301370698656,1.0
2025-08-01 02:19:00+00:00,buy,0.4590028534667622,115669.5,6,115695.7,53103.24908518546,10.61852611181473,0.0,0.11556808230720808,-0.7372337361973353,,
2025-08-01 02:38:00+00:00,buy,0.6477101373656818,115882.7,5,115954.9,75073.41121521317,15.011679907061222,0.0,0.84702278743174,0.5733641582346817,,
2025-08-01 02:45:00+00:00,sell,0.6505299079763671,115900.0,6,115918.0,,15.079283266892192,0.0,0.7841414745891677,0.8391101112190528,75381.33705119406,0.0
2025-08-01 03:50:00+00:00,buy,0.6480692240982168,115697.94646496893,6,115712.8,74995.2744509885,14.996055679061888,0.0,0.41454900730360694,0.9495823690105781,,
2025-08-01 04:02:00+00:00,buy,0.6439623332084845,115513.12546422616,7,115533.9,74400.97901050551,14.877220358029497,0.0,-0.08421989033741914,0.7529903840212147,,
2025-08-01 04:10:00+00:00,buy,0.6390428478577238,115328.59970469864,8,115330.4,73714.656778093,14.739983358946812,0.0,-0.6372497974840885,0.3965089341898563,,
2025-08-01 04:27:00+00:00,sell,0.6517700634550345,115513.12546422616,8,115555.9,,15.057599422741609,0.0,0.05141165788472466,-0.6254924543755142,75272.9395142853,2.0
2025-08-01 04:58:00+00:00,sell,0.6516594651584091,115697.94646496893,7,115679.9,,15.07913238265758,0.0,0.3689997646971271,-0.8538347000999739,75380.58278090524,2.0
2025-08-01 05:09:00+00:00,sell,0.6518737212978415,115883.06317931289,6,115897.7,,15.108224726018314,0.0,0.9993695882822432,-0.5587646968343549,75526.01540536554,1.0
2025-08-01 05:17:00+00:00,buy,0.6259806694685409,115697.94646496893,6,115628.7,72439.16291987352,14.484935596855331,0.0,0.029941468697217408,-0.09036595333917036,,
2025-08-01 05:19:00+00:00,buy,0.6288817187415907,115513.12546422616,7,115476.0,72658.62169773139,14.528818575831114,0.0,-0.5604678017611044,-0.06398561382025633,,
2025-08-01 05:40:00+00:00,sell,0.6533859346764513,115697.94646496893,7,115763.5,,15.119082178231952,0.0,0.44247159409167985,0.1355820800134246,75580.29180898152,2.0
2025-08-01 05:44:00+00:00,buy,0.6462207197267508,115513.12546422616,7,115506.3,74661.90447039377,14.92939501507574,0.0,-0.7210477203538966,0.15081918888417178,,
2025-08-01 06:29:00+00:00,buy,0.46100924802392823,115328.59970469864,8,115258.0,53178.18453572086,10.633510205103152,0.0,-2.094536081185454,-0.7016024790666703,,
2025-08-01 06:36:00+00:00,buy,0.4342581333401344,115144.36871475504,9,115181.9,50012.379098422236,10.00047572453954,0.0,-2.2526523772412075,-0.7981038705122481,,
2025-08-01 09:31:00+00:00,sell,0.6519828796725017,115328.59970469864,9,115304.2,,15.03845450881333,0.0,0.7452540646370917,0.34820680132754467,75177.23408955784,1.0
2025-08-01 09:34:00+00:00,buy,0.639604386695438,115144.36871475504,9,115169.3,73661.57270190092,14.729368666646854,0.0,0.38681511863319235,0.5847684354172946,,
2025-08-01 09:59:00+00:00,buy,0.6336259385935086,114960.43202351741,10,114951.8,72856.48002434487,14.568382328403294,0.0,-0.10644178722762893,0.9528516202471616,,
2025-08-01 10:14:00+00:00,sell,0.6521419786668273,115144.36871475504,10,115162.0,,15.018095289196616,0.0,0.7619865756445047,0.9150419670997597,75075.45835069388,1.0
2025-08-01 10:35:00+00:00,buy,0.6343638345393288,114960.43202351741,10,114961.2,72941.3258268321,14.585348095747271,0.0,0.12334112141133505,0.6305987258984987,,
2025-08-01 10:51:00+00:00,buy,0.6281002607322953,114776.78916086003,11,114772.7,72105.74946419147,14.418266239590377,0.0,-0.5859808694344208,0.07796599826836009,,
2025-08-01 11:13:00+00:00,sell,0.650751088277359,114960.43202351741,11,114961.8,,14.962125249627862,0.0,0.35678041683948264,-0.6425893034075332,74795.66412288968,1.0
2025-08-01 11:19:00+00:00,buy,0.44933848522349856,114776.78916086003,11,114836.1,51583.943306073794,10.314725716071544,0.0,-0.16424225098948836,-0.7164084490238382,,
2025-08-01 11:27:00+00:00,sell,0.6526738322337741,114960.43202351741,11,115044.1,,15.006333144807877,0.0,0.7271148803776051,-0.7540212736989922,75016.65939089458,1.0
2025-08-01 11:34:00+00:00,sell,0.6528527077603528,115144.36871475504,10,115143.9,,15.034462579756857,0.0,1.1037525491046947,-0.6522054993270529,75157.27843620452,1.0
2025-08-01 11:49:00+00:00,sell,0.6536753032097021,115328.59970469864,9,115300.0,,15.07749147614385,0.0,1.592478118500447,-0.07894314687486026,75372.37988924311,1.0
2025-08-01 12:09:00+00:00,sell,0.6543773905733931,115513.12546422616,8,115493.9,,15.117835523651456,0.0,2.004604836608339,0.9129271285754921,75574.05978273363,2.0
2025-08-01 12:17:00+00:00,buy,0.648364823799154,115328.59970469864,8,115335.9,74789.96222798542,14.955001445308023,0.0,1.2835059241010003,0.9591647327443349,,
2025-08-01 12:30:00+00:00,sell,0.6555023534883108,115513.12546422616,8,115566.0,,15.143825120118153,0.0,2.0664268652710014,0.9771669316419433,75703.98177547065,2.0
2025-08-01 12:31:00+00:00,sell,0.654642961980881,115697.94646496893,7,115651.9,,15.148169273786532,0.0,2.372511924683858,0.9790616213329143,75725.69819965887,2.0
2025-08-01 12:44:00+00:00,sell,0.3297160264538319,115883.06317931289,6,115881.2,,7.6417006249562816,0.0,2.9833320717732223,0.992399280034792,38200.86142415645,1.0
2025-08-01 12:45:00+00:00,buy,0.6550944194819444,115697.94646496893,6,115760.0,75808.23769053684,15.158615814944381,0.0,2.484249286454247,0.9929642631876366,,
2025-08-01 12:46:00+00:00,sell,0.6544896377026641,115883.06317931289,6,115846.1,,15.168852807220686,0.0,2.760328695049477,0.9935666305501657,75829.0951832962,2.0
2025-08-01 12:50:00+00:00,buy,0.6555811240837548,115697.94646496893,6,115644.0,75864.55967564596,15.169877959537285,0.0,1.870730078302383,0.9947562564575668,,
2025-08-01 12:54:00+00:00,sell,0.655110209249592,115883.06317931289,6,115882.8,,15.18323555357667,0.0,2.586547683183749,0.9955945113943341,75900.99453232977,1.0
2025-08-01 12:56:00+00:00,buy,0.6560693613116106,115697.94646496893,6,115674.1,75921.05901790554,15.181175568467417,0.0,1.8087176327099597,0.9959144840611621,,
2025-08-01 13:09:00+00:00,sell,0.6555663749447915,115883.06317931289,6,115872.9,,15.19380792919208,0.0,2.1359133462942648,0.9966826427853036,75953.84583803121,2.0
2025-08-01 13:20:00+00:00,buy,0.6565574630866606,115697.94646496893,6,115654.1,75977.54268541935,15.192470043075257,0.0,1.2112269355685306,0.997486462556493,,
2025-08-01 13:30:00+00:00,buy,0.6527462725915123,115513.12546422616,7,115508.0,75415.84223458575,15.080152416433867,0.0,0.7156816648270237,0.9969087448031743,,
2025-08-01 13:33:00+00:00,buy,0.6488220740668975,115328.59970469864,8,115396.0,74842.7068078855,14.965548251926714,0.0,0.39150766816621085,0.9945454792099753,,
2025-08-01 13:35:00+00:00,sell,0.6580743026091909,115513.12546422616,8,115580.2,,15.203243896415719,0.0,0.9038628204995257,0.992807969129013,76001.01623818219,2.0
2025-08-01 13:39:00+00:00,buy,0.6487263732369845,115328.59970469864,8,115304.6,74831.6675577725,14.963340843385822,0.0,0.11057875873080579,0.9873149607347739,,
2025-08-01 13:44:00+00:00,buy,0.6422128149110118,115144.36871475504,9,114988.7,73961.97859128496,14.789437830690854,0.0,-0.7806620630370621,0.9580534338899731,,
2025-08-01 13:45:00+00:00,buy,0.6369518626184039,114960.43202351741,10,114870.2,73238.90615705677,14.644852260959164,0.0,-1.1085046070868945,0.9427483035040403,,
2025-08-01 13:46:00+00:00,buy,0.6331009519723909,114776.78916086003,11,114840.5,72679.8275409713,14.533058896414977,0.0,-1.185577832500888,0.9199626420822024,,
2025-08-01 13:47:00+00:00,sell,0.6517437590597494,114960.43202351741,11,114810.1,,14.984948822028004,0.0,-1.2633621698785547,0.8880077330586048,74909.75916131798,1.0
2025-08-01 13:48:00+00:00,buy,0.630021551261056,114776.78916086003,11,114630.0,72326.31312603937,14.462370151177641,0.0,-1.7502173031130908,0.8369654827067143,,
2025-08-01 13:49:00+00:00,buy,0.6232665343992734,114593.43965740818,12,114473.7,71436.54045136509,14.284451200033011,0.0,-2.157099275373162,0.760991067059734,,
2025-08-01 13:51:00+00:00,buy,0.621350101445481,114410.38304453691,13,114532.3,71103.12089176157,14.217780622227869,0.0,-1.9525598319147515,0.5570942316798357,,
2025-08-01 13:53:00+00:00,buy,0.6092645986029647,114227.61885436991,14,114188.1,69608.76331955026,13.918968870136027,0.0,-2.783720735678202,0.16178785008537572,,
2025-08-01 13:54:00+00:00,sell,0.6449510740092057,114227.61885436991,15,114320.0,,14.734245092328015,0.0,-2.4017722532012726,-0.06330996437235997,73656.49121654774,0.0
2025-08-01 13:55:00+00:00,sell,0.6481520648770049,114410.38304453691,14,114488.1,,14.831065202737134,0.0,-1.9442437497147722,-0.247600371853399,74140.49494848293,1.0
2025-08-01 14:06:00+00:00,sell,0.6491113430633324,114593.43965740818,13,114586.0,,14.876780304453433,0.0,-1.455794071229745,-0.9799988778563681,74369.02474196271,1.0
2025-08-01 14:08:00+00:00,sell,0.65224751534619,114776.78916086003,12,114792.9,,14.972575109916894,0.0,-0.961999857579382,-0.9879041716301936,74847.90297447455,1.0
2025-08-01 14:10:00+00:00,sell,0.6563191862742949,114960.43202351741,11,115104.5,,15.09014743988327,0.0,-0.23823203202978813,-0.9914954048765293,75435.64705197646,1.0
2025-08-01 14:11:00+00:00,sell,0.6537668870418527,115144.36871475504,10,115036.0,,15.055515099008941,0.0,-0.39569814256118346,-0.9929291392063754,75262.51997994569,1.0
2025-08-01 14:20:00+00:00,sell,0.6566339582934455,115328.59970469864,9,115408.0,,15.145734985707314,0.0,0.46225874971990444,-0.9969208859756191,75713.52919355086,1.0
2025-08-01 14:26:00+00:00,sell,0.6562986354948517,115513.12546422616,8,115583.7,,15.162221324783449,0.0,0.8449490190182073,-0.9959921006709695,75795.94440259245,2.0
2025-08-01 14:28:00+00:00,sell,0.4773005551037801,115697.94646496893,7,115697.0,,11.044538814419422,0.0,1.090777437462942,-0.9951793263877916,55211.64953328268,1.0
2025-08-01 14:50:00+00:00,buy,0.47012910440225714,115432.0,7,115466.2,54278.79636791722,10.85358855587227,0.0,0.410350055725615,-0.7088989898794313,,
2025-08-01 14:54:00+00:00,sell,0.47012910440225714,115697.94646496893,7,115635.9,,10.878594390551228,0.0,0.7693436371165507,-0.11480950904191198,54382.093358365586,1.0
2025-08-01 15:01:00+00:00,buy,0.6567601748198506,115513.12546422616,7,115466.6,75879.59335796729,15.172884094774503,0.0,0.3318074892936843,0.795989346813319,,
2025-08-01 15:05:00+00:00,buy,0.6528522930334164,115328.59970469864,8,115296.3,75307.59927769941,15.058508153909102,0.0,-0.09673041631355468,0.9279977947763495,,
2025-08-01 15:09:00+00:00,buy,0.648547114651376,115144.36871475504,9,115144.4,74691.48340792822,14.935309619661712,0.0,-0.49338902259815465,0.9505483801630683,,
2025-08-01 15:11:00+00:00,sell,0.6577840669362528,115328.59970469864,9,115350.0,,15.172263069563959,0.0,-0.0032191014335311006,0.9498968542272523,75846.14308475023,1.0
2025-08-01 15:14:00+00:00,buy,0.6489552138427962,115144.36871475504,9,115124.0,74738.48312976205,14.944707684415528,0.0,-0.5682902976648962,0.942777386133815,,
2025-08-01 15:17:00+00:00,buy,0.6431013736342763,114960.43202351741,10,114869.6,73945.99799026348,14.78624234958278,0.0,-1.2004038193357767,0.9287715510292186,,
2025-08-01 15:18:00+00:00,buy,0.6378472632886969,114776.78916086003,11,114736.1,73224.70286748941,14.64201217106367,0.0,-1.5282810269450555,0.9133653354549732,,
2025-08-01 15:27:00+00:00,sell,0.6550991116845859,114960.43202351741,11,114867.9,,15.062095379496498,0.0,-1.1835303417005894,0.5286127670132089,75295.41480210298,1.0
2025-08-01 15:28:00+00:00,buy,0.6389009879741343,114776.78916086003,11,114768.1,73345.67019217067,14.666200798274478,0.0,-1.4200769144480423,0.41792382189822336,,
2025-08-01 15:38:00+00:00,sell,0.6588686011992692,114960.43202351741,11,115055.9,,15.148763808119718,0.0,-0.6676004775467091,-0.683094020433968,75728.67027679046,1.0
2025-08-01 15:42:00+00:00,sell,0.6587710841847629,115144.36871475504,10,115155.3,,15.170756123197856,0.0,-0.4275597121983921,-0.7835926116330535,75838.60985986608,1.0
2025-08-01 15:45:00+00:00,sell,0.6598451570943843,115328.59970469864,9,115374.0,,15.219803597924448,0.0,0.08680835465907018,-0.8069942434181556,76083.79818602432,1.0
2025-08-01 16:06:00+00:00,sell,0.65988748704564,115513.12546422616,8,115574.4,,15.245133216675189,0.0,0.5483695431165041,-0.8258871389170177,76210.42095015926,2.0
2025-08-01 16:10:00+00:00,sell,0.5767089130996516,115697.94646496893,7,115619.9,,13.34480739073478,0.0,0.6468777592876407,-0.6969948394047853,66710.69214628317,1.0
2025-08-01 16:13:00+00:00,buy,0.5040245236254732,115513.12546422616,7,115601.9,58233.09232420303,11.644289606919223,0.0,0.5995535105763401,-0.5905255292535296,,
2025-08-01 16:18:00+00:00,sell,0.5040245236254732,115697.94646496893,7,115673.9,,11.662920470290294,0.0,0.7547283095560978,-0.17456832495698643,58302.939430981176,1.0
2025-08-01 16:21:00+00:00,buy,0.6602774493008975,115513.12546422616,7,115557.6,76285.96598466227,15.254142368458762,0.0,0.4724471841614804,0.15029417728855893,,
2025-08-01 16:25:00+00:00,sell,0.6598068374321993,115697.94646496893,7,115700.0,,15.26765923089021,0.0,0.7914044018848665,0.5466799016642302,76323.02849522016,2.0
2025-08-01 16:30:00+00:00,buy,0.6607693072066191,115513.12546422616,7,115566.1,76342.79339184523,15.265505577253597,0.0,0.46593101416974425,0.8080571296872293,,
2025-08-01 16:32:00+00:00,buy,0.6569934837476866,115328.59970469864,8,115340.0,75785.29252343153,15.154027699146479,0.0,-0.05317472151064895,0.8523988838992801,,
2025-08-01 16:40:00+00:00,buy,0.6515407861718511,115144.36871475504,9,115009.8,75036.25676617613,15.0042505031346,0.0,-0.7987511173979012,0.9154304590895532,,
2025-08-01 16:44:00+00:00,sell,0.6624424428279416,115328.59970469864,9,115410.1,,15.279711863261282,0.0,0.16305242541563617,0.9025760059621927,76383.27960444315,1.0
2025-08-01 16:45:00+00:00,sell,0.661758522461768,115513.12546422616,8,115516.0,,15.288359046429429,0.0,0.41629039408348484,0.9017899384306612,76426.5068731007,2.0
2025-08-01 16:47:00+00:00,buy,0.6579196606832296,115328.59970469864,8,115296.0,75892.1285754243,15.17539063695747,0.0,-0.09521061746707744,0.8977792238475576,,
2025-08-01 16:54:00+00:00,buy,0.6531156746341189,115144.36871475504,9,115076.6,75217.63257186767,15.040518410691396,0.0,-0.5916324425724083,0.8475370234850227,,
2025-08-01 16:55:00+00:00,buy,0.6486960070409219,114960.43202351741,10,114975.7,74589.28809599933,14.914874644271015,0.0,-0.8289782080384807,0.8248173272791403,,
2025-08-01 17:01:00+00:00,buy,0.6423010685351127,114776.78916086003,11,114738.1,73735.99857191395,14.744250864209949,0.0,-1.3554552378238094,0.5826321498553967,,
2025-08-01 17:05:00+00:00,buy,0.6371052293980132,114593.43965740818,12,114624.1,73022.6812763725,14.601615932088084,0.0,-1.583731586945651,0.2062529949290988,,
2025-08-01 17:06:00+00:00,sell,0.660271723893607,114776.78916086003,12,114808.1,,15.156773688442826,0.0,-1.1290580190148325,0.09558128576426915,75768.71166852568,1.0
2025-08-01 17:13:00+00:00,buy,0.4788243715891483,114593.43965740818,12,114543.9,54881.1057585439,10.974026346439492,0.0,-1.720149915521781,-0.6188157357182633,,
2025-08-01 17:22:00+00:00,sell,0.6603325520315649,114776.78916086003,12,114796.0,,15.158170020115914,0.0,-0.9861494692023326,-0.9487301193252262,75775.69193055945,1.0
2025-08-01 17:31:00+00:00,sell,0.6613117089895694,114960.43202351741,11,114928.1,,15.204935953530303,0.0,-0.5707663092562599,-0.9903431622709542,76009.47483169798,1.0
2025-08-01 21:10:00+00:00,buy,0.5408752260024156,113862.96587437924,16,113868.6,61597.974532090324,12.317131480122042,0.0,-0.10554126318887913,-0.3838462990429904,,
2025-08-01 21:11:00+00:00,sell,0.6535197241146082,113868.0,17,113850.0,,14.882996789096442,0.0,-0.1380601216207362,-0.3089402694782205,74400.10094869311,0.0
2025-08-01 21:30:00+00:00,buy,0.641061687855989,114000.0,15,114073.9,73095.64862206587,14.616206483116551,0.0,0.5407032728305459,0.7195686097614916,,
2025-08-01 21:34:00+00:00,sell,0.6548513722791292,114087.3,16,114038.1,,14.942044992924139,0.0,0.5133192250271889,0.8119146899264649,74695.28291962776,1.0
2025-08-01 22:04:00+00:00,buy,0.6393490205785765,113862.96587437924,16,113832.1,72812.73534709863,14.55963514239125,0.0,0.19920290989691597,0.913949927370852,,
2025-08-01 22:05:00+00:00,buy,0.633409251345601,113681.07615253518,17,113656.1,72021.04666700716,14.401329067587914,0.0,-0.3904723212091736,0.9013496616023723,,
2025-08-01 22:23:00+00:00,buy,0.6246362304498696,113499.47698935222,18,113363.2,70910.0646417536,14.179177092932136,0.0,-1.3407071971199211,0.5379134880157476,,
2025-08-01 22:24:00+00:00,buy,0.6240775871203423,113318.16792067913,19,113488.0,70733.47267859778,14.143865762567044,0.0,-0.8896847429210385,0.486452170515766,,
2025-08-01 22:25:00+00:00,sell,0.652717991106947,113681.07615253518,18,113650.1,,14.840336730631725,0.0,-0.30818335655505524,0.44439693051175744,74186.84331642798,1.0
2025-08-01 22:27:00+00:00,sell,0.6434457266655085,113592.1,19,113194.5,,14.618070265592221,0.0,-1.9176964260772456,0.2954815242184641,73075.73325769551,1.0
2025-08-01 22:28:00+00:00,buy,0.6276902992545521,113194.4,19,113384.0,71065.23701530146,14.210205361987896,0.0,-1.2315344236591668,0.21212699418214623,,
2025-08-01 22:32:00+00:00,buy,0.5649752539182158,113137.14848310615,20,113172.0,63932.47312966415,12.783937838365157,0.0,-1.9568162745266842,-0.2239811596243395,,
2025-08-01 22:49:00+00:00,sell,0.6397572067719633,112920.0,23,112839.9,,14.448276757738022,0.0,-2.7277166767272685,-0.9769297522274185,72226.93551193236,0.0
2025-08-01 23:10:00+00:00,sell,0.6482935223932432,113318.16792067913,20,113352.1,,14.692686846489218,0.0,-0.663683702505248,-0.998316312155972,73448.7415455996,1.0
2025-08-02 00:17:00+00:00,buy,0.5380292052362086,113436.7,18,113505.9,61044.46399712734,12.206451509123644,0.0,-0.09181136996850062,-0.3607728196233863,,
2025-08-02 00:18:00+00:00,sell,0.6507281302119968,113505.9,19,113536.8,,14.772296415005977,0.0,0.0002543065298322264,-0.33002137214454896,73846.70977861488,0.0
2025-08-02 00:40:00+00:00,sell,0.6519310706060173,113681.07615253518,18,113672.1,,14.82244513675329,0.0,0.4181685259712114,0.16045456084445106,74097.40323862969,0.0
2025-08-02 01:03:00+00:00,sell,0.6539459012466725,113862.96587437924,17,113888.0,,14.89204396746801,0.0,1.0892117213662835,0.8720655612581669,74445.32779337258,1.0
2025-08-02 01:13:00+00:00,buy,0.6406482772140425,113681.07615253518,17,113714.0,72844.15150607783,14.565917117792008,0.0,0.5789906425447063,0.9416995750209278,,
2025-08-02 01:17:00+00:00,sell,0.6531669316540112,113862.96587437924,17,113800.3,,14.874304809838735,0.0,0.8597219639843406,0.9518794170529108,74356.64974438383,1.0
2025-08-02 01:19:00+00:00,buy,0.6404635628105316,113681.07615253518,17,113644.0,72823.1487741994,14.56171741135761,0.0,0.36150885311205605,0.95069007790559,,
2025-08-02 01:32:00+00:00,buy,0.6344137753121586,113499.47698935222,18,113442.4,72020.03281910896,14.401126338554084,0.0,-0.23648978902549891,0.9230528451498897,,
2025-08-02 02:05:00+00:00,sell,0.6532472601162409,113681.07615253518,18,113664.1,,14.852370304741868,0.0,0.8627991174275399,0.4266374939846267,74246.9991534046,1.0
2025-08-02 03:07:00+00:00,sell,0.6550544772734432,113862.96587437924,17,113867.2,,14.917289118329082,0.0,1.788894694714741,0.46894229969412904,74571.52830252708,1.0
2025-08-02 04:34:00+00:00,sell,0.6558141017466241,114045.14661977826,16,114048.0,,14.958483077802384,0.0,2.4622609586193507,0.7685640831071745,74777.45690593412,1.0
2025-08-02 05:15:00+00:00,buy,0.6475492026821383,113862.96587437924,16,113858.3,73746.61914153119,14.746374553395562,0.0,0.43700584955200117,0.7995407224793606,,
2025-08-02 06:18:00+00:00,buy,0.6425153971806734,113681.07615253518,17,113674.0,73056.45016443174,14.608368359214504,0.0,-1.5338532171882193,0.07255811291851166,,
2025-08-02 06:37:00+00:00,buy,0.45329459768717933,113499.47698935222,18,113551.9,51458.989499545605,10.289739951918737,0.0,-2.369405504875046,-0.7229973261001118,,
2025-08-02 06:46:00+00:00,sell,0.6546280186634971,113681.07615253518,18,113667.2,,14.883763528253649,0.0,-1.3884179352714567,-0.8600791648114635,74403.93387773998,1.0
2025-08-02 07:26:00+00:00,sell,0.6567439094533315,113862.96587437924,17,113914.4,,14.95576187005822,0.0,0.3888640434024207,-0.7821293023270205,74763.85358842103,1.0
2025-08-02 08:46:00+00:00,buy,0.6447130038866015,113681.07615253518,17,113677.6,73306.32642498073,14.658333618272492,0.0,-1.2189078342257718,0.42095811185524995,,
2025-08-02 10:40:00+00:00,buy,0.4523986435308977,113499.47698935222,18,113480.2,51357.27883333557,10.269401886289856,0.0,-1.9977893931049677,-0.7303120063654188,,
2025-08-02 11:23:00+00:00,sell,0.6556790146444719,113681.07615253518,18,113682.0,,14.90765919908349,0.0,-0.3386646576618694,-0.6050422863048917,74523.38833621836,1.0
2025-08-02 11:29:00+00:00,sell,0.656682523911966,113862.96587437924,17,113864.0,,14.954363962097883,0.0,0.8415957238835033,-0.4985595369566814,74756.86544652731,1.0
2025-08-02 12:34:00+00:00,buy,0.6469404252470934,113681.07615253518,17,113686.3,73559.59272541806,14.708976749733665,0.0,0.018886209237272883,0.48287135603153053,,
2025-08-02 13:08:00+00:00,buy,0.5688960513608532,113499.47698935222,18,113492.0,64582.318171622646,12.913880858152899,0.0,-1.7347770407202587,-0.2833166727529844,,
2025-08-02 13:29:00+00:00,buy,0.45402062144075317,113318.16792067913,19,113300.0,51459.07477687833,10.289757003974874,0.0,-3.053698351773147,-0.7157441737124802,,
2025-08-02 13:54:00+00:00,sell,0.6553323293268115,113499.47698935222,19,113500.0,,14.875975326561408,0.0,-0.8539157629115391,-0.8811692372428714,74365.00065748047,1.0
2025-08-02 17:04:00+00:00,buy,0.47324428002528274,113235.5,19,113334.0,53598.77028133707,10.717610534160581,0.0,0.6903893345516702,-0.6467895395901039,,
2025-08-02 17:41:00+00:00,buy,0.6342641332264295,113137.14848310615,20,113185.6,71773.18718543086,14.351767083669436,0.0,0.08326563854555366,0.854521382586741,,
2025-08-02 17:52:00+00:00,buy,0.620596889492705,112775.97665132167,22,112590.5,70002.418003376,13.997684063862431,0.0,-2.9107330745473474,0.7410282305364982,,
2025-08-02 17:53:00+00:00,buy,0.617490086588738,112590.6,23,112610.1,69537.48405894659,13.904715868615595,0.0,-2.7610104389882895,0.7040768923698386,,
2025-08-02 17:58:00+00:00,sell,0.6451569506364557,112775.97665132167,23,112696.0,,14.551641040282965,0.0,-2.1848565106032773,0.44670251463982974,72743.65356037454,0.0
2025-08-02 18:14:00+00:00,buy,0.443720941758962,112595.8233339873,23,112498.0,49971.11699283613,9.99222495357651,0.0,-2.8591179608440855,-0.6978816641884976,,
2025-08-02 19:30:00+00:00,sell,0.6471964623615668,112775.97665132167,23,112759.9,,14.597642625621209,0.0,-0.18633659014874546,-0.9947895470681238,72973.61548548042,1.0
2025-08-02 20:10:00+00:00,buy,0.4187822080028941,112149.7,25,112250.1,46975.692252660745,9.393259798572435,0.0,-1.2942821037809298,-0.7948405863190083,,
2025-08-02 20:16:00+00:00,buy,0.4572837367309354,112394.0,24,112432.0,51406.22749579798,10.279189661227353,0.0,-0.7805573410663609,-0.641116673771271,,
2025-08-02 20:18:00+00:00,sell,0.642397143329756,112457.7,25,112424.1,,14.44850104508694,0.0,-0.7917264503797615,-0.587609300928895,72228.05672438961,0.0
2025-08-02 20:20:00+00:00,buy,0.46527727603810165,112236.37959415423,25,112228.0,52231.48117734044,10.444207393989291,0.0,-1.2756390319249118,-0.6006997609374136,,
2025-08-02 20:29:00+00:00,sell,0.6428617386242339,112415.95780150489,25,112424.0,,14.45358361627679,0.0,-0.698447939891738,-0.7553367856027193,72253.46449776767,1.0
2025-08-02 21:14:00+00:00,buy,0.6205771143860075,112595.8233339873,23,112609.0,69888.36601474983,13.974878227304504,0.0,0.05015089449002673,0.2304392685043236,,
2025-08-02 21:20:00+00:00,sell,0.6457272926353228,112608.0,24,112604.2,,14.542811793815686,0.0,0.0982112878156789,0.39808387319378696,72699.51615728461,0.0
2025-08-02 21:36:00+00:00,sell,0.6487878228934445,112775.97665132167,23,112790.7,,14.633536073258584,0.0,1.0375929267457444,0.782634450689611,73153.04683021965,1.0
2025-08-02 21:46:00+00:00,buy,0.6298601625272428,112899.8,21,112969.4,71125.30859456866,14.222217275458641,0.0,2.0030875690760164,0.9130918931951859,,
2025-08-02 21:47:00+00:00,sell,0.6517502614410147,112969.4,22,112997.9,,14.725567196966912,0.0,2.1365445661395945,0.9222750912592473,73613.1104176376,1.0
2025-08-02 22:16:00+00:00,buy,0.6268579445759834,112775.97665132167,22,112740.0,70708.65582458084,14.13890338423932,0.0,0.7819191789035056,0.9592388823615167,,
2025-08-02 22:21:00+00:00,buy,0.6195730556203254,112595.8233339873,23,112549.9,69775.29058078746,13.952267662624969,0.0,0.025504887373393532,0.9465285503013107,,
2025-08-02 22:39:00+00:00,sell,0.6490472883997641,112775.97665132167,23,112779.9,,14.639388368435089,0.0,0.8692327686895929,0.8414864438669476,73182.302453807,1.0
2025-08-02 23:13:00+00:00,buy,0.6211344887011115,112595.8233339873,23,112590.0,69951.13658626817,13.987429831287375,0.0,-0.16931985105677058,0.15590443852902783,,
2025-08-02 23:20:00+00:00,buy,0.6137143221870497,112415.95780150489,24,112414.0,69005.0816018276,13.798256669031712,0.0,-0.9955618969072272,0.028303559211016283,,
2025-08-02 23:39:00+00:00,sell,0.648144302725935,112595.8233339873,24,112656.0,,14.595668280931953,0.0,0.14993894969784666,-0.5005278523564602,72963.74573637883,1.0
2025-08-02 23:42:00+00:00,sell,0.6492334249305574,112775.97665132167,23,112752.3,,14.64358671424523,0.0,0.5593374388040866,-0.49985056160539354,73203.2899845119,1.0
2025-08-02 23:54:00+00:00,buy,0.46625183965709793,112595.8233339873,23,112586.9,52508.50936913061,10.499601953435436,0.0,-0.1793818801508861,-0.6272193806329669,,
2025-08-03 00:18:00+00:00,sell,0.6504933647447777,112775.97665132167,23,112790.0,,14.672004902859344,0.0,0.6263472089339505,-0.6557656766350457,73345.35250939385,1.0
2025-08-03 00:21:00+00:00,buy,0.4808992885409726,112595.8233339873,23,112576.1,54158.08078426633,10.829450266799906,0.0,-0.491050852262103,-0.5728729808659694,,
2025-08-03 00:24:00+00:00,buy,0.47829667037105733,112415.95780150489,24,112360.3,53778.93194869568,10.753635662606616,0.0,-1.6798115583176216,-0.5612246648030916,,
2025-08-03 00:37:00+00:00,buy,0.4622219032313094,112057.08825294951,26,111951.9,51805.599650957694,10.359048120567426,0.0,-3.672699216222154,-0.5899617087985052,,
2025-08-03 00:38:00+00:00,sell,0.6452229591325781,112057.08825294951,27,112351.3,,14.460361214869708,0.0,-1.6295454923330068,-0.6037998035767995,72287.34571313368,0.0
2025-08-03 00:39:00+00:00,buy,0.46104871701688677,112236.37959415423,25,112342.0,51756.788102268,10.349287762901021,0.0,-1.6769300339524034,-0.625276258332755,,
2025-08-03 00:40:00+00:00,sell,0.6411651248447362,112341.9,26,112274.0,,14.405941667758974,0.0,-2.0163755238855483,-0.6564151990907475,72015.3023971271,1.0
2025-08-03 00:42:00+00:00,sell,0.6449574370078677,112415.95780150489,25,112468.7,,14.500701604488642,0.0,-1.0269913496266203,-0.6944910346686801,72489.00732083872,1.0
2025-08-03 00:43:00+00:00,sell,0.6476708537841205,112595.8233339873,24,112666.5,,14.58500660624991,0.0,-0.023588969018039228,-0.6911682653499217,72910.4480246433,1.0
2025-08-03 00:50:00+00:00,sell,0.648160030832819,112775.97665132167,23,112778.0,,14.61937610070439,0.0,0.5174119376597471,-0.6499727892035888,73082.26112742124,1.0
2025-08-03 00:55:00+00:00,sell,0.6495062038975585,112956.4182139638,22,112967.2,,14.673178880003334,0.0,1.4619368084842008,-0.4676688520131086,73351.22122113666,1.0
2025-08-03 01:26:00+00:00,sell,0.6503757182021086,113137.14848310615,21,113181.8,,14.716330840007755,0.0,2.0976963975689715,0.8068163256415304,73566.93786919877,0.0
2025-08-03 02:04:00+00:00,sell,0.6499893277758885,113318.16792067913,20,113334.8,,14.731119958311497,0.0,2.184441688204195,0.9885215954304235,73640.86867159918,1.0
2025-08-03 02:58:00+00:00,sell,0.4092887090777443,113499.47698935222,19,113499.9,,9.290810883594224,0.0,1.6465577728609344,0.9902953278968791,46444.76360708752,0.0
2025-08-03 11:13:00+00:00,buy,0.6449924757485102,114188.0,14,114244.4,73665.13090093504,14.730080164154177,0.0,5.058477947913886,0.8389659778819234,,
2025-08-03 11:14:00+00:00,sell,0.6449924757485102,114244.3,15,114227.9,,14.737342779431106,0.0,4.653069489883796,0.8525920107654924,73671.97655437609,0.0
2025-08-03 11:29:00+00:00,buy,0.6460619798471978,114045.14661977826,15,113993.9,73694.96926378133,14.73604664342758,0.0,1.7125649091020012,0.932590832350233,,
2025-08-03 11:47:00+00:00,sell,0.6460058412676838,114045.14661977826,16,114052.1,,14.73476617692124,0.0,1.8725709230491276,0.9176994584191437,73659.09611842928,1.0
2025-08-03 11:59:00+00:00,sell,5.613857951403123e-05,113870.1,17,113851.3,,0.0012785011326241376,0.0,0.4284820376908933,0.8923858608307246,6.391227161988064,0.0
2025-08-03 12:00:00+00:00,buy,0.6469338511657726,113851.4,16,113852.1,73669.05552754737,14.73086493252297,0.0,0.43029080149145477,0.8860628623759125,,
2025-08-03 12:18:00+00:00,sell,0.6469338511657726,113738.1,18,113666.6,,14.716205411455554,0.0,-0.765898935621618,0.35919653356622205,73566.3108518663,1.0
2025-08-03 12:19:00+00:00,buy,0.6474040718722309,113666.7,17,113679.9,73603.00207316256,14.717656883255861,0.0,-0.6773353358588515,0.2945320271940825,,
2025-08-03 12:36:00+00:00,sell,0.6470069285369554,113862.96587437924,17,113868.7,,14.734025564898056,0.0,0.4873632660562651,-0.27485164304990395,73655.39379892538,1.0
2025-08-03 12:45:00+00:00,sell,0.00039714333527551826,114045.14661977826,16,114047.9,,0.009058453980112848,0.0,1.6119530223942637,-0.27486490406460495,45.283211446584126,1.0
2025-08-03 13:20:00+00:00,buy,0.6469060230961238,113862.96587437924,16,113877.9,73673.37015941068,14.731727686344868,0.0,0.12414862343028647,0.4835943824999684,,
2025-08-03 14:07:00+00:00,sell,0.6464195194912733,114045.14661977826,16,114040.0,,14.744201775653774,0.0,1.0990934658265308,0.11314815017040904,73706.26467649321,1.0
2025-08-03 14:13:00+00:00,buy,0.6473875296395918,113862.96587437924,16,113834.0,73728.2068876905,14.742692838970305,0.0,-0.6894150726207326,0.06356880545141946,,
2025-08-03 14:21:00+00:00,buy,0.6057038536568616,113681.07615253518,17,113750.6,68870.8373266324,13.771413182689942,0.0,-1.4130441603882204,-0.1482852762759684,,
2025-08-03 15:16:00+00:00,sell,0.6478721318496831,113862.96587437924,17,113867.8,,14.75372848795236,0.0,-0.1015488588889577,-0.7593115708366152,73753.88871127384,1.0
2025-08-03 15:32:00+00:00,buy,0.51711693363232,113681.07615253518,17,113677.9,58798.166793923665,11.757281902404252,0.0,-1.5742110948278774,-0.49378076561329437,,
2025-08-03 15:40:00+00:00,sell,0.64802002162804,113862.96587437924,17,113832.2,,14.757096321709604,0.0,-0.2077596825853101,-0.40324112905211623,73770.7245122263,1.0
2025-08-03 17:05:00+00:00,sell,0.4748026670559008,114045.14661977826,16,114075.3,,10.829787955970394,0.0,2.0043036936084198,0.4617812042886925,54138.109991895995,1.0
2025-08-03 18:26:00+00:00,buy,0.6454409177672575,114199.9,13,114296.0,73724.03012258201,14.741857652985805,0.0,2.6447352065298513,0.6702886490921948,,
2025-08-03 18:27:00+00:00,sell,0.6454409177672575,114410.38304453691,14,114440.9,,14.769028526873878,0.0,3.5778674159578183,0.6952350689486644,73830.37360584251,0.0
2025-08-03 18:34:00+00:00,buy,0.6470554849404498,114227.61885436991,14,114160.5,73926.38963286947,14.78232146228144,0.0,1.4611903814480782,0.7574701786967726,,
2025-08-03 18:41:00+00:00,sell,0.6470554849404498,114227.61885436991,15,114271.9,,14.78232146228144,0.0,2.090594442780306,0.7623485157645002,73896.82498994491,1.0
2025-08-03 19:22:00+00:00,buy,0.6448286187280211,114521.9,12,114592.5,73861.76799082677,14.769399718221711,0.0,2.7369163092069027,0.9498387873853688,,
2025-08-03 19:23:00+00:00,sell,0.6448286187280211,114593.43965740818,13,114615.5,,14.778625881915872,0.0,2.8019697243159674,0.9534578988750775,73878.35078369745,0.0
2025-08-03 19:36:00+00:00,buy,0.6438888402039853,114660.3,11,114750.0,73843.2532819579,14.765697516888203,0.0,2.966033050455951,0.9684932605647179,,
2025-08-03 19:44:00+00:00,sell,0.6438888402039853,114477.9,14,114408.1,,14.742208451997563,0.0,1.2176237703472876,0.9728262370722391,73696.30005153581,1.0
2025-08-03 19:45:00+00:00,buy,0.6451481580773732,114408.1,13,114382.0,73824.93701912875,14.762034996826385,0.0,1.093806936107818,0.9706055460387166,,
2025-08-03 20:03:00+00:00,buy,0.6413332189404641,114227.61885436991,14,114200.1,73272.61808507587,14.651593298355502,0.0,0.16224508107706306,0.8936442647077473,,
2025-08-03 20:42:00+00:00,sell,0.6454553377016742,114410.38304453691,14,114384.7,,14.769358484917895,0.0,0.8884702656841751,-0.4072722514663164,73832.02306610455,1.0
2025-08-03 22:02:00+00:00,sell,0.6410260393161632,114593.43965740818,13,114466.0,,14.691475751040821,0.0,0.7802948067694065,0.5978433313775824,73442.68727945306,0.0
2025-08-03 22:03:00+00:00,buy,0.6461159201187128,114410.38304453691,13,114370.4,73937.15438593773,14.784473982391068,0.0,0.08211715144798007,0.5869284236223823,,
2025-08-03 22:06:00+00:00,buy,0.6423292550030446,114227.61885436991,14,114212.0,73386.41566776305,14.674348263899832,0.0,-1.1079579334198726,0.5217168983110111,,
2025-08-03 23:10:00+00:00,sell,0.6466069730034038,114410.38304453691,14,114411.9,,14.795710292117592,0.0,0.40344911176678194,-0.5513725642312255,73963.75575029584,2.0
2025-08-03 23:37:00+00:00,buy,0.642925649858185,114227.61885436991,14,114235.9,73454.55405691559,14.687973216739769,0.0,-0.8765764298877087,0.15430884087207952,,
2025-08-04 00:30:00+00:00,sell,0.6471130441375511,114410.38304453691,14,114415.5,,14.80729025057871,0.0,0.8129831678440337,-0.5509430923814977,74021.64396264296,2.0
2025-08-04 00:44:00+00:00,sell,0.6376508078389874,114593.43965740818,13,114600.4,,14.614119874118918,0.0,2.262846181410054,-0.13382416723152937,73055.98525072046,1.0
2025-08-04 04:43:00+00:00,buy,0.5123500843856827,114410.38304453691,13,114400.4,58629.89304134826,11.723633881493354,0.0,-2.4683705903459305,-0.5219794889098882,,
2025-08-04 06:16:00+00:00,buy,0.44678791132228585,114227.61885436991,14,114204.1,51045.72634711074,10.207103848652418,0.0,-1.7994819713994195,-0.7675804228883963,,
2025-08-04 06:42:00+00:00,sell,0.6481146279031529,114410.38304453691,14,114455.1,,14.830208567033447,0.0,-0.12557430239537226,-0.5885968123659562,74136.2126266002,2.0
2025-08-04 07:36:00+00:00,sell,0.31102336780481576,114593.43965740818,13,114617.9,,7.128247506117004,0.0,1.4007901141864711,0.6416487710230175,35634.109283078906,1.0
2025-08-04 08:30:00+00:00,buy,0.6480713991841686,114410.38304453691,13,114378.1,74160.92624027388,14.829219404173942,0.0,-0.385531304551171,0.8722895800517481,,
2025-08-04 08:40:00+00:00,sell,0.6475830708426886,114593.43965740818,13,114588.0,,14.841754310354146,0.0,0.9081311107713657,0.7449484486718494,74193.92979746037,2.0
2025-08-04 09:47:00+00:00,buy,0.6485538167128572,114410.38304453691,13,114400.2,74216.1308532334,14.840258119022876,0.0,-0.7464094008425617,0.1323113633267921,,
2025-08-04 11:01:00+00:00,buy,0.4487155961040194,114227.61885436991,14,114224.1,51265.96522859848,10.251142817156264,0.0,-2.264616908884138,-0.7602402228911289,,
2025-08-04 11:33:00+00:00,sell,0.6489129034872426,114410.38304453691,14,114417.9,,14.848474770103609,0.0,-0.5480713967207888,-0.6832415954307939,74227.52537574794,2.0
2025-08-04 13:27:00+00:00,buy,0.5634328682831319,114227.61885436991,14,114190.0,64372.46684725565,12.871918985654,0.0,-2.4326689744884504,-0.3211453320280441,,
2025-08-04 13:35:00+00:00,sell,0.6499409459281476,114410.38304453691,14,114530.1,,14.871998515993601,0.0,1.7173032078676127,-0.41954957772040996,74345.120581452,2.0
2025-08-04 13:38:00+00:00,sell,0.36233676002609827,114593.43965740818,13,114596.6,,8.304283129142297,0.0,2.59648470989652,-0.36587380081963783,41513.111362582335,1.0
2025-08-05 05:03:00+00:00,buy,0.45366092032225575,114409.6,13,114458.3,51913.545062587094,10.380632885940232,0.0,-0.3708841761665667,-0.7538464867507388,,
2025-08-05 06:50:00+00:00,buy,0.6471535916470866,114227.61885436991,14,114204.9,73937.59836966134,14.784562761379991,0.0,-1.4524485426459843,0.14684228081426257,,
2025-08-05 07:23:00+00:00,sell,0.6499688203916822,114410.38304453691,14,114401.0,,14.872636341603636,0.0,0.6857599945896664,-0.5875505123325725,74348.30907167657,2.0
2025-08-05 07:29:00+00:00,buy,0.47782825126240136,114227.61885436991,14,114215.5,54592.099599724286,10.916236672610337,0.0,-1.2820548640990668,-0.655631331998607,,
2025-08-05 07:36:00+00:00,buy,0.45498877097429963,114045.14661977826,15,114026.3,51899.63894833593,10.377852219223342,0.0,-3.0864473961290915,-0.7356167465562661,,
2025-08-05 07:37:00+00:00,buy,0.4456078729700772,113862.96587437924,16,113819.9,50748.38168015329,10.147646806669325,0.0,-4.890580701525511,-0.762630998382405,,
2025-08-05 07:40:00+00:00,sell,0.6510847783173712,114045.14661977826,16,114061.8,,14.850611801022085,0.0,-2.3209682677008554,-0.8074594611067807,74238.2083933094,2.0
2025-08-05 08:18:00+00:00,sell,0.6508981719940686,114227.61885436991,15,114216.0,,14.870109660708916,0.0,-0.45591609672723854,-0.8737212932110763,74335.67819388387,1.0
2025-08-05 08:30:00+00:00,sell,0.5272876364729985,114410.38304453691,14,114369.9,,12.065436092704859,0.0,0.5258472162324984,-0.8088015168607826,60315.11502743158,1.0
2025-08-05 08:50:00+00:00,buy,0.6254621556751719,114227.61885436991,14,114247.9,71459.34173684136,14.289010545259224,0.0,-0.3208401483102609,-0.0993732535198304,,
2025-08-05 09:11:00+00:00,sell,0.6254621556751719,114410.38304453691,14,114412.3,,14.31187296213164,0.0,0.7784772360211089,0.6492457680003026,71545.05293769606,1.0
2025-08-05 12:37:00+00:00,buy,0.5429175474921661,114227.61885436991,14,114212.1,62028.581920021286,12.403235736856887,0.0,-2.204921842043756,-0.41769230525855167,,
2025-08-05 12:38:00+00:00,buy,0.5165327315849493,114045.14661977826,15,114029.5,58919.832717741614,11.781610221504021,0.0,-3.003620035373411,-0.509704702292342,,
2025-08-05 12:39:00+00:00,buy,0.4855415314173608,113499.47698935222,18,113691.9,55119.731614454075,11.021741974495917,0.0,-4.3879192862664,-0.6228363716996095,,
2025-08-05 12:40:00+00:00,buy,0.4604003945408809,113692.0,16,113778.0,52354.31042447306,10.468768331228366,0.0,-3.8848193864589575,-0.7091300887488885,,
2025-08-05 12:42:00+00:00,sell,0.6543800641513399,114045.14661977826,16,114042.0,,14.925774072239893,0.0,-2.647823245115966,-0.8127989591400068,74613.94458712722,2.0
2025-08-05 13:33:00+00:00,sell,0.6554228228450392,114227.61885436991,15,114334.0,,14.973477679279668,0.0,-0.7831323737550828,-0.9986073903912821,74852.41491871906,1.0
2025-08-05 13:37:00+00:00,sell,0.6541411250140895,114410.38304453691,14,114394.0,,14.968107335609256,0.0,-0.5826567297398442,-0.9980536040926674,74825.56857071067,2.0
2025-08-05 14:07:00+00:00,buy,0.44847370071340326,114045.14661977826,15,114092.1,51156.478202765225,10.229249790594926,0.0,-1.2801171212315186,-0.7905783227983056,,
2025-08-05 14:11:00+00:00,buy,0.45255573479590044,113862.96587437924,16,113802.8,51539.644054957695,10.305867637464047,0.0,-2.0173641866359455,-0.768493941698206,,
2025-08-05 16:49:00+00:00,buy,0.4568157855396765,112890.0,21,113053.5,51580.24801637999,10.313986805914816,0.0,-0.6772604264431148,-0.7477028058035198,,
2025-08-05 16:52:00+00:00,buy,0.4778261918715485,113102.0,20,113136.7,54053.90657264649,10.808619590611176,0.0,-0.5107708842292629,-0.6588974979415287,,
2025-08-05 16:53:00+00:00,sell,0.6578973463006589,113137.14848310615,21,113164.5,,14.886525951011832,0.0,-0.45564429705849285,-0.6239605849328363,74417.74322910815,0.0
2025-08-05 17:22:00+00:00,buy,0.6501302422411881,113282.0,19,113325.9,73662.78371238659,14.729610820313257,0.0,0.01575097198905246,0.08866544358464412,,
2025-08-05 17:23:00+00:00,sell,0.6576956148261849,113325.9,20,113313.2,,14.906789495246148,0.0,-0.0020318763787927816,0.10819979306518085,74519.04068673549,0.0
2025-08-05 17:32:00+00:00,sell,0.657855249726349,113499.47698935222,19,113500.0,,14.933245355728063,0.0,0.4404041795790574,0.33934101037556674,74651.29353328458,0.0
2025-08-05 17:38:00+00:00,buy,0.6548964913069439,113318.16792067913,19,113347.5,74226.51290669836,14.842334114516772,0.0,0.17749420221682927,0.4382458353701579,,
2025-08-05 17:54:00+00:00,sell,0.6584589434992826,113499.47698935222,19,113517.1,,14.946949141226,0.0,0.9199206975419569,0.8110111679027474,74719.79875698876,2.0
2025-08-05 17:59:00+00:00,buy,0.6542002649538057,113634.7,17,113642.1,74354.71881811581,14.867970169589244,0.0,1.4832767634177118,0.8798406898888478,,
2025-08-05 18:47:00+00:00,buy,0.6498924204140486,113318.16792067913,19,113300.4,73659.34735054112,14.728923685371152,0.0,0.40992417899858985,0.8868085757208432,,
2025-08-05 18:53:00+00:00,sell,0.6582624013999331,113499.47698935222,19,113499.9,,14.942487656129487,0.0,1.1643919773928002,0.8609127834147504,74697.4957929913,1.0
2025-08-05 19:00:00+00:00,sell,0.6586790693253218,113681.07615253518,18,113735.9,,14.975869088010583,0.0,2.016314137715001,0.821497115957482,74864.3695709649,1.0
2025-08-05 19:50:00+00:00,buy,0.6553806651184153,113499.47698935222,18,113495.2,74400.2397924179,14.877072543974785,0.0,0.4888327577904988,0.8666008227915367,,
2025-08-05 19:57:00+00:00,sell,0.6588863028695691,113681.07615253518,18,113692.9,,14.98058079447557,0.0,1.2939747247498912,0.8276393142985137,74887.92339158336,1.0
2025-08-05 20:20:00+00:00,sell,0.5338847620325196,113862.96587437924,17,113880.3,,12.157940488031972,0.0,1.8391927550938212,0.7945590363304728,60777.54449967182,0.0
2025-08-05 20:39:00+00:00,buy,0.6591934476927186,113681.07615253518,17,113657.0,74952.80809051344,14.987564105281633,0.0,0.5799012273606171,0.8781216721408223,,
2025-08-05 20:49:00+00:00,buy,0.6553959950559377,113499.47698935222,18,113502.1,74401.98008029695,14.877420531953002,0.0,-0.2171227984565647,0.8288195258563307,,
2025-08-05 20:59:00+00:00,sell,0.6598637384883296,113681.07615253518,18,113706.0,,15.002803981077673,0.0,0.740326561523456,0.7832429465193319,74999.01710140728,1.0
2025-08-05 21:06:00+00:00,sell,0.6547257042603266,113862.96587437924,17,113867.7,,14.9098021042545,0.0,1.576034684396528,0.741494456646792,74534.10071916823,2.0
2025-08-05 21:14:00+00:00,buy,0.6601738749975555,113681.07615253518,17,113672.5,75064.28641282287,15.009855311502273,0.0,0.415200529713848,0.6607483002129816,,
2025-08-05 21:29:00+00:00,sell,0.659664248352544,113862.96587437924,17,113854.2,,15.022265559742753,0.0,1.399012677891131,0.4413289944679318,75096.30553315401,2.0
2025-08-05 21:45:00+00:00,buy,0.6606652082654271,113681.07615253518,17,113668.9,75120.15287852297,15.021026370430508,0.0,0.07619783958274139,0.3396516305441583,,
2025-08-05 22:00:00+00:00,buy,0.6568315078207041,113499.47698935222,18,113494.6,74564.94261429909,14.910006521555506,0.0,-1.1981175503735386,0.27453791038767483,,
2025-08-05 22:02:00+00:00,buy,0.6523383856977312,113318.16792067913,19,113309.5,73936.57508974658,14.78435814632005,0.0,-2.452179671033831,0.1759754984863218,,
2025-08-05 22:07:00+00:00,sell,0.662261684422517,113499.47698935222,19,113572.5,,15.033270962408622,0.0,-0.590315391639938,-0.09993377358782175,75151.3215410807,2.0
2025-08-05 22:10:00+00:00,sell,0.6618412027416072,113681.07615253518,18,113709.6,,15.047764033950825,0.0,0.33312162295933656,-0.15727679926534155,75223.77240572017,1.0
2025-08-05 22:29:00+00:00,sell,0.6462418412647495,113862.96587437924,17,113881.5,,14.716602543704836,0.0,1.3773674678321663,-0.10701784952170572,73568.29611598047,1.0
2025-08-05 23:43:00+00:00,buy,0.6589506455423386,114218.6,14,114184.9,75279.47308698275,15.052884040588433,0.0,2.000439090805711,0.9449235573819257,,
2025-08-06 00:08:00+00:00,sell,0.6589506455423386,114072.0,16,114042.6,,15.03356360766113,0.0,0.9082073315515793,0.9169606415011511,75152.78447469798,2.0
2025-08-06 00:46:00+00:00,buy,0.6603655738524228,113862.96587437924,16,113813.4,75206.22103673332,15.038236560034656,0.0,-0.4037459986291563,0.20995729484685327,,
2025-08-06 01:21:00+00:00,buy,0.48159777361781914,113681.07615253518,17,113660.0,54759.502888174204,10.94971063550774,0.0,-1.437269765621546,-0.6659714961972396,,
2025-08-06 01:42:00+00:00,sell,0.6607478450489557,113862.96587437924,17,113870.0,,15.046941866475771,0.0,-0.16463314975552854,-0.8308046735429137,75219.66239051239,2.0
2025-08-06 02:07:00+00:00,buy,0.4600899847191758,113681.07615253518,17,113643.4,52313.98529479735,10.460704917975875,0.0,-1.9120202966897932,-0.752175917832412,,
2025-08-06 03:23:00+00:00,buy,0.45656012907785004,113499.47698935222,18,113486.0,51829.69973170003,10.363867172905424,0.0,-1.8044656520558444,-0.7582096403232885,,
2025-08-06 05:05:00+00:00,sell,0.6616283791678281,113681.07615253518,18,113692.8,,15.042925231371258,0.0,0.652589296700683,-0.6866860558476103,75199.58323162491,1.0
2025-08-06 05:10:00+00:00,sell,0.6611705070401971,113862.96587437924,17,113872.0,,15.056566976052798,0.0,2.0376258051657796,-0.49306701673794545,75267.77831328793,2.0
2025-08-06 05:16:00+00:00,sell,0.07506673001028685,114045.14661977826,16,114145.0,,1.7121992460580948,0.0,3.896234967584389,-0.05994699566811553,8559.284031044415,1.0
2025-08-06 05:21:00+00:00,buy,0.6611170199767918,113862.96587437924,16,113818.8,75291.80003352567,15.05534893691775,0.0,1.3927077050615393,0.3248589389289452,,
2025-08-06 05:36:00+00:00,sell,0.6608955477257665,114045.14661977826,16,114116.1,,15.074385928148741,0.0,2.834937591983151,0.8400921942545926,75356.85525481556,2.0
2025-08-06 05:37:00+00:00,sell,0.00022147225102531198,114227.61885436991,15,114314.1,,0.005059649575387735,0.0,3.8456389397720683,0.8707418580409582,25.293188227363288,1.0
2025-08-06 06:02:00+00:00,buy,0.6605560576084383,114045.14661977826,15,114040.4,75348.27908302515,15.066642488107409,0.0,1.4815191099519265,0.9965769733291521,,
2025-08-06 07:12:00+00:00,sell,0.6601747133287319,114227.61885436991,15,114254.4,,15.082037106281462,0.0,1.5106814642197157,0.8060928827953528,75395.10349430102,2.0
2025-08-06 08:13:00+00:00,buy,0.6610486563714391,114045.14661977826,15,114059.9,75404.46881687592,15.077878187737637,0.0,0.3099727143772544,0.7525583472557358,,
2025-08-06 08:43:00+00:00,buy,0.6021760511826425,113862.96587437924,16,113816.8,68579.2642764109,13.713110233235534,0.0,-1.0032435007050742,-0.20883424370681963,,
2025-08-06 09:14:00+00:00,sell,0.6625529379892776,114045.14661977826,16,114198.0,,15.112189391270404,0.0,0.8892359185713837,-0.7516552802483045,75545.83476696075,2.0
2025-08-06 09:15:00+00:00,sell,0.6010531138445103,114227.61885436991,15,114326.1,,13.731373199892586,0.0,1.8683255209932061,-0.7239511847479259,68643.13462626304,1.0
2025-08-06 09:35:00+00:00,buy,0.5621988500152125,114045.14661977826,15,114066.0,64128.87348951153,12.823210055891128,0.0,-0.27975808100949523,-0.3766918479274643,,
2025-08-06 10:00:00+00:00,sell,0.5621988500152125,114227.61885436991,15,114186.4,,12.843727191980555,0.0,0.8879502861621277,0.22509849942388216,64205.79223271079,1.0
2025-08-06 10:19:00+00:00,buy,0.6623589590479275,114045.14661977826,15,113960.0,75553.9323644645,15.107764919908918,0.0,-1.1113097706156898,0.2699699464793709,,
2025-08-06 11:19:00+00:00,sell,0.661857702874238,114227.61885436991,15,114221.6,,15.120485883949453,0.0,1.2287219784877361,0.01756198706402122,75587.30893386331,2.0
2025-08-06 11:30:00+00:00,sell,0.0005012561736895682,114410.38304453691,14,114344.0,,0.011469782167052486,0.0,2.276106471124942,0.441141636188693,57.33744105309537,1.0
2025-08-06 11:49:00+00:00,buy,0.6617972221976773,114227.61885436991,14,114224.0,75610.63996024826,15.119104171215408,0.0,1.0794963794735792,0.7206490657241669,,
2025-08-06 12:12:00+00:00,buy,0.6578702261813877,114045.14661977826,15,114016.2,75041.91178292337,15.00538128032861,0.0,-0.5523938768172199,0.795786052690054,,
2025-08-06 12:15:00+00:00,buy,0.6531227097280379,113862.96587437924,16,113808.0,74381.36210730758,14.873297761909134,0.0,-2.071626350187839,0.7304476383884931,,
2025-08-06 12:19:00+00:00,sell,0.6635528454095739,114045.14661977826,16,114133.3,,15.134996308941183,0.0,0.33432316278104063,0.6256759036451467,75659.84654839696,2.0
2025-08-06 12:33:00+00:00,sell,0.6627819884336712,114227.61885436991,15,114229.9,,15.141601671668562,0.0,1.0010897273924366,0.34977802646493134,75692.86675667114,2.0
2025-08-06 12:49:00+00:00,buy,0.649575038291762,114045.14661977826,15,114000.1,74095.69665862857,14.816176096506414,0.0,-0.9032493852933914,-0.035368455048529666,,
2025-08-06 13:06:00+00:00,buy,0.4890998738993759,113862.96587437924,16,113854.0,55701.500323418026,11.138072450193567,0.0,-2.087499985515766,-0.6321122666463096,,
2025-08-06 13:31:00+00:00,sell,0.6630401802763938,114045.14661977826,16,114004.0,,15.123302914885109,0.0,-0.6165679129159455,-0.7939287516168415,75601.39127151066,2.0
2025-08-06 13:47:00+00:00,sell,0.6636806571488417,114227.61885436991,15,114270.0,,15.162132229163129,0.0,1.2949749933012051,-0.8144339775604008,75795.49901358648,2.0
2025-08-06 13:48:00+00:00,sell,0.4584093990297601,114410.38304453691,14,114370.0,,10.489358986842165,0.0,1.9780420673212604,-0.7923515400056316,52436.305575223974,1.0
2025-08-06 13:49:00+00:00,buy,0.4577549131566458,114227.61885436991,14,114173.3,52298.71139952229,10.457650749754507,0.0,0.5894102522484469,-0.775846193190248,,
2025-08-06 13:50:00+00:00,buy,0.4602270230650111,114045.14661977826,15,114060.2,52497.15565549803,10.497331664766653,0.0,-0.20687128101454094,-0.7605695123588572,,
2025-08-06 13:54:00+00:00,sell,0.6644162631472756,114227.61885436991,15,114293.9,,15.17893753348635,0.0,1.4238291752095158,-0.6798364819695915,75879.50872989825,2.0
2025-08-06 14:02:00+00:00,sell,0.25356567307438127,114410.38304453691,14,114408.0,,5.802109156677156,0.0,2.0917658293136494,-0.29036256332435495,29004.743674229103,1.0
2025-08-06 14:16:00+00:00,buy,0.6642221156167082,114227.61885436991,14,114138.0,75887.68515944002,15.174502131461713,0.0,0.1710174906738578,0.5379158583757305,,
2025-08-06 14:23:00+00:00,buy,0.6602585259062005,114045.14661977826,15,114010.1,75314.3402500101,15.059856078786261,0.0,-0.6618527602158693,0.6719426538417899,,
2025-08-06 14:34:00+00:00,sell,0.6647331471903791,114227.61885436991,15,114230.0,,15.18617691542568,0.0,0.6953146156217088,0.7015929769423922,75915.69840021298,2.0
2025-08-06 14:54:00+00:00,sell,0.6597474943325295,114410.38304453691,14,114444.4,,15.096392707851631,0.0,1.8718239612822651,0.8075094451204076,75466.8671465503,2.0
2025-08-07 10:34:00+00:00,buy,0.6546596527251274,116018.5,4,116141.0,75967.82144587413,15.190526183938038,0.0,3.8984207833238758,0.9928624409284699,,
2025-08-07 10:36:00+00:00,sell,0.6545196900317047,116093.7,5,116002.0,,15.197122507726744,0.0,3.247139410429939,0.9954270481080015,75970.415416126,0.0
2025-08-07 10:39:00+00:00,buy,0.6537144704806372,116135.3,3,116323.9,75934.51000883868,15.183865228721992,0.0,3.937675775869365,0.9978860379375488,,
2025-08-07 10:49:00+00:00,sell,0.6538544331740599,116309.9,4,116292.0,,15.209948747406319,0.0,2.880630234948212,0.9998503035970508,76034.53378828418,2.0
2025-08-07 12:49:00+00:00,buy,0.6552122238945501,116068.47608039979,4,116054.0,76064.69423355749,15.20989686733803,0.0,0.23373030653082078,0.7863976370817346,,
2025-08-07 12:51:00+00:00,sell,0.6546668495455538,116254.18564212843,4,116234.0,,15.221552292163235,0.0,0.48690080601406216,0.7092738059061743,76092.539908524,2.0
2025-08-07 13:27:00+00:00,sell,0.0005453743489963747,116440.19233915584,3,116412.3,,0.012700698818795956,0.0,0.5496720541871221,0.1769729830246006,63.49079339516098,1.0
2025-08-07 14:13:00+00:00,buy,0.6546565976015624,116254.18564212843,3,116250.0,76121.79094334209,15.221313925883242,0.0,-0.5149027262630927,0.7537355269264375,,
2025-08-07 14:18:00+00:00,sell,0.6541402383635794,116440.19233915584,3,116428.1,,15.233643034367287,0.0,0.13579146736873032,0.7508402294183183,76152.98152880206,2.0
2025-08-07 14:31:00+00:00,buy,0.6551437463344981,116254.18564212843,3,116242.0,76178.43534919198,15.232640541730051,0.0,-1.1970089295327038,0.6689066276494781,,
2025-08-07 14:35:00+00:00,sell,0.6548904648263154,116440.19233915584,3,116501.9,,15.251114337091067,0.0,0.422394968294215,0.5877777471552464,76240.32057111824,2.0
2025-08-07 14:38:00+00:00,sell,0.0007696407461657007,116626.4966468985,2,116606.1,,0.01795210078040211,0.0,1.1027458681962836,0.5616422741560848,89.74255180123014,1.0
2025-08-07 14:42:00+00:00,buy,0.6545921092426542,116440.19233915584,2,116400.0,76236.07527012915,15.244166220781674,0.0,-0.3114686264364328,0.46323187870879146,,
2025-08-07 15:04:00+00:00,buy,0.6011757027061232,116254.18564212843,3,116259.9,69903.16958428385,13.977838349186932,0.0,-1.2599112689760554,-0.19074096656359862,,
2025-08-07 15:10:00+00:00,sell,0.6549013911036342,116440.19233915584,3,116420.3,,15.25136878865758,0.0,-0.16044731799569176,-0.2000107668913496,76241.59257449924,2.0
2025-08-07 15:30:00+00:00,sell,0.6008664208451432,116626.4966468985,2,116627.9,,14.015389123185999,0.0,1.4131813359081973,0.19466518632342447,70062.9302268068,1.0
2025-08-07 16:41:00+00:00,buy,0.6554792489384327,116440.19233915584,2,116315.1,76339.39464668065,15.264825964143302,0.0,-1.0770702130207568,0.7886593421405426,,
2025-08-07 16:43:00+00:00,buy,0.6515729041164702,116254.18564212843,3,116219.9,75763.22697000777,15.149615470907374,0.0,-1.6552749300868501,0.716232080660076,,
2025-08-07 16:46:00+00:00,sell,0.6540905071139356,116070.6,6,115726.7,,15.184135523003757,0.0,-4.439849322674351,0.4843813966386452,75905.49347949578,1.0
2025-08-07 16:47:00+00:00,sell,0.6529616459409673,115726.7,7,115640.0,,15.113019302263307,0.0,-4.726149478804933,0.3476031222797967,75549.98349201426,1.0
2025-08-07 16:48:00+00:00,buy,0.655140296904345,115640.0,5,115921.8,75775.57601880527,15.152084786803693,0.0,-3.0953655871322243,0.24753910218070374,,
2025-08-07 16:49:00+00:00,buy,0.651510317197464,115921.8,4,116091.5,75539.3535378386,15.104849737620198,0.0,-2.15917950778197,0.17398709193613168,,
2025-08-07 16:50:00+00:00,sell,0.6557565999194184,116091.6,5,116040.0,,15.22556657904103,0.0,-2.419717437407477,0.09005810950896168,76112.60732862611,0.0
2025-08-07 16:51:00+00:00,sell,0.6508940141823907,116254.18564212843,4,116310.0,,15.133830711621966,0.0,-0.9357088616128061,0.030484238728096424,75654.0197273982,1.0
