Equity,DrawdownPct,DrawdownDuration
200000.0,0.0,
200000.0,0.0,
200000.0,0.0,
200000.0,0.0,
200000.0,0.0,
200000.0,0.0,
200000.0,0.0,
200000.0,0.0,
200000.0,0.0,
200000.0,0.0,
200000.0,0.0,
200000.0,0.0,
200000.0,0.0,
200000.0,0.0,
200000.0,0.0,
200000.0,0.0,
200000.0,0.0,
200000.0,0.0,
200000.0,0.0,
200000.0,0.0,
200000.0,0.0,
200000.0,0.0,
200000.0,0.0,
200000.0,0.0,
200000.0,0.0,
200000.0,0.0,
200000.0,0.0,
200000.0,0.0,
200000.0,0.0,
200000.0,0.0,
200000.0,0.0,
200000.0,0.0,
200000.0,0.0,
200000.0,0.0,
200000.0,0.0,
200000.0,0.0,
200000.0,0.0,
200000.0,0.0,
200000.0,0.0,
200000.0,0.0,
200000.0,0.0,
199860.228,0.0006988599999999678,
199881.428,0.0005928599999999173,
199936.228,0.0003188600000000319,
200013.428,0.0,0 days 01:00:00
200013.428,0.0,
200050.228,0.0,
199989.728,0.00030242404922431465,
199922.328,0.0006393394362939064,
200892.228,0.0,0 days 00:45:00
200543.428,0.0017362543263743646,
200757.328,0.0006715043251946939,
200616.12800000003,0.0013743687486007516,
200566.328,0.001622262858272383,
200641.328,0.0012489283557549635,
200711.228,0.000900980599408796,
200725.728,0.0008288025955887068,
200935.028,0.0,0 days 02:00:00
201562.328,0.0,
201516.228,0.00022871337346330733,
201953.428,0.0,0 days 00:30:00
201862.028,0.0004525795917661446,
201716.328,0.0011740330547892475,
201801.228,0.0007536391013873711,
201610.328,0.001698906541957812,
201849.928,0.0005124943954900596,
202059.828,0.0,0 days 01:30:00
201931.028,0.000637434968023487,
202020.228,0.00019598155849165355,
201914.828,0.0007176092419518554,
202082.328,0.0,0 days 01:00:00
201783.328,0.001479594989622246,
201748.328,0.00165279172753785,
201730.828,0.0017393900964957076,
201705.728,0.0018635968999723973,
201916.028,0.0008229319290107284,
201665.228,0.002064010268131966,
201611.728,0.002328753853231613,
201841.928,0.001189614165569175,
201722.928,0.001778483074482362,
201878.328,0.0010094895581369556,
201839.428,0.0012019853611345832,
201748.328,0.00165279172753785,
201649.828,0.002140216832814845,
201779.328,0.001499388902526877,
201709.428,0.0018452875305355887,
201904.228,0.0008813239720794064,
201799.428,0.0013999244901810037,
201799.428,0.0013999244901810037,
201799.428,0.0013999244901810037,
201799.428,0.0013999244901810037,
201799.428,0.0013999244901810037,
201799.428,0.0013999244901810037,
201799.428,0.0013999244901810037,
201799.428,0.0013999244901810037,
201799.428,0.0013999244901810037,
201799.428,0.0013999244901810037,
201799.428,0.0013999244901810037,
201799.428,0.0013999244901810037,
201799.428,0.0013999244901810037,
201799.428,0.0013999244901810037,
201799.428,0.0013999244901810037,
201836.63000000003,0.0012158312032112262,
201975.93000000002,0.000526508186307062,
201773.03000000003,0.0015305544183951136,
201677.13000000003,0.002005113480283982,
201924.73000000004,0.0007798702714864048,
201841.63000000003,0.0011910888120804097,
202167.03000000003,0.0,0 days 09:30:00
202169.03000000003,0.0,
202186.13000000003,0.0,
202057.93000000002,0.0006340692113747659,
202296.03000000003,0.0,0 days 00:30:00
202444.93000000002,0.0,
202514.03000000003,0.0,
202568.93000000002,0.0,
202569.53000000003,0.0,
202257.43000000002,0.0015407055542855375,
202324.23000000004,0.0012109422379564805,
202175.03000000003,0.0019474794654457117,
202390.93000000002,0.0008816725792867297,
202235.23000000004,0.0016502975546223153,
202199.93000000002,0.0018245587083112191,
202271.43000000002,0.001471593482000988,
202505.03000000003,0.0003184091901679009,
202490.13000000003,0.000391964181384985,
202546.43000000002,0.00011403491926942344,
202545.73000000004,0.00011749052288356765,
202767.03000000003,0.0,0 days 03:00:00
202842.13000000003,0.0,
202920.63000000003,0.0,
202837.03000000003,0.00041198373965234403,
202770.93000000002,0.0007377268639467971,
203029.03000000003,0.0,0 days 00:45:00
202964.13000000003,0.0003196587207258128,
203331.43000000002,0.0,0 days 00:30:00
203150.73000000004,0.0008886968433753362,
203136.33000000002,0.0009595171784313461,
202932.33000000002,0.00196280525839021,
202837.83000000002,0.0024275637071947687,
202736.93000000002,0.00292379786046848,
202419.53000000003,0.00448479607899277,
202510.23000000004,0.004038726329716913,
202312.03000000003,0.005013489552500583,
202420.93000000002,0.004477910768640125,
202461.03000000003,0.0042806958078246415,
202646.63000000003,0.003367900378214994,
202541.13000000003,0.003886757694076093,
202541.13000000003,0.003886757694076093,
202541.13000000003,0.003886757694076093,
202541.13000000003,0.003886757694076093,
202541.13000000003,0.003886757694076093,
202541.13000000003,0.003886757694076093,
202541.13000000003,0.003886757694076093,
202541.13000000003,0.003886757694076093,
202541.13000000003,0.003886757694076093,
202541.13000000003,0.003886757694076093,
202541.13000000003,0.003886757694076093,
202541.13000000003,0.003886757694076093,
202541.13000000003,0.003886757694076093,
202541.13000000003,0.003886757694076093,
202541.13000000003,0.003886757694076093,
202541.13000000003,0.003886757694076093,
202541.13000000003,0.003886757694076093,
202541.13000000003,0.003886757694076093,
202541.13000000003,0.003886757694076093,
202541.13000000003,0.003886757694076093,
202541.13000000003,0.003886757694076093,
202541.13000000003,0.003886757694076093,
202541.13000000003,0.003886757694076093,
202541.13000000003,0.003886757694076093,
202541.13000000003,0.003886757694076093,
202541.13000000003,0.003886757694076093,
202541.13000000003,0.003886757694076093,
202541.13000000003,0.003886757694076093,
202541.13000000003,0.003886757694076093,
202541.13000000003,0.003886757694076093,
202541.13000000003,0.003886757694076093,
202734.00500000006,0.0029381832410265707,
202801.90500000006,0.0026042456889225907,
202845.30500000005,0.002390801067990167,
202500.80500000005,0.004085079222626686,
202578.70500000005,0.003701960882289468,
202437.40500000006,0.004396885420025698,
202417.70500000005,0.004493771572845251,
202102.70500000005,0.006042966402193595,
202050.70500000005,0.006298706501006612,
202050.10500000004,0.006301657348300682,
201878.40500000006,0.0071460914822659705,
201824.80500000005,0.0074097005071963595,
201824.90500000006,0.007409208699314052,
201824.90500000006,0.007409208699314052,
201824.90500000006,0.007409208699314052,
201824.90500000006,0.007409208699314052,
201824.90500000006,0.007409208699314052,
201824.90500000006,0.007409208699314052,
201824.90500000006,0.007409208699314052,
201824.90500000006,0.007409208699314052,
201824.90500000006,0.007409208699314052,
201824.90500000006,0.007409208699314052,
201824.90500000006,0.007409208699314052,
201824.90500000006,0.007409208699314052,
201824.90500000006,0.007409208699314052,
201824.90500000006,0.007409208699314052,
201824.90500000006,0.007409208699314052,
201824.90500000006,0.007409208699314052,
201824.90500000006,0.007409208699314052,
201824.90500000006,0.007409208699314052,
201824.90500000006,0.007409208699314052,
201824.90500000006,0.007409208699314052,
201824.90500000006,0.007409208699314052,
201824.90500000006,0.007409208699314052,
201824.90500000006,0.007409208699314052,
201824.90500000006,0.007409208699314052,
201824.90500000006,0.007409208699314052,
201824.90500000006,0.007409208699314052,
201824.90500000006,0.007409208699314052,
201824.90500000006,0.007409208699314052,
201824.90500000006,0.007409208699314052,
201824.90500000006,0.007409208699314052,
201824.90500000006,0.007409208699314052,
201824.90500000006,0.007409208699314052,
201824.90500000006,0.007409208699314052,
201824.90500000006,0.007409208699314052,
201824.90500000006,0.007409208699314052,
201824.90500000006,0.007409208699314052,
201824.90500000006,0.007409208699314052,
201824.90500000006,0.007409208699314052,
201824.90500000006,0.007409208699314052,
201824.90500000006,0.007409208699314052,
201824.90500000006,0.007409208699314052,
201824.90500000006,0.007409208699314052,
201824.90500000006,0.007409208699314052,
201824.90500000006,0.007409208699314052,
201824.90500000006,0.007409208699314052,
201824.90500000006,0.007409208699314052,
201824.90500000006,0.007409208699314052,
201951.68600000005,0.006785689748013746,
202006.78600000008,0.006514703604848182,
202019.78600000008,0.006450768580144928,
201956.48600000006,0.006762082969661742,
201821.88600000006,0.007424056379281674,
202061.68600000005,0.0062447010774476785,
202107.18600000005,0.006020928490986233,
202071.88600000006,0.006194536673449713,
202131.68600000005,0.005900435559814676,
202121.58600000007,0.005950108155930223,
202180.08600000007,0.005662400544765522,
202109.78600000008,0.0060081414860454485,
202141.58600000007,0.005851746579463635,
202095.58600000007,0.0060779782053367315,
201931.48600000006,0.0068850349402449496,
201906.28600000008,0.007008970526592662,
201788.58600000007,0.00758782840409844,
201961.58600000007,0.006737000767662704,
202032.68600000005,0.006387325363324203,
202336.18600000005,0.0048946884404441615,
202663.58600000007,0.003284509433686411,
202739.68600000005,0.002910243635231291,
203117.78600000008,0.0010507180321307485,
203388.48600000006,0.0,1 days 07:15:00
203516.48600000006,0.0,
202361.88600000006,0.005673250470725977,
202660.78600000008,0.0042045733828166565,
202925.78600000008,0.0029024675671728284,
202626.68600000005,0.004372127376452539,
202136.88600000006,0.006778812012310453,
202237.78600000008,0.006283029080995317,
202461.78600000008,0.00518238114626246,
202672.78600000008,0.004145610100598884,
202686.48600000006,0.004078293686733514,
202938.48600000006,0.002840064760159078,
203070.88600000006,0.002189503213022248,
203053.78600000008,0.0022735258901825928,
203112.88600000006,0.001983131725259879,
202892.38600000006,0.0030665820360126217,
202905.08600000007,0.003004179228998649,
202491.78600000008,0.005034972940717863,
202337.78600000008,0.005791668395846772,
202608.78600000008,0.004460080939094002,
202421.58600000007,0.005379908141692202,
201309.68600000005,0.010843347599859832,
201601.58600000007,0.009409065759910962,
201601.18600000005,0.009411031202651632,
201601.18600000005,0.009411031202651632,
201601.18600000005,0.009411031202651632,
201601.18600000005,0.009411031202651632,
201601.18600000005,0.009411031202651632,
201601.18600000005,0.009411031202651632,
201601.18600000005,0.009411031202651632,
201601.18600000005,0.009411031202651632,
201601.18600000005,0.009411031202651632,
201601.18600000005,0.009411031202651632,
201601.18600000005,0.009411031202651632,
201601.18600000005,0.009411031202651632,
201601.18600000005,0.009411031202651632,
201601.18600000005,0.009411031202651632,
201601.18600000005,0.009411031202651632,
201601.18600000005,0.009411031202651632,
201601.18600000005,0.009411031202651632,
201601.18600000005,0.009411031202651632,
201601.18600000005,0.009411031202651632,
201601.18600000005,0.009411031202651632,
201601.18600000005,0.009411031202651632,
201601.18600000005,0.009411031202651632,
201601.18600000005,0.009411031202651632,
201601.18600000005,0.009411031202651632,
201601.18600000005,0.009411031202651632,
201601.18600000005,0.009411031202651632,
201601.18600000005,0.009411031202651632,
201601.18600000005,0.009411031202651632,
201601.18600000005,0.009411031202651632,
201601.18600000005,0.009411031202651632,
201601.18600000005,0.009411031202651632,
201601.18600000005,0.009411031202651632,
201601.18600000005,0.009411031202651632,
201601.18600000005,0.009411031202651632,
201601.18600000005,0.009411031202651632,
201601.18600000005,0.009411031202651632,
201601.18600000005,0.009411031202651632,
201601.18600000005,0.009411031202651632,
201601.18600000005,0.009411031202651632,
201601.18600000005,0.009411031202651632,
201336.61110000007,0.010711048244022803,
201384.91110000008,0.010473721033095962,
201357.11110000007,0.010610319303567373,
201341.41110000008,0.01068746293113565,
201584.11110000007,0.00949493054827999,
201567.11110000007,0.009578461864755194,
201742.01110000006,0.008719072026430297,
201591.11110000007,0.00946053530031954,
201873.01110000006,0.008075389528885646,
201624.01110000006,0.009298877634905667,
201603.11110000007,0.009401572018101767,
201413.21110000007,0.010334665959198963,
201365.11110000007,0.010571010448755414,
201177.31110000005,0.011493785815464674,
201237.11110000007,0.01119995212574565,
201238.41110000008,0.011193564436838721,
201293.11110000007,0.01092479014206249,
201224.31110000005,0.011262846293444762,
201353.01110000006,0.010630465091658436,
201343.11110000007,0.010679109799488162,
201173.11110000007,0.011514422964240767,
201173.21110000007,0.011513931603555627,
201173.21110000007,0.011513931603555627,
201173.21110000007,0.011513931603555627,
201173.21110000007,0.011513931603555627,
201173.21110000007,0.011513931603555627,
201173.21110000007,0.011513931603555627,
201173.21110000007,0.011513931603555627,
201173.21110000007,0.011513931603555627,
201173.21110000007,0.011513931603555627,
201239.94510000007,0.011186026963928564,
200716.64510000008,0.0137573174293113,
200572.3451000001,0.014466350897980651,
200397.8451000001,0.01532377529356499,
200023.74510000006,0.017161955616706193,
200023.8451000001,0.01716146425602083,
200023.8451000001,0.01716146425602083,
200023.8451000001,0.01716146425602083,
200023.8451000001,0.01716146425602083,
200023.8451000001,0.01716146425602083,
200023.8451000001,0.01716146425602083,
200023.8451000001,0.01716146425602083,
200023.8451000001,0.01716146425602083,
200023.8451000001,0.01716146425602083,
200023.8451000001,0.01716146425602083,
200023.8451000001,0.01716146425602083,
200023.8451000001,0.01716146425602083,
200023.8451000001,0.01716146425602083,
200023.8451000001,0.01716146425602083,
200023.8451000001,0.01716146425602083,
200023.8451000001,0.01716146425602083,
200023.8451000001,0.01716146425602083,
200023.8451000001,0.01716146425602083,
200023.8451000001,0.01716146425602083,
200023.8451000001,0.01716146425602083,
200023.8451000001,0.01716146425602083,
200023.8451000001,0.01716146425602083,
200023.8451000001,0.01716146425602083,
200023.8451000001,0.01716146425602083,
200023.8451000001,0.01716146425602083,
200023.8451000001,0.01716146425602083,
200023.8451000001,0.01716146425602083,
200023.8451000001,0.01716146425602083,
200023.8451000001,0.01716146425602083,
200023.8451000001,0.01716146425602083,
200023.8451000001,0.01716146425602083,
200023.8451000001,0.01716146425602083,
199825.7252000001,0.01813494755407652,
199724.7252000001,0.018631221846076684,
199282.82520000014,0.020802544713748317,
199161.02520000012,0.02140102202825933,
198698.52520000012,0.023673565197071755,
198697.7252000001,0.023677496082552985,
198697.7252000001,0.023677496082552985,
198697.7252000001,0.023677496082552985,
198697.7252000001,0.023677496082552985,
198697.7252000001,0.023677496082552985,
198697.7252000001,0.023677496082552985,
198697.7252000001,0.023677496082552985,
198697.7252000001,0.023677496082552985,
198697.7252000001,0.023677496082552985,
198697.7252000001,0.023677496082552985,
198697.7252000001,0.023677496082552985,
198697.7252000001,0.023677496082552985,
198697.7252000001,0.023677496082552985,
198697.7252000001,0.023677496082552985,
198697.7252000001,0.023677496082552985,
198697.7252000001,0.023677496082552985,
198697.7252000001,0.023677496082552985,
198697.7252000001,0.023677496082552985,
198697.7252000001,0.023677496082552985,
198697.7252000001,0.023677496082552985,
198697.7252000001,0.023677496082552985,
198697.7252000001,0.023677496082552985,
198697.7252000001,0.023677496082552985,
198697.7252000001,0.023677496082552985,
198697.7252000001,0.023677496082552985,
198697.7252000001,0.023677496082552985,
198697.7252000001,0.023677496082552985,
198697.7252000001,0.023677496082552985,
198697.7252000001,0.023677496082552985,
198697.7252000001,0.023677496082552985,
198697.7252000001,0.023677496082552985,
198697.7252000001,0.023677496082552985,
198572.4441000001,0.024293078153874714,
198046.74410000013,0.026876161275700916,
197881.1441000001,0.02768985457030726,
198061.3441000001,0.0268044226156694,
197909.3441000001,0.02755129085709529,
197616.6441000001,0.02898950358252539,
197619.6441000001,0.028974762761970863,
197385.4441000001,0.030125529486588865,
197380.4441000001,0.030150097520846297,
197075.4441000001,0.03164874761054959,
197267.9441000001,0.030702878291638536,
197111.24410000013,0.03147284048526633,
197308.74410000013,0.030502403132097733,
197204.6441000001,0.031013909605337675,
197204.54410000012,0.031014400966022704,
197204.54410000012,0.031014400966022704,
197204.54410000012,0.031014400966022704,
197204.54410000012,0.031014400966022704,
197204.54410000012,0.031014400966022704,
197204.54410000012,0.031014400966022704,
197204.54410000012,0.031014400966022704,
197204.54410000012,0.031014400966022704,
197204.54410000012,0.031014400966022704,
197204.54410000012,0.031014400966022704,
197204.54410000012,0.031014400966022704,
197204.54410000012,0.031014400966022704,
197204.54410000012,0.031014400966022704,
197204.54410000012,0.031014400966022704,
197204.54410000012,0.031014400966022704,
197204.54410000012,0.031014400966022704,
197204.54410000012,0.031014400966022704,
197204.54410000012,0.031014400966022704,
197204.54410000012,0.031014400966022704,
197204.54410000012,0.031014400966022704,
197204.54410000012,0.031014400966022704,
197204.54410000012,0.031014400966022704,
197204.54410000012,0.031014400966022704,
197204.54410000012,0.031014400966022704,
197204.54410000012,0.031014400966022704,
197204.54410000012,0.031014400966022704,
197204.54410000012,0.031014400966022704,
197204.54410000012,0.031014400966022704,
197204.54410000012,0.031014400966022704,
197204.54410000012,0.031014400966022704,
197204.54410000012,0.031014400966022704,
197204.54410000012,0.031014400966022704,
197204.54410000012,0.031014400966022704,
197204.54410000012,0.031014400966022704,
197204.54410000012,0.031014400966022704,
197204.54410000012,0.031014400966022704,
197204.54410000012,0.031014400966022704,
197204.54410000012,0.031014400966022704,
197204.54410000012,0.031014400966022704,
197204.54410000012,0.031014400966022704,
197204.54410000012,0.031014400966022704,
197204.54410000012,0.031014400966022704,
197204.54410000012,0.031014400966022704,
197204.54410000012,0.031014400966022704,
197204.54410000012,0.031014400966022704,
197157.4434000001,0.031245835288252533,
197406.04340000014,0.03002431262497285,
197154.24340000012,0.03126155883017723,
197212.14340000012,0.03097706099347619,
197443.34340000013,0.029841035089412493,
197807.84340000013,0.02805002539204582,
198162.14340000012,0.02630913448456429,
198017.64340000012,0.02701915067460403,
198203.34340000013,0.02610669388228304,
198818.04340000014,0.023086299750674333,
199255.9434000001,0.020934631310408736,
199332.74340000012,0.020557266304214505,
199037.34340000013,0.02200874576814349,
199121.14340000012,0.02159698551398903,
198556.4434000001,0.024371699303023298,
198847.64340000012,0.022940856987870517,
198274.74340000012,0.02575586235308691,
198355.84340000013,0.025357368837431338,
198525.84340000013,0.024522055672678733,
198580.84340000013,0.024251807295846972,
198371.9434000001,0.025278259767122502,
198715.34340000013,0.023590927174322096,
198875.54340000014,0.022803767356713855,
199282.24340000012,0.020805403450214532,
199572.9434000001,0.019377017938487562,
199573.9434000001,0.019372104331636053,
199309.04340000014,0.02067371878659463,
199375.9434000001,0.020344998488230348,
199383.14340000012,0.020309620518899618,
199392.04340000014,0.02026588941792129,
199181.64340000012,0.021299712299474027,
199180.34340000013,0.021306099988380955,
199010.14340000012,0.02214239587450395,
199134.64340000012,0.02153065182149394,
199233.74340000012,0.021043713382511653,
199166.24340000012,0.021375381844986885,
199005.14340000012,0.022166963908761383,
198930.34340000013,0.022534501701252485,
198708.74340000012,0.023623356979541876,
199309.74340000012,0.020670279261798652,
199283.9434000001,0.020797050318567045,
199537.4434000001,0.01955145098171529,
199639.14340000012,0.019051737164919147,
199490.14340000012,0.019783864585790623,
199462.04340000014,0.01992193693831723,
199346.14340000012,0.020491423972404554,
199271.04340000014,0.020860435846951075,
199351.14340000012,0.02046685593814712,
199583.14340000012,0.019326899148602306,
199310.9434000001,0.020664382933576975,
199072.24340000012,0.0218372608890266,
199017.54340000014,0.02210603518380283,
199101.34340000013,0.02169427492964837,
199925.34340000013,0.017645462884023688,
199673.14340000012,0.018884674531968626,
199671.34340000013,0.018893519024301253,
199260.14340000012,0.02091399416163242,
199146.14340000012,0.021474145342701867,
199527.14340000012,0.019602061132285575,
199429.84340000013,0.020080155078935125,
199117.34340000013,0.021615657220024564,
199645.24340000012,0.019021764163125066,
199485.04340000014,0.019808923980733084,
199294.9434000001,0.020743000643200782,
199511.34340000013,0.019679696120538992,
200266.14340000012,0.01597090566903725,
200271.74340000012,0.015943389470668867,
199959.34340000013,0.017478400251073167,
199969.84340000013,0.017426807379132603,
199684.9434000001,0.018826693971121133,
199590.64340000012,0.019290047097216267,
199592.34340000013,0.01928169396556867,
199200.64340000012,0.021206353769295805,
198326.04340000014,0.025503794321605544,
198418.24340000012,0.02505075976989868,
198536.24340000012,0.02447095416142331,
198536.24340000012,0.02447095416142331,
198536.24340000012,0.02447095416142331,
198536.24340000012,0.02447095416142331,
198536.24340000012,0.02447095416142331,
198536.24340000012,0.02447095416142331,
198536.24340000012,0.02447095416142331,
198536.24340000012,0.02447095416142331,
198536.24340000012,0.02447095416142331,
198536.24340000012,0.02447095416142331,
198536.24340000012,0.02447095416142331,
198536.24340000012,0.02447095416142331,
198536.24340000012,0.02447095416142331,
198536.24340000012,0.02447095416142331,
198536.24340000012,0.02447095416142331,
198536.24340000012,0.02447095416142331,
198536.24340000012,0.02447095416142331,
198536.24340000012,0.02447095416142331,
198536.24340000012,0.02447095416142331,
198536.24340000012,0.02447095416142331,
198536.24340000012,0.02447095416142331,
198536.24340000012,0.02447095416142331,
198536.24340000012,0.02447095416142331,
198536.24340000012,0.02447095416142331,
198497.60330000013,0.02466081642152529,
198536.60330000013,0.024469185754317335,
198490.70330000014,0.0246947203088006,
198356.70330000014,0.025353143626899666,
198410.80330000015,0.025087317496234274,
198496.40330000012,0.02466671274974719,
198613.50330000013,0.024091329387438076,
198656.30330000015,0.023881027014194367,
198811.60330000013,0.02311794387015864,
198705.50330000013,0.02363927755710138,
198616.60330000013,0.02407609720619841,
198515.40330000012,0.024573354219568966,
198536.50330000013,0.024469677115002586,
198498.40330000012,0.02465688553604417,
198669.80330000015,0.023814693321699387,
198782.20330000014,0.02326240391159229,
198918.40330000012,0.022593170658419925,
199057.20330000014,0.021911162027433595,
199119.00330000013,0.021607501124011774,
199148.90330000012,0.021460584279152428,
199178.50330000013,0.02131514151634839,
199157.50330000013,0.02141832726022963,
199160.40330000012,0.021404077800360355,
198973.70330000014,0.022321448199532745,
199035.30330000015,0.022018770017481093,
199161.00330000013,0.021401129636249405,
199016.80330000015,0.022109671744233617,
198941.30330000015,0.022480649061520808,
198917.60330000013,0.022597101543901155,
198859.40330000012,0.02288307346265761,
198890.60330000013,0.022729768928891225,
198936.20330000014,0.02250570845646338,
199058.60330000013,0.021904282977841527,
198984.30330000015,0.02226936396690693,
198959.30330000015,0.022392204138194094,
199039.10330000013,0.02200009831144556,
199073.00330000013,0.02183352703918018,
199059.50330000013,0.02189986073167527,
199124.60330000013,0.021579984925643503,
199111.00330000013,0.021646809978823733,
199064.40330000012,0.021875784058102976,
198880.50330000013,0.02277939635809123,
198876.50330000013,0.022799050785497266,
198771.70330000014,0.023313996783532964,
198771.70330000014,0.023313996783532964,
198771.70330000014,0.023313996783532964,
198771.70330000014,0.023313996783532964,
198771.70330000014,0.023313996783532964,
198771.70330000014,0.023313996783532964,
198771.70330000014,0.023313996783532964,
198771.70330000014,0.023313996783532964,
198771.70330000014,0.023313996783532964,
198771.70330000014,0.023313996783532964,
198771.70330000014,0.023313996783532964,
198771.70330000014,0.023313996783532964,
198606.49010000017,0.024125789495008765,
198665.09010000015,0.02383785213351175,
198665.09010000015,0.02383785213351175,
198665.09010000015,0.02383785213351175,
198665.09010000015,0.02383785213351175,
198665.09010000015,0.02383785213351175,
198665.09010000015,0.02383785213351175,
198665.09010000015,0.02383785213351175,
198665.09010000015,0.02383785213351175,
198665.09010000015,0.02383785213351175,
198665.09010000015,0.02383785213351175,
198665.09010000015,0.02383785213351175,
198665.09010000015,0.02383785213351175,
198665.09010000015,0.02383785213351175,
198798.98930000013,0.02317992410698333,
198816.38930000016,0.023094427347767343,
198710.08930000017,0.02361674375608025,
198570.18930000014,0.02430415735460334,
198638.28930000015,0.023969540728017047,
198558.08930000017,0.02436361199750614,
198622.78930000015,0.024045701634215044,
198606.48930000013,0.024125793425894382,
198609.18930000014,0.024112526687395275,
198686.08930000017,0.023734670320515905,
198587.58930000017,0.024218660595387353,
198618.88930000016,0.02406486470093583,
198643.98930000013,0.023941533168963636,
198655.08930000017,0.02388699213291201,
198698.08930000017,0.023675707038298133,
198805.98930000013,0.02314552885902288,
198796.98930000013,0.023189751320686236,
198764.98930000013,0.02334698673993385,
198560.88930000016,0.024349853898322005,
198711.58930000017,0.023609373345803042,
198554.08930000017,0.024383266424912065,
198219.68930000014,0.026026376556049224,
198313.88930000016,0.02556351479063912,
198360.88930000016,0.025332575268619317,
198360.98930000013,0.02533208390793429,
198360.98930000013,0.02533208390793429,
198360.98930000013,0.02533208390793429,
198360.98930000013,0.02533208390793429,
198360.98930000013,0.02533208390793429,
198360.98930000013,0.02533208390793429,
198360.98930000013,0.02533208390793429,
198360.98930000013,0.02533208390793429,
198360.98930000013,0.02533208390793429,
198360.98930000013,0.02533208390793429,
198360.98930000013,0.02533208390793429,
198360.98930000013,0.02533208390793429,
198360.98930000013,0.02533208390793429,
198360.98930000013,0.02533208390793429,
198360.98930000013,0.02533208390793429,
198360.98930000013,0.02533208390793429,
198360.98930000013,0.02533208390793429,
198360.98930000013,0.02533208390793429,
198360.98930000013,0.02533208390793429,
198360.98930000013,0.02533208390793429,
198360.98930000013,0.02533208390793429,
198360.98930000013,0.02533208390793429,
198360.98930000013,0.02533208390793429,
198360.98930000013,0.02533208390793429,
198360.98930000013,0.02533208390793429,
198488.65750000015,0.024704772565697253,
198331.65750000015,0.025476208841380577,
198258.25750000012,0.025836867584279832,
198296.95750000014,0.025646710999127298,
198325.85750000016,0.025504707761119128,
198205.75750000012,0.026094831943982877,
198225.55750000014,0.025997542528323314,
198346.65750000015,0.025402504738608278,
198480.95750000014,0.024742607338453793,
198360.05750000014,0.025336662406798438,
198313.05750000014,0.02556760192881824,
198506.65750000015,0.02461632764237054,
198711.65750000015,0.023609038237815905,
198616.55750000014,0.024076322249392268,
198610.15750000015,0.024107769333241658,
198640.45750000014,0.023958887045641752,
198659.25750000012,0.02386651123683381,
198796.75750000012,0.023190890294754518,
198784.85750000016,0.02324936221628704,
198446.65750000015,0.024911144053459733,
198519.75750000012,0.02455195939261612,
198660.65750000015,0.02385963218724163,
198381.45750000014,0.02523151122017664,
198224.75750000012,0.026001473413804654,
198325.75750000012,0.02550519912180449,
198492.85750000016,0.024684135416920938,
198690.55750000014,0.023712715342382285,
198738.75750000012,0.023475879492140694,
199014.75750000012,0.022119724001130492,
198918.25750000012,0.022593887062298923,
198758.65750000015,0.023378098715795992,
198630.75750000012,0.0240065490321012,
198555.95750000014,0.0243740868245923,
198418.85750000016,0.02504774232393092,
198224.65750000015,0.026001964774489683,
198194.65750000015,0.02614937298003428,
198385.15750000015,0.025213330874826134,
198296.85750000016,0.025647202359812327,
198296.85750000016,0.025647202359812327,
198296.85750000016,0.025647202359812327,
198296.85750000016,0.025647202359812327,
198296.85750000016,0.025647202359812327,
198296.85750000016,0.025647202359812327,
198296.85750000016,0.025647202359812327,
198296.85750000016,0.025647202359812327,
198296.85750000016,0.025647202359812327,
198296.85750000016,0.025647202359812327,
198296.85750000016,0.025647202359812327,
198296.85750000016,0.025647202359812327,
198296.85750000016,0.025647202359812327,
198296.85750000016,0.025647202359812327,
198296.85750000016,0.025647202359812327,
198296.85750000016,0.025647202359812327,
198296.85750000016,0.025647202359812327,
198296.85750000016,0.025647202359812327,
198296.85750000016,0.025647202359812327,
198296.85750000016,0.025647202359812327,
198296.85750000016,0.025647202359812327,
198296.85750000016,0.025647202359812327,
198296.85750000016,0.025647202359812327,
198296.85750000016,0.025647202359812327,
198296.85750000016,0.025647202359812327,
198296.85750000016,0.025647202359812327,
198296.85750000016,0.025647202359812327,
198296.85750000016,0.025647202359812327,
198296.85750000016,0.025647202359812327,
198296.85750000016,0.025647202359812327,
198296.85750000016,0.025647202359812327,
198296.85750000016,0.025647202359812327,
198296.85750000016,0.025647202359812327,
198296.85750000016,0.025647202359812327,
198296.85750000016,0.025647202359812327,
198296.85750000016,0.025647202359812327,
198296.85750000016,0.025647202359812327,
198296.85750000016,0.025647202359812327,
198296.85750000016,0.025647202359812327,
198296.85750000016,0.025647202359812327,
198321.30750000017,0.025527064672293376,
197976.40750000018,0.02722176767537099,
197912.80750000017,0.027534273071125548,
197406.20750000016,0.0300235063020885,
197366.20750000016,0.03022005057614785,
197284.40750000018,0.030621983616599402,
197376.30750000017,0.030170423146947845,
197308.80750000017,0.030502091609423188,
197313.80750000017,0.030477523575165755,
197313.80750000017,0.030477523575165755,
197313.80750000017,0.030477523575165755,
197313.80750000017,0.030477523575165755,
197313.80750000017,0.030477523575165755,
197313.80750000017,0.030477523575165755,
197313.80750000017,0.030477523575165755,
197313.80750000017,0.030477523575165755,
197313.80750000017,0.030477523575165755,
197313.80750000017,0.030477523575165755,
197313.80750000017,0.030477523575165755,
197313.80750000017,0.030477523575165755,
197313.80750000017,0.030477523575165755,
197313.80750000017,0.030477523575165755,
197313.80750000017,0.030477523575165755,
197313.80750000017,0.030477523575165755,
197313.80750000017,0.030477523575165755,
197313.80750000017,0.030477523575165755,
197313.80750000017,0.030477523575165755,
197313.80750000017,0.030477523575165755,
197313.80750000017,0.030477523575165755,
197313.80750000017,0.030477523575165755,
197313.80750000017,0.030477523575165755,
197313.80750000017,0.030477523575165755,
197313.80750000017,0.030477523575165755,
197313.80750000017,0.030477523575165755,
197313.80750000017,0.030477523575165755,
197313.80750000017,0.030477523575165755,
197313.80750000017,0.030477523575165755,
197313.80750000017,0.030477523575165755,
197313.80750000017,0.030477523575165755,
197313.80750000017,0.030477523575165755,
197313.80750000017,0.030477523575165755,
197313.80750000017,0.030477523575165755,
197313.80750000017,0.030477523575165755,
197313.80750000017,0.030477523575165755,
197313.80750000017,0.030477523575165755,
197313.80750000017,0.030477523575165755,
197313.80750000017,0.030477523575165755,
197313.80750000017,0.030477523575165755,
197313.80750000017,0.030477523575165755,
197313.80750000017,0.030477523575165755,
196784.8632000002,0.03307654791170023,
196719.16320000018,0.03339937188184294,
196654.26320000016,0.03371826496650443,
196652.3632000002,0.033727600819522086,
196825.3632000002,0.032877546834215066,
196866.3632000002,0.032676088953304094,
196838.26320000016,0.032814161305831036,
196496.06320000018,0.03449559757040954,
196571.26320000016,0.03412609433517788,
197009.66320000018,0.03197196909148614,
196600.76320000016,0.03398114293305898,
194926.46320000017,0.04220799488450233,
195054.96320000017,0.041576596404086286,
195055.06320000018,0.041576105043401146,
195055.06320000018,0.041576105043401146,
195055.06320000018,0.041576105043401146,
195055.06320000018,0.041576105043401146,
195055.06320000018,0.041576105043401146,
195055.06320000018,0.041576105043401146,
195055.06320000018,0.041576105043401146,
195055.06320000018,0.041576105043401146,
195055.06320000018,0.041576105043401146,
195055.06320000018,0.041576105043401146,
195055.06320000018,0.041576105043401146,
195055.06320000018,0.041576105043401146,
195055.06320000018,0.041576105043401146,
195055.06320000018,0.041576105043401146,
195055.06320000018,0.041576105043401146,
195055.06320000018,0.041576105043401146,
195055.06320000018,0.041576105043401146,
195055.06320000018,0.041576105043401146,
195055.06320000018,0.041576105043401146,
195055.06320000018,0.041576105043401146,
195055.06320000018,0.041576105043401146,
195055.06320000018,0.041576105043401146,
195055.06320000018,0.041576105043401146,
195055.06320000018,0.041576105043401146,
195055.06320000018,0.041576105043401146,
195055.06320000018,0.041576105043401146,
195055.06320000018,0.041576105043401146,
195055.06320000018,0.041576105043401146,
195055.06320000018,0.041576105043401146,
195055.06320000018,0.041576105043401146,
195055.06320000018,0.041576105043401146,
195055.06320000018,0.041576105043401146,
195055.06320000018,0.041576105043401146,
195055.06320000018,0.041576105043401146,
195055.06320000018,0.041576105043401146,
195055.06320000018,0.041576105043401146,
195055.06320000018,0.041576105043401146,
195055.06320000018,0.041576105043401146,
195055.06320000018,0.041576105043401146,
195055.06320000018,0.041576105043401146,
195055.06320000018,0.041576105043401146,
195055.06320000018,0.041576105043401146,
195055.06320000018,0.041576105043401146,
194773.2322000002,0.042960911775962285,
194498.1322000002,0.04431264502080612,
194939.5322000002,0.042143778956560185,
194977.1322000002,0.0419590273389443,
195174.9322000002,0.04098711590372017,
195167.83220000018,0.041022002512365874,
195210.5322000002,0.040812191499807415,
194954.2322000002,0.042071548935843195,
194852.9322000002,0.04256929730989878,
194757.33220000018,0.04303903812490095,
194595.0322000002,0.04383651651689713,
193682.83220000018,0.048318708686822975,
192954.1322000002,0.051899253999500905,
192236.0322000002,0.05542771507955313,
192235.9322000002,0.05542820644023816,
192235.9322000002,0.05542820644023816,
192235.9322000002,0.05542820644023816,
192235.9322000002,0.05542820644023816,
192235.9322000002,0.05542820644023816,
192235.9322000002,0.05542820644023816,
192235.9322000002,0.05542820644023816,
192235.9322000002,0.05542820644023816,
192235.9322000002,0.05542820644023816,
192235.9322000002,0.05542820644023816,
192235.9322000002,0.05542820644023816,
192235.9322000002,0.05542820644023816,
192235.9322000002,0.05542820644023816,
192235.9322000002,0.05542820644023816,
192235.9322000002,0.05542820644023816,
192235.9322000002,0.05542820644023816,
192235.9322000002,0.05542820644023816,
192235.9322000002,0.05542820644023816,
192235.9322000002,0.05542820644023816,
192235.9322000002,0.05542820644023816,
192235.9322000002,0.05542820644023816,
192235.9322000002,0.05542820644023816,
192235.9322000002,0.05542820644023816,
192235.9322000002,0.05542820644023816,
192235.9322000002,0.05542820644023816,
192235.9322000002,0.05542820644023816,
192235.9322000002,0.05542820644023816,
192235.9322000002,0.05542820644023816,
192235.9322000002,0.05542820644023816,
192235.9322000002,0.05542820644023816,
192235.9322000002,0.05542820644023816,
192235.9322000002,0.05542820644023816,
192235.9322000002,0.05542820644023816,
192235.9322000002,0.05542820644023816,
192235.9322000002,0.05542820644023816,
192235.9322000002,0.05542820644023816,
192235.9322000002,0.05542820644023816,
192235.9322000002,0.05542820644023816,
192235.9322000002,0.05542820644023816,
192235.9322000002,0.05542820644023816,
192235.9322000002,0.05542820644023816,
192235.9322000002,0.05542820644023816,
192235.9322000002,0.05542820644023816,
192235.9322000002,0.05542820644023816,
192235.9322000002,0.05542820644023816,
192235.9322000002,0.05542820644023816,
192235.9322000002,0.05542820644023816,
192235.9322000002,0.05542820644023816,
192235.9322000002,0.05542820644023816,
192235.9322000002,0.05542820644023816,
192235.9322000002,0.05542820644023816,
192235.9322000002,0.05542820644023816,
192235.9322000002,0.05542820644023816,
192235.9322000002,0.05542820644023816,
192235.9322000002,0.05542820644023816,
192235.9322000002,0.05542820644023816,
192235.9322000002,0.05542820644023816,
192235.9322000002,0.05542820644023816,
192235.9322000002,0.05542820644023816,
192235.9322000002,0.05542820644023816,
192235.9322000002,0.05542820644023816,
192235.9322000002,0.05542820644023816,
192235.9322000002,0.05542820644023816,
192235.9322000002,0.05542820644023816,
192235.9322000002,0.05542820644023816,
192235.9322000002,0.05542820644023816,
192235.9322000002,0.05542820644023816,
192235.9322000002,0.05542820644023816,
192235.9322000002,0.05542820644023816,
192235.9322000002,0.05542820644023816,
192235.9322000002,0.05542820644023816,
192235.9322000002,0.05542820644023816,
192235.9322000002,0.05542820644023816,
191994.9196000002,0.056612447602892746,
191406.01960000023,0.059506070677732836,
191592.31960000022,0.058590665721301005,
191403.81960000022,0.05951688061280613,
190141.71960000021,0.06571834382006692,
190356.6196000002,0.06466240970768256,
190356.51960000023,0.06466290106836758,
190356.51960000023,0.06466290106836758,
190356.51960000023,0.06466290106836758,
190356.51960000023,0.06466290106836758,
190356.51960000023,0.06466290106836758,
190356.51960000023,0.06466290106836758,
190356.51960000023,0.06466290106836758,
190346.38960000023,0.06471267590577323,
190270.18960000025,0.0650870927478564,
190058.18960000025,0.06612877740037149,
189702.48960000026,0.06787654735744497,
190188.68960000025,0.06548755170625253,
190121.38960000023,0.0658182374473576,
190386.38960000023,0.06451613163171377,
190008.28960000025,0.06637396638226056,
189929.28960000025,0.06676214132352798,
189945.58960000024,0.06668204953184886,
189789.98960000026,0.06744660675794001,
190048.88960000023,0.06617447394409037,
190011.18960000025,0.06635971692239129,
190247.48960000026,0.06519863162338502,
190061.88960000023,0.06611059705502109,
189957.08960000024,0.06662554305305679,
190060.18960000025,0.06611895018666847,
190120.78960000025,0.06582118561146844,
189834.08960000024,0.0672299166957896,
189543.38960000023,0.06865830220751667,
189621.38960000023,0.06827504087310077,
189823.08960000024,0.06728396637115586,
190026.98960000026,0.06628208193413776,
190014.38960000023,0.06634399338046659,
190013.98960000026,0.06634595882320704,
190013.98960000026,0.06634595882320704,
190013.98960000026,0.06634595882320704,
190013.98960000026,0.06634595882320704,
190013.98960000026,0.06634595882320704,
190013.98960000026,0.06634595882320704,
190013.98960000026,0.06634595882320704,
190013.98960000026,0.06634595882320704,
190013.98960000026,0.06634595882320704,
190013.98960000026,0.06634595882320704,
190013.98960000026,0.06634595882320704,
190013.98960000026,0.06634595882320704,
190013.98960000026,0.06634595882320704,
189871.58050000027,0.06704570115268105,
189693.48050000027,0.06792081453293075,
189713.48050000027,0.06782254239590102,
190030.38050000026,0.06626542038466499,
190184.28050000028,0.06550921629022122,
189844.78050000028,0.06717738581630073,
189862.58050000027,0.0670899236143444,
190198.68050000025,0.06543846035155998,
190409.98050000027,0.06440021522384087,
190230.58050000027,0.0652817162929974,
190574.08050000027,0.06359389233951196,
190766.88050000026,0.06264654893854549,
190932.58050000027,0.061832364283254115,
190526.98050000027,0.0638253232222169,
190714.88050000026,0.06290205649482272,
190806.58050000027,0.06245147874654133,
191131.78050000028,0.06085357379843803,
190684.18050000025,0.06305290422516341,
191120.98050000027,0.06090664075243413,
191139.68050000025,0.060814756304311435,
191115.68050000025,0.06093268286874709,
191148.78050000028,0.060770042481962716,
191334.98050000027,0.059855128886216136,
191391.98050000027,0.05957505329568136,
191558.68050000025,0.0587559550335387,
191366.48050000027,0.05970035027039422,
191405.98050000027,0.05950626279976057,
191519.38050000026,0.05894905978280207,
191209.18050000025,0.060473260628133185,
191718.68050000025,0.05796977793730096,
191213.38050000026,0.06045262347935687,
191109.08050000027,0.06096511267396676,
191045.88050000026,0.06127565262698076,
190842.88050000026,0.06227311481783249,
190786.28050000028,0.06255122496562648,
190825.38050000026,0.0623591029377335,
190877.28050000028,0.062104086742141296,
190505.18050000025,0.06393243985157948,
190559.58050000027,0.06366513963885845,
190558.48050000027,0.0636705446063951,
190558.48050000027,0.0636705446063951,
190558.48050000027,0.0636705446063951,
190558.48050000027,0.0636705446063951,
190558.48050000027,0.0636705446063951,
190558.48050000027,0.0636705446063951,
190558.48050000027,0.0636705446063951,
190558.48050000027,0.0636705446063951,
190558.48050000027,0.0636705446063951,
190558.48050000027,0.0636705446063951,
190558.48050000027,0.0636705446063951,
190558.48050000027,0.0636705446063951,
190558.48050000027,0.0636705446063951,
190558.48050000027,0.0636705446063951,
190558.48050000027,0.0636705446063951,
190558.48050000027,0.0636705446063951,
190558.48050000027,0.0636705446063951,
190558.48050000027,0.0636705446063951,
190558.48050000027,0.0636705446063951,
190558.48050000027,0.0636705446063951,
190558.48050000027,0.0636705446063951,
190558.48050000027,0.0636705446063951,
190558.48050000027,0.0636705446063951,
190558.48050000027,0.0636705446063951,
190558.48050000027,0.0636705446063951,
190623.60740000027,0.0633505366243391,
190108.10740000027,0.06588350095628026,
190092.60740000027,0.06595966186247826,
189854.10740000027,0.06713155709655771,
189734.60740000027,0.06771873311531029,
189851.0074000003,0.06714678927779716,
190108.5074000003,0.06588153551353948,
189962.5074000003,0.06659892211385654,
189908.10740000027,0.06686622232657746,
189906.80740000028,0.06687261001548428,
189906.80740000028,0.06687261001548428,
189906.80740000028,0.06687261001548428,
189906.80740000028,0.06687261001548428,
189906.80740000028,0.06687261001548428,
189906.80740000028,0.06687261001548428,
189906.80740000028,0.06687261001548428,
189906.80740000028,0.06687261001548428,
189906.80740000028,0.06687261001548428,
189906.80740000028,0.06687261001548428,
189906.80740000028,0.06687261001548428,
189906.80740000028,0.06687261001548428,
189906.80740000028,0.06687261001548428,
189906.80740000028,0.06687261001548428,
189906.80740000028,0.06687261001548428,
189906.80740000028,0.06687261001548428,
189906.80740000028,0.06687261001548428,
189906.80740000028,0.06687261001548428,
189906.80740000028,0.06687261001548428,
189906.80740000028,0.06687261001548428,
189906.80740000028,0.06687261001548428,
189906.80740000028,0.06687261001548428,
189906.80740000028,0.06687261001548428,
189906.80740000028,0.06687261001548428,
189906.80740000028,0.06687261001548428,
189906.80740000028,0.06687261001548428,
189906.80740000028,0.06687261001548428,
189906.80740000028,0.06687261001548428,
189906.80740000028,0.06687261001548428,
189906.80740000028,0.06687261001548428,
189906.80740000028,0.06687261001548428,
189906.80740000028,0.06687261001548428,
189906.80740000028,0.06687261001548428,
189906.80740000028,0.06687261001548428,
189906.80740000028,0.06687261001548428,
189906.80740000028,0.06687261001548428,
189906.80740000028,0.06687261001548428,
189906.80740000028,0.06687261001548428,
189906.80740000028,0.06687261001548428,
189906.80740000028,0.06687261001548428,
189906.80740000028,0.06687261001548428,
189906.80740000028,0.06687261001548428,
189906.80740000028,0.06687261001548428,
189906.80740000028,0.06687261001548428,
189906.80740000028,0.06687261001548428,
189906.80740000028,0.06687261001548428,
189906.80740000028,0.06687261001548428,
189906.80740000028,0.06687261001548428,
189906.80740000028,0.06687261001548428,
189906.80740000028,0.06687261001548428,
189906.80740000028,0.06687261001548428,
189906.80740000028,0.06687261001548428,
189906.80740000028,0.06687261001548428,
189906.80740000028,0.06687261001548428,
189906.80740000028,0.06687261001548428,
189906.80740000028,0.06687261001548428,
189906.80740000028,0.06687261001548428,
189906.80740000028,0.06687261001548428,
189906.80740000028,0.06687261001548428,
189906.80740000028,0.06687261001548428,
189906.80740000028,0.06687261001548428,
189906.80740000028,0.06687261001548428,
189906.80740000028,0.06687261001548428,
189906.80740000028,0.06687261001548428,
189906.80740000028,0.06687261001548428,
189906.80740000028,0.06687261001548428,
189906.80740000028,0.06687261001548428,
189906.80740000028,0.06687261001548428,
189906.80740000028,0.06687261001548428,
189906.80740000028,0.06687261001548428,
189906.80740000028,0.06687261001548428,
189906.80740000028,0.06687261001548428,
189639.5228000003,0.06818594145734103,
190005.9228000003,0.06638559590695647,
189408.72280000028,0.06932000191866416,
189864.72280000028,0.06707939719438638,
189895.72280000028,0.06692707538199028,
189576.6228000003,0.0684950073282995,
189876.72280000028,0.06702043391216861,
190230.82280000031,0.06528052572605714,
190653.0228000003,0.0632060009133597,
190601.72280000028,0.06345806894484107,
190453.1228000003,0.06418823092297177,
190234.6228000003,0.06526185402002149,
189901.72280000028,0.06689759374088144,
190318.72280000028,0.06484861968381161,
190145.6228000003,0.06569916502980377,
190335.72280000028,0.06476508836733641,
190742.9228000003,0.06276426765741117,
190729.9228000003,0.06282814454648045,
190631.82280000031,0.06331016937861111,
190772.1228000003,0.06262079033734769,
190644.4228000003,0.0632482579322825,
190570.72280000028,0.06361039075723718,
190401.82280000031,0.06444029895445302,
190150.9228000003,0.06567312291349103,
190175.6228000003,0.06555175682425918,
190186.82280000031,0.06549672442752252,
190156.82280000031,0.06564413263306712,
190356.72280000028,0.06466190262345517,
190270.5228000003,0.0650854555340532,
190130.6228000003,0.06577286913257607,
189954.72280000028,0.06663717257775259,
189954.72280000028,0.06663717257775259,
189954.72280000028,0.06663717257775259,
189954.72280000028,0.06663717257775259,
189954.72280000028,0.06663717257775259,
189954.72280000028,0.06663717257775259,
189954.72280000028,0.06663717257775259,
189954.72280000028,0.06663717257775259,
189954.72280000028,0.06663717257775259,
189954.72280000028,0.06663717257775259,
189954.72280000028,0.06663717257775259,
189954.72280000028,0.06663717257775259,
189954.72280000028,0.06663717257775259,
189954.72280000028,0.06663717257775259,
189954.72280000028,0.06663717257775259,
189954.72280000028,0.06663717257775259,
189954.72280000028,0.06663717257775259,
189954.72280000028,0.06663717257775259,
189954.72280000028,0.06663717257775259,
189954.72280000028,0.06663717257775259,
189954.72280000028,0.06663717257775259,
189954.72280000028,0.06663717257775259,
189954.72280000028,0.06663717257775259,
189954.72280000028,0.06663717257775259,
189954.72280000028,0.06663717257775259,
189954.72280000028,0.06663717257775259,
189954.72280000028,0.06663717257775259,
189954.72280000028,0.06663717257775259,
189954.72280000028,0.06663717257775259,
189954.72280000028,0.06663717257775259,
189615.22020000027,0.06830535487921008,
190588.1202000003,0.06352490677339895,
190458.6202000003,0.0641612188606665,
190221.42020000028,0.06532672640583903,
190679.42020000028,0.06307629446785834,
191384.82020000028,0.05961023619481998,
191178.52020000026,0.06062391328828176,
191441.52020000026,0.05933163468634084,
191632.22020000027,0.0583946098597623,
191740.42020000028,0.05786295759843152,
191668.82020000028,0.058214771848997926,
191655.52020000026,0.05828012282012274,
191865.72020000027,0.05724728265994028,
191903.6202000003,0.05706105696026886,
192307.82020000028,0.05507497707089826,
192444.52020000026,0.054403287014300195,
192389.82020000028,0.054672061309076314,
192249.82020000028,0.05535996626828443,
192889.32020000028,0.052217714686758954,
192818.92020000028,0.05256363260910357,
192500.92020000028,0.054126159587876255,
192478.6202000003,0.05423573302066431,
192547.42020000028,0.05389767686928215,
192926.22020000027,0.05203640259393916,
192737.42020000028,0.052964091567499705,
192982.52020000026,0.05175976652820058,
192751.22020000027,0.052896283792949306,
192669.6202000003,0.05329723411203047,
192627.22020000027,0.053505571042533506,
192465.6202000003,0.05429960990973359,
192467.32020000028,0.054291256778086217,
192386.72020000027,0.05468729349031598,
192368.02020000026,0.054779177938438894,
192137.22020000027,0.05591323839976181,
191943.72020000027,0.05686402132552437,
191759.92020000028,0.05776714226482749,
191956.52020000026,0.05680112715782537,
191956.52020000026,0.05680112715782537,
191956.52020000026,0.05680112715782537,
191956.52020000026,0.05680112715782537,
191956.52020000026,0.05680112715782537,
191956.52020000026,0.05680112715782537,
191956.52020000026,0.05680112715782537,
191956.52020000026,0.05680112715782537,
191956.52020000026,0.05680112715782537,
191956.52020000026,0.05680112715782537,
191956.52020000026,0.05680112715782537,
191956.52020000026,0.05680112715782537,
191956.52020000026,0.05680112715782537,
191956.52020000026,0.05680112715782537,
191956.52020000026,0.05680112715782537,
191956.52020000026,0.05680112715782537,
191956.52020000026,0.05680112715782537,
191956.52020000026,0.05680112715782537,
191956.52020000026,0.05680112715782537,
191956.52020000026,0.05680112715782537,
191956.52020000026,0.05680112715782537,
191956.52020000026,0.05680112715782537,
191956.52020000026,0.05680112715782537,
191956.52020000026,0.05680112715782537,
191956.52020000026,0.05680112715782537,
191956.52020000026,0.05680112715782537,
191956.52020000026,0.05680112715782537,
191956.52020000026,0.05680112715782537,
191956.52020000026,0.05680112715782537,
191956.52020000026,0.05680112715782537,
191956.52020000026,0.05680112715782537,
191956.52020000026,0.05680112715782537,
191956.52020000026,0.05680112715782537,
191956.52020000026,0.05680112715782537,
191956.52020000026,0.05680112715782537,
191956.52020000026,0.05680112715782537,
191956.52020000026,0.05680112715782537,
191956.52020000026,0.05680112715782537,
191956.52020000026,0.05680112715782537,
191833.2243000003,0.057406954736825444,
191981.92430000028,0.0566763013980095,
191872.32430000027,0.05721483270893246,
191385.92430000028,0.05960481108149529,
191218.82430000027,0.06042587478637873,
191218.82430000027,0.06042587478637873,
191218.82430000027,0.06042587478637873,
191218.82430000027,0.06042587478637873,
191218.82430000027,0.06042587478637873,
191218.82430000027,0.06042587478637873,
191218.82430000027,0.06042587478637873,
191218.82430000027,0.06042587478637873,
191218.82430000027,0.06042587478637873,
191218.82430000027,0.06042587478637873,
191218.82430000027,0.06042587478637873,
191218.82430000027,0.06042587478637873,
191218.82430000027,0.06042587478637873,
191218.82430000027,0.06042587478637873,
191218.82430000027,0.06042587478637873,
191218.82430000027,0.06042587478637873,
191218.82430000027,0.06042587478637873,
191218.82430000027,0.06042587478637873,
191218.82430000027,0.06042587478637873,
191218.82430000027,0.06042587478637873,
191218.82430000027,0.06042587478637873,
191218.82430000027,0.06042587478637873,
191218.82430000027,0.06042587478637873,
191218.82430000027,0.06042587478637873,
191218.82430000027,0.06042587478637873,
191218.82430000027,0.06042587478637873,
191218.82430000027,0.06042587478637873,
191218.82430000027,0.06042587478637873,
191218.82430000027,0.06042587478637873,
191104.5836000003,0.06098720867261709,
190775.98360000027,0.06260181988401559,
190931.3836000003,0.06183824537929461,
190956.7836000003,0.061713439765266886,
190946.0836000003,0.06176601535857762,
191088.18360000028,0.061067791824981565,
191105.98360000027,0.06098032962302513,
191051.7836000003,0.06124664711437566,
191016.8836000003,0.06141813199349244,
191068.98360000027,0.06116213307653018,
191309.2836000003,0.059981393350117984,
191255.98360000027,0.06024328859530226,
191341.8836000003,0.05982120976675942,
191312.98360000027,0.05996321300476759,
191228.98360000027,0.06037595598029233,
191358.0836000003,0.05974160933576533,
191363.0836000003,0.0597170413015079,
191440.8836000003,0.059334762688462384,
191360.8836000003,0.0597278512365812,
191296.0836000003,0.060046252960557434,
191032.0836000003,0.061343445169349864,
190761.8836000003,0.06267110174062152,
190999.0836000003,0.061505594195448876,
190775.8836000003,0.06260231124470073,
190943.2836000003,0.061779773457761866,
190830.8836000003,0.062332062867868965,
190830.98360000027,0.062331571507183936,
190830.98360000027,0.062331571507183936,
190830.98360000027,0.062331571507183936,
190830.98360000027,0.062331571507183936,
190830.98360000027,0.062331571507183936,
190830.98360000027,0.062331571507183936,
190830.98360000027,0.062331571507183936,
190830.98360000027,0.062331571507183936,
190830.98360000027,0.062331571507183936,
190830.98360000027,0.062331571507183936,
190830.98360000027,0.062331571507183936,
190830.98360000027,0.062331571507183936,
190830.98360000027,0.062331571507183936,
190830.98360000027,0.062331571507183936,
190830.98360000027,0.062331571507183936,
190830.98360000027,0.062331571507183936,
190830.98360000027,0.062331571507183936,
190830.98360000027,0.062331571507183936,
190830.98360000027,0.062331571507183936,
190830.98360000027,0.062331571507183936,
190830.98360000027,0.062331571507183936,
190830.98360000027,0.062331571507183936,
190830.98360000027,0.062331571507183936,
190830.98360000027,0.062331571507183936,
190804.99950000027,0.06245924715897355,
190888.19950000028,0.06205043506892993,
190917.19950000028,0.061907940470236844,
190898.59950000027,0.06199933355767451,
190870.19950000028,0.062138879992256646,
190920.09950000027,0.06189369101036746,
190988.19950000028,0.061559074383781276,
190902.09950000027,0.06198213593369428,
190850.99950000027,0.06223322124380526,
190603.8995000003,0.0634473734968074,
190567.19950000028,0.06362770286825692,
190714.09950000027,0.06290589402177371,
190711.69950000028,0.06291768667821718,
190823.79950000026,0.06236687135016572,
190823.79950000026,0.06236687135016572,
190654.60450000025,0.06319822906140293,
190697.50450000027,0.06298743532747408,
190770.50450000027,0.06262874202731561,
190763.50450000027,0.06266313727527595,
190728.00450000027,0.06283757031850379,
190672.60450000025,0.06310978413807622,
190622.60450000025,0.06335546448065055,
190891.40450000027,0.062034686958970964,
191036.70450000028,0.06132073988344988,
191324.10450000025,0.05990856927433297,
191441.10450000025,0.05933367727270911,
191561.10450000025,0.05874404445053072,
192397.10450000025,0.054636269122688264,
191879.80450000026,0.05717807794696195,
191562.50450000027,0.05873716540093854,
191876.50450000027,0.05719429284957189,
192111.30450000026,0.05604057796084294,
192362.60450000025,0.05480578855906448,
192279.70450000028,0.05521312656705257,
191939.60450000025,0.056884244257243144,
192023.60450000025,0.056471501281718295,
192025.50450000027,0.05646216542870042,
192373.10450000025,0.05475419568712392,
192165.10450000025,0.05577622591223308,
192140.60450000025,0.055896609280094434,
192046.50450000027,0.05635897968481918,
192171.50450000027,0.05574477882838336,
192127.00450000027,0.05596343433327455,
192138.10450000025,0.05590889329722315,
192353.90450000027,0.05484853693867231,
193045.20450000028,0.051451760522239876,
192766.30450000026,0.052822165473119465,
193264.00450000027,0.05037666334313473,
193207.90450000027,0.05065231668750314,
193332.70450000028,0.0500390985524376,
193063.60450000025,0.051361350156172714,
193029.10450000025,0.051530869592548934,
193070.60450000025,0.05132695490821226,
193066.10450000025,0.051349066139044,12 days 06:30:00
