Time, support_guard , resistance_guard , atr_guard ,
10/25/2025 21:00,,, 79 ,
10/25/2025 21:15,,, 87 ,
10/25/2025 21:30,,, 83 ,
10/25/2025 21:45,,, 98 ,
10/25/2025 22:00,,, 92 ,
10/25/2025 22:15,,, 95 ,
10/25/2025 22:30,,, 97 ,
10/25/2025 22:45,,, 96 ,
10/25/2025 23:00,,, 99 ,
10/25/2025 23:15,,, 99 ,
10/25/2025 23:30,,, 100 ,
10/25/2025 23:45,,, 104 ,
10/26/2025 0:00,,, 103 ,
10/26/2025 0:15,,, 110 ,
10/26/2025 0:30,,, 112 ,
10/26/2025 0:45,,, 121 ,
10/26/2025 1:00,,, 122 ,
10/26/2025 1:15,,, 121 ,
10/26/2025 1:30,,, 120 ,
10/26/2025 1:45,,, 128 ,
10/26/2025 2:00,,, 130 ,
10/26/2025 2:15,,, 130 ,
10/26/2025 2:30,,, 130 ,
10/26/2025 2:45,,, 132 ,
10/26/2025 3:00,,, 130 ,
10/26/2025 3:15,,, 129 ,
10/26/2025 3:30,,, 132 ,
10/26/2025 3:45,,, 130 ,
10/26/2025 4:00,,, 129 ,
10/26/2025 4:15,,, 129 ,
10/26/2025 4:30,,, 126 ,
10/26/2025 4:45,,, 124 ,
10/26/2025 5:00,,, 124 ,
10/26/2025 5:15,,, 122 ,
10/26/2025 5:30,,, 122 ,
10/26/2025 5:45,,, 121 ,
10/26/2025 6:00,,, 119 ,
10/26/2025 6:15,,, 118 ,
10/26/2025 6:30,,, 117 ,
10/26/2025 6:45,,, 116 ,
10/26/2025 7:00,,, 116 ,
10/26/2025 7:15,,, 114 ,
10/26/2025 7:30,,, 113 ,
10/26/2025 7:45,,, 112 ,
10/26/2025 8:00,,, 112 ,
10/26/2025 8:15,,, 111 ,
10/26/2025 8:30,,, 110 ,
10/26/2025 8:45," 111,266 ",, 110 ,
10/26/2025 9:00," 111,266 ",, 109 ,
10/26/2025 9:15," 111,266 ",, 128 ,
10/26/2025 9:30," 111,266 ",, 137 ,
10/26/2025 9:45," 111,266 ",, 141 ,
10/26/2025 10:00," 111,266 ",, 144 ,
10/26/2025 10:15," 111,266 ",, 143 ,
10/26/2025 10:30," 111,266 ",, 145 ,
10/26/2025 10:45," 111,266 ",, 144 ,
10/26/2025 11:00," 111,266 ",, 145 ,
10/26/2025 11:15," 111,266 ",, 147 ,
10/26/2025 11:30," 111,266 ",, 156 ,
10/26/2025 11:45," 111,266 ",, 160 ,
10/26/2025 12:00," 111,266 ",, 167 ,
10/26/2025 12:15," 111,266 ",, 169 ,
10/26/2025 12:30," 111,266 ",, 171 ,
10/26/2025 12:45," 111,266 ",, 173 ,
10/26/2025 13:00," 111,266 ",, 175 ,
10/26/2025 13:15," 111,266 ",, 179 ,
10/26/2025 13:30," 111,266 ",, 184 ,
10/26/2025 13:45," 111,266 ",, 188 ,
10/26/2025 14:00," 111,266 ",, 188 ,
10/26/2025 14:15," 111,266 ",, 189 ,
10/26/2025 14:30," 111,266 ",, 190 ,
10/26/2025 14:45," 111,266 ",, 192 ,
10/26/2025 15:00," 111,266 ",, 192 ,
10/26/2025 15:15," 111,266 ",, 192 ,
10/26/2025 15:30," 111,266 ",, 192 ,
10/26/2025 15:45," 111,266 ",, 193 ,
10/26/2025 16:00," 111,266 ",, 194 ,
10/26/2025 16:15," 111,266 ",, 194 ,
10/26/2025 16:30," 111,266 ",, 196 ,
10/26/2025 16:45," 111,266 ",, 196 ,
10/26/2025 17:00," 111,266 ",, 197 ,
10/26/2025 17:15," 111,266 ",, 196 ,
10/26/2025 17:30," 111,266 ",, 195 ,
10/26/2025 17:45," 111,266 ",, 195 ,
10/26/2025 18:00," 111,266 ",, 195 ,
10/26/2025 18:15," 111,266 ",, 194 ,
10/26/2025 18:30," 111,266 ",, 195 ,
10/26/2025 18:45," 111,266 ",, 195 ,
10/26/2025 19:00," 111,266 ",, 194 ,
10/26/2025 19:15," 111,266 ",, 194 ,
10/26/2025 19:30," 111,266 "," 113,866 ", 193 ,????????resistance????????????????113866???112666????113866+1xATR(200)
10/26/2025 19:45," 111,266 "," 113,866 ", 192 ,
10/26/2025 20:00," 111,266 "," 113,866 ", 191 ,
10/26/2025 20:15," 111,266 "," 113,866 ", 191 ,
10/26/2025 20:30," 111,266 "," 113,866 ", 190 ,
10/26/2025 20:45," 111,266 "," 113,866 ", 190 ,
10/26/2025 21:00," 111,266 "," 113,866 ", 190 ,
10/26/2025 21:15," 111,266 "," 113,866 ", 193 ,
10/26/2025 21:30," 111,266 "," 113,866 ", 197 ,
10/26/2025 21:45," 111,266 "," 113,866 ", 197 ,
10/26/2025 22:00," 111,266 ",, 215 ,??????????
10/26/2025 22:15," 111,266 ",, 218 ,
10/26/2025 22:30," 111,266 ",, 219 ,
10/26/2025 22:45," 111,266 ",, 219 ,
10/26/2025 23:00," 111,266 ",, 222 ,
10/26/2025 23:15," 111,266 ",, 222 ,
10/26/2025 23:30," 111,266 ",, 223 ,
10/26/2025 23:45," 111,266 ",, 224 ,
10/27/2025 0:00," 111,266 ",, 227 ,
10/27/2025 0:15," 111,266 ",, 228 ,
10/27/2025 0:30," 111,266 ",, 229 ,
10/27/2025 0:45," 111,266 ",, 229 ,
10/27/2025 1:00," 111,266 ",, 230 ,
10/27/2025 1:15," 111,266 ",, 231 ,
10/27/2025 1:30," 111,266 ",, 231 ,
10/27/2025 1:45," 111,266 ",, 231 ,
10/27/2025 2:00," 111,266 ",, 231 ,
10/27/2025 2:15," 113,064 ",, 232 ,
10/27/2025 2:30," 113,064 ",, 232 ,
10/27/2025 2:45," 113,064 ",, 232 ,
10/27/2025 3:00," 113,064 ",, 233 ,
10/27/2025 3:15," 113,064 ",, 233 ,
10/27/2025 3:30," 113,064 ",, 233 ,
10/27/2025 3:45," 113,064 ",, 232 ,
10/27/2025 4:00," 113,064 ",, 232 ,
10/27/2025 4:15," 113,064 ",, 231 ,
10/27/2025 4:30," 113,064 ",, 230 ,
10/27/2025 4:45," 113,064 ",, 229 ,
10/27/2025 5:00," 113,064 ",, 229 ,
10/27/2025 5:15," 113,064 ",, 229 ,
10/27/2025 5:30," 113,064 ",, 229 ,
10/27/2025 5:45," 113,064 ",, 228 ,
10/27/2025 6:00," 113,064 ",, 228 ,
10/27/2025 6:15," 113,064 ",, 228 ,
10/27/2025 6:30," 113,064 ",, 229 ,
10/27/2025 6:45," 113,064 ",, 231 ,
10/27/2025 7:00," 113,064 ",, 233 ,
10/27/2025 7:15," 113,064 ",, 233 ,
10/27/2025 7:30," 113,064 ",, 234 ,
10/27/2025 7:45," 113,064 ",, 234 ,
10/27/2025 8:00," 113,064 ",, 234 ,
10/27/2025 8:15," 113,064 ",, 235 ,
10/27/2025 8:30," 113,064 ",, 236 ,
10/27/2025 8:45," 113,064 ",, 236 ,
10/27/2025 9:00," 113,064 ",, 237 ,
10/27/2025 9:15," 113,064 ",, 238 ,
10/27/2025 9:30," 113,064 ",, 238 ,
10/27/2025 9:45," 113,064 ",, 237 ,
10/27/2025 10:00," 113,064 ",, 238 ,
10/27/2025 10:15," 113,064 ",, 238 ,
10/27/2025 10:30," 113,064 ",, 237 ,
10/27/2025 10:45," 113,064 ",, 236 ,
10/27/2025 11:00," 113,064 ",, 235 ,
10/27/2025 11:15," 113,064 ",, 236 ,
10/27/2025 11:30," 113,064 ",, 236 ,
10/27/2025 11:45," 113,064 "," 116,044 ", 236 ,"???,???????????????????????113064-116044????116044+1ATR(200)"
10/27/2025 12:00," 113,064 "," 116,044 ", 236 ,
10/27/2025 12:15," 113,064 "," 116,044 ", 235 ,
10/27/2025 12:30," 113,064 "," 116,044 ", 236 ,
10/27/2025 12:45," 113,064 "," 116,044 ", 235 ,
10/27/2025 13:00," 113,064 "," 116,044 ", 235 ,
10/27/2025 13:15," 113,064 "," 116,044 ", 234 ,
10/27/2025 13:30," 113,064 "," 116,044 ", 237 ,
10/27/2025 13:45," 113,064 "," 116,044 ", 240 ,
10/27/2025 14:00," 113,064 "," 116,044 ", 242 ,
10/27/2025 14:15," 113,064 "," 116,044 ", 244 ,
10/27/2025 14:30," 113,064 "," 116,044 ", 244 ,
10/27/2025 14:45," 113,064 "," 116,044 ", 244 ,
10/27/2025 15:00," 113,064 "," 116,044 ", 244 ,
10/27/2025 15:15," 113,064 "," 116,044 ", 244 ,
10/27/2025 15:30," 113,064 "," 116,044 ", 244 ,
10/27/2025 15:45," 113,064 "," 116,044 ", 244 ,
10/27/2025 16:00," 113,064 "," 116,044 ", 245 ,
10/27/2025 16:15," 113,064 "," 116,044 ", 245 ,
10/27/2025 16:30," 113,064 "," 116,044 ", 245 ,
10/27/2025 16:45," 113,064 "," 116,044 ", 246 ,
10/27/2025 17:00," 113,064 "," 116,044 ", 245 ,
10/27/2025 17:15," 113,064 "," 116,044 ", 245 ,
10/27/2025 17:30," 113,064 "," 116,044 ", 246 ,
10/27/2025 17:45," 113,064 "," 116,044 ", 246 ,
10/27/2025 18:00," 113,064 "," 116,044 ", 246 ,
10/27/2025 18:15," 113,064 "," 116,044 ", 247 ,
10/27/2025 18:30," 113,064 "," 116,044 ", 247 ,
10/27/2025 18:45," 113,064 "," 116,044 ", 246 ,
10/27/2025 19:00," 113,064 "," 116,044 ", 247 ,
10/27/2025 19:15," 113,064 "," 116,044 ", 248 ,
10/27/2025 19:30," 113,064 "," 116,044 ", 248 ,
10/27/2025 19:45," 114,800 "," 116,044 ", 248 ,
10/27/2025 20:00," 113,064 "," 116,044 ", 248 ,
10/27/2025 20:15," 113,064 "," 116,044 ", 247 ,
10/27/2025 20:30," 113,064 "," 116,044 ", 246 ,
10/27/2025 20:45," 113,064 "," 116,044 ", 247 ,
10/27/2025 21:00," 113,064 "," 116,044 ", 247 ,
10/27/2025 21:15," 113,064 "," 116,044 ", 247 ,
10/27/2025 21:30," 113,064 "," 116,044 ", 247 ,
10/27/2025 21:45," 113,064 "," 116,044 ", 248 ,
10/27/2025 22:00," 113,064 "," 116,044 ", 248 ,
10/27/2025 22:15," 113,064 "," 116,044 ", 248 ,
10/27/2025 22:30," 113,064 "," 116,044 ", 248 ,
10/27/2025 22:45," 113,064 "," 116,044 ", 248 ,
10/27/2025 23:00," 113,064 "," 115,745 ", 248 ,???????????????????????????????
10/27/2025 23:15," 113,064 "," 115,745 ", 249 ,
10/27/2025 23:30," 113,064 "," 115,745 ", 249 ,
10/27/2025 23:45," 113,064 "," 115,745 ", 249 ,
10/28/2025 0:00," 113,064 "," 115,745 ", 250 ,
10/28/2025 0:15," 113,064 "," 115,745 ", 251 ,
10/28/2025 0:30," 113,064 "," 115,745 ", 252 ,
10/28/2025 0:45," 113,064 "," 115,745 ", 253 ,
10/28/2025 1:00," 113,064 "," 115,745 ", 254 ,
10/28/2025 1:15," 113,064 "," 115,745 ", 254 ,
10/28/2025 1:30," 113,064 "," 115,745 ", 255 ,
10/28/2025 1:45," 113,064 "," 115,745 ", 255 ,
10/28/2025 2:00," 113,064 "," 115,745 ", 257 ,
10/28/2025 2:15," 113,064 "," 115,745 ", 257 ,
10/28/2025 2:30," 113,064 "," 115,745 ", 257 ,
10/28/2025 2:45," 113,064 "," 115,745 ", 258 ,
10/28/2025 3:00," 113,064 "," 113,866 ", 260 ,
10/28/2025 3:15," 113,064 "," 115,745 ", 260 ,
10/28/2025 3:30," 113,064 "," 113,866 ", 261 ,
10/28/2025 3:45," 113,064 "," 115,745 ", 260 ,
10/28/2025 4:00," 113,064 "," 115,745 ", 261 ,
10/28/2025 4:15," 113,064 "," 115,745 ", 261 ,
10/28/2025 4:30," 113,064 "," 115,745 ", 261 ,
10/28/2025 4:45," 113,064 "," 115,745 ", 261 ,
10/28/2025 5:00," 113,064 "," 113,866 ", 261 ,
10/28/2025 5:15," 113,064 "," 115,745 ", 262 ,
10/28/2025 5:30," 113,064 "," 113,866 ", 262 ,
10/28/2025 5:45," 113,064 "," 113,866 ", 263 ,
10/28/2025 6:00," 113,064 "," 113,866 ", 264 ,
10/28/2025 6:15," 113,064 "," 113,866 ", 264 ,
10/28/2025 6:30," 113,064 "," 115,745 ", 265 ,
10/28/2025 6:45," 113,064 "," 115,745 ", 266 ,
10/28/2025 7:00," 113,064 "," 115,745 ", 266 ,
10/28/2025 7:15," 113,064 "," 115,745 ", 267 ,
10/28/2025 7:30," 113,064 "," 115,745 ", 267 ,
10/28/2025 7:45," 113,064 "," 115,745 ", 268 ,
10/28/2025 8:00," 113,064 "," 115,745 ", 268 ,
10/28/2025 8:15," 113,064 "," 115,745 ", 270 ,
10/28/2025 8:30," 113,064 "," 115,745 ", 270 ,
10/28/2025 8:45," 113,064 "," 115,745 ", 270 ,
10/28/2025 9:00," 113,064 "," 115,745 ", 271 ,
10/28/2025 9:15," 113,064 "," 115,745 ", 272 ,
10/28/2025 9:30," 113,064 "," 115,745 ", 273 ,
10/28/2025 9:45," 113,064 "," 115,745 ", 274 ,
10/28/2025 10:00," 113,064 "," 115,745 ", 273 ,
10/28/2025 10:15," 113,064 "," 115,745 ", 274 ,
10/28/2025 10:30," 113,064 "," 115,745 ", 274 ,
10/28/2025 10:45," 113,612 "," 115,745 ", 274 ,?????????
10/28/2025 11:00," 113,612 "," 115,745 ", 274 ,
10/28/2025 11:15," 113,612 "," 115,745 ", 269 ,
10/28/2025 11:30," 113,612 "," 115,745 ", 268 ,
10/28/2025 11:45," 113,612 "," 115,745 ", 267 ,
10/28/2025 12:00," 113,612 "," 115,745 ", 266 ,
10/28/2025 12:15," 113,612 "," 115,745 ", 267 ,
10/28/2025 12:30," 113,612 "," 115,745 ", 266 ,
10/28/2025 12:45," 113,612 "," 115,745 ", 266 ,
10/28/2025 13:00," 113,612 "," 115,745 ", 268 ,
10/28/2025 13:15," 114,800 "," 115,745 ", 268 ,
10/28/2025 13:30," 114,800 "," 115,745 ", 267 ,
10/28/2025 13:45," 114,800 "," 115,745 ", 267 ,
10/28/2025 14:00," 114,800 "," 116,044 ", 267 ,
10/28/2025 14:15," 114,800 "," 116,044 ", 267 ,
10/28/2025 14:30," 113,612 "," 115,745 ", 272 ,
10/28/2025 14:45," 114,800 "," 115,745 ", 276 ,
10/28/2025 15:00," 114,800 "," 115,745 ", 276 ,
10/28/2025 15:15," 114,800 "," 115,745 ", 275 ,
10/28/2025 15:30," 113,612 "," 115,745 ", 276 ,
10/28/2025 15:45," 113,612 "," 115,745 ", 275 ,
10/28/2025 16:00," 114,800 "," 115,745 ", 276 ,
10/28/2025 16:15," 114,800 "," 115,745 ", 277 ,
10/28/2025 16:30," 114,800 "," 115,745 ", 278 ,
10/28/2025 16:45," 114,800 "," 115,745 ", 278 ,
10/28/2025 17:00," 114,800 "," 115,745 ", 279 ,
10/28/2025 17:15," 114,800 "," 115,745 ", 279 ,
10/28/2025 17:30," 114,800 "," 115,745 ", 280 ,
10/28/2025 17:45," 114,800 "," 115,745 ", 280 ,
10/28/2025 18:00," 114,800 "," 115,745 ", 279 ,
10/28/2025 18:15," 114,800 "," 115,745 ", 281 ,
10/28/2025 18:30," 113,612 "," 115,745 ", 281 ,
10/28/2025 18:45," 114,800 "," 115,745 ", 282 ,
10/28/2025 19:00," 114,800 "," 115,745 ", 282 ,
10/28/2025 19:15," 113,612 "," 113,866 ", 287 ,
10/28/2025 19:30," 113,612 "," 115,745 ", 289 ,
10/28/2025 19:45," 113,612 "," 113,866 ", 290 ,
10/28/2025 20:00," 111,266 "," 113,866 ", 294 ,????????????????????113612-1ATR(200))????????????
10/28/2025 20:15," 111,266 "," 113,866 ", 296 ,
10/28/2025 20:30," 111,266 "," 113,866 ", 298 ,
10/28/2025 20:45," 111,266 "," 113,866 ", 299 ,
10/28/2025 21:00," 111,266 "," 113,866 ", 301 ,
10/28/2025 21:15," 111,266 "," 113,866 ", 301 ,
10/28/2025 21:30," 113,064 "," 113,866 ", 303 ,
10/28/2025 21:45," 111,266 "," 113,866 ", 304 ,
10/28/2025 22:00," 111,266 "," 113,866 ", 305 ,
10/28/2025 22:15," 113,064 "," 113,866 ", 306 ,
10/28/2025 22:30," 113,064 "," 113,866 ", 306 ,
10/28/2025 22:45," 113,064 "," 113,866 ", 306 ,
10/28/2025 23:00," 111,266 "," 113,866 ", 306 ,
10/28/2025 23:15," 111,266 "," 113,866 ", 306 ,
10/28/2025 23:30," 111,266 "," 113,866 ", 304 ,
10/28/2025 23:45," 111,266 "," 113,866 ", 304 ,
10/29/2025 0:00," 111,266 "," 113,866 ", 294 ,
10/29/2025 0:15," 111,266 "," 113,866 ", 293 ,
10/29/2025 0:30," 111,266 "," 113,866 ", 292 ,
10/29/2025 0:45," 111,266 "," 113,866 ", 292 ,
10/29/2025 1:00," 111,266 "," 113,866 ", 291 ,
10/29/2025 1:15," 111,266 "," 113,866 ", 292 ,
10/29/2025 1:30," 111,266 "," 113,866 ", 294 ,
10/29/2025 1:45," 111,266 "," 113,866 ", 294 ,
10/29/2025 2:00," 111,266 "," 113,866 ", 292 ,
10/29/2025 2:15," 111,266 "," 113,866 ", 293 ,
10/29/2025 2:30," 111,266 "," 113,866 ", 291 ,
10/29/2025 2:45," 111,266 "," 113,866 ", 291 ,
10/29/2025 3:00," 111,266 "," 113,866 ", 291 ,
10/29/2025 3:15," 111,266 "," 113,866 ", 291 ,
10/29/2025 3:30," 111,266 "," 113,866 ", 290 ,
10/29/2025 3:45," 111,266 "," 113,866 ", 289 ,
10/29/2025 4:00," 111,266 "," 113,866 ", 289 ,
10/29/2025 4:15," 111,266 "," 113,866 ", 288 ,
10/29/2025 4:30," 111,266 "," 113,866 ", 288 ,
10/29/2025 4:45," 111,266 "," 113,866 ", 288 ,
10/29/2025 5:00," 111,266 "," 113,866 ", 287 ,
10/29/2025 5:15," 111,266 "," 113,866 ", 286 ,
10/29/2025 5:30," 113,064 "," 113,866 ", 288 ,
10/29/2025 5:45," 111,266 "," 113,866 ", 288 ,
10/29/2025 6:00," 113,064 "," 113,866 ", 288 ,
10/29/2025 6:15," 112,202 "," 113,866 ", 288 ,
10/29/2025 6:30," 112,202 "," 113,866 ", 288 ,
10/29/2025 6:45," 113,064 "," 113,866 ", 289 ,
10/29/2025 7:00," 113,064 "," 113,866 ", 289 ,
10/29/2025 7:15," 113,064 "," 113,866 ", 289 ,
10/29/2025 7:30," 113,064 "," 113,866 ", 289 ,
10/29/2025 7:45," 113,064 "," 113,866 ", 290 ,
10/29/2025 8:00," 113,064 "," 113,866 ", 290 ,
10/29/2025 8:15," 113,064 "," 113,866 ", 290 ,
10/29/2025 8:30," 113,064 "," 113,866 ", 290 ,
10/29/2025 8:45," 112,202 "," 113,866 ", 289 ,
10/29/2025 9:00," 112,202 "," 113,866 ", 287 ,
10/29/2025 9:15," 112,202 "," 113,866 ", 287 ,
10/29/2025 9:30," 112,202 "," 113,866 ", 286 ,
10/29/2025 9:45," 112,202 "," 113,866 ", 286 ,
10/29/2025 10:00," 112,202 "," 113,866 ", 286 ,
10/29/2025 10:15," 112,202 "," 113,866 ", 285 ,
10/29/2025 10:30," 112,202 "," 113,866 ", 284 ,
10/29/2025 10:45," 112,202 "," 113,866 ", 284 ,
10/29/2025 11:00," 112,202 "," 113,866 ", 285 ,
10/29/2025 11:15," 113,064 "," 113,866 ", 284 ,
10/29/2025 11:30," 112,202 "," 113,866 ", 284 ,
10/29/2025 11:45," 113,064 "," 113,866 ", 283 ,
10/29/2025 12:00," 113,064 "," 113,866 ", 283 ,
10/29/2025 12:15," 113,064 "," 113,866 ", 283 ,
10/29/2025 12:30," 113,064 "," 113,866 ", 283 ,
10/29/2025 12:45," 113,064 "," 113,560 ", 283 ,
10/29/2025 13:00," 113,064 "," 113,560 ", 284 ,
10/29/2025 13:15," 113,064 "," 113,560 ", 284 ,
10/29/2025 13:30," 112,202 "," 113,560 ", 286 ,
10/29/2025 13:45," 112,202 "," 113,560 ", 287 ,
10/29/2025 14:00," 112,202 "," 113,560 ", 288 ,
10/29/2025 14:15," 112,202 "," 113,560 ", 290 ,
10/29/2025 14:30," 112,202 "," 113,560 ", 290 ,
10/29/2025 14:45," 112,202 "," 113,560 ", 292 ,
10/29/2025 15:00," 112,202 "," 113,560 ", 293 ,
10/29/2025 15:15," 111,266 "," 113,560 ", 294 ,
10/29/2025 15:30," 111,266 "," 113,560 ", 293 ,
10/29/2025 15:45," 111,266 "," 113,560 ", 293 ,
10/29/2025 16:00,," 113,560 ", 292 ,
10/29/2025 16:15,," 113,560 ", 291 ,
10/29/2025 16:30," 111,266 "," 113,560 ", 292 ,
10/29/2025 16:45,," 113,560 ", 292 ,
10/29/2025 17:00,," 113,560 ", 292 ,
10/29/2025 17:15,," 113,560 ", 292 ,
10/29/2025 17:30," 111,266 "," 113,560 ", 294 ,
10/29/2025 17:45," 111,266 "," 113,560 ", 294 ,
10/29/2025 18:00,," 113,560 ", 296 ,
10/29/2025 18:15," 111,266 "," 113,546 ", 297 ,
10/29/2025 18:30,," 113,546 ", 309 ,
10/29/2025 18:45,," 113,546 ", 316 ,
10/29/2025 19:00," 111,266 "," 113,546 ", 319 ,
10/29/2025 19:15,," 113,546 ", 320 ,
10/29/2025 19:30,," 113,546 ", 322 ,
10/29/2025 19:45,," 113,546 ", 323 ,
10/29/2025 20:00,," 113,546 ", 324 ,
10/29/2025 20:15," 111,266 "," 113,546 ", 327 ,
10/29/2025 20:30,," 113,546 ", 327 ,
10/29/2025 20:45," 111,266 "," 113,546 ", 328 ,
10/29/2025 21:00," 111,266 "," 113,546 ", 326 ,
10/29/2025 21:15," 111,266 "," 113,546 ", 325 ,
10/29/2025 21:30," 111,266 "," 113,546 ", 326 ,
10/29/2025 21:45," 111,266 "," 113,546 ", 325 ,
10/29/2025 22:00," 111,266 "," 113,546 ", 326 ,
10/29/2025 22:15,," 113,546 ", 327 ,
10/29/2025 22:30,," 113,546 ", 327 ,
10/29/2025 22:45,," 113,546 ", 327 ,
10/29/2025 23:00,," 113,546 ", 328 ,
10/29/2025 23:15,," 113,546 ", 328 ,
10/29/2025 23:30," 109,746 "," 113,546 ", 330 ,
10/29/2025 23:45," 109,746 "," 113,546 ", 330 ,
10/30/2025 0:00," 109,746 "," 113,546 ", 331 ,
10/30/2025 0:15," 109,746 "," 113,546 ", 331 ,
10/30/2025 0:30," 109,746 "," 113,546 ", 331 ,
10/30/2025 0:45," 109,746 "," 113,546 ", 331 ,
10/30/2025 1:00," 109,746 "," 113,546 ", 332 ,
10/30/2025 1:15," 109,746 "," 113,546 ", 332 ,
10/30/2025 1:30," 109,746 "," 113,546 ", 333 ,
10/30/2025 1:45," 109,746 "," 113,546 ", 334 ,
10/30/2025 2:00," 109,746 "," 113,546 ", 334 ,
10/30/2025 2:15," 109,746 "," 113,546 ", 334 ,
10/30/2025 2:30," 109,746 "," 113,546 ", 333 ,
10/30/2025 2:45," 109,746 "," 113,546 ", 333 ,
10/30/2025 3:00," 109,746 "," 113,546 ", 333 ,
10/30/2025 3:15," 109,746 "," 113,546 ", 333 ,
10/30/2025 3:30," 109,746 "," 113,546 ", 332 ,
10/30/2025 3:45," 109,746 "," 113,546 ", 333 ,
10/30/2025 4:00," 109,746 "," 113,546 ", 335 ,
10/30/2025 4:15,," 113,546 ", 345 ,
10/30/2025 4:30,," 113,546 ", 351 ,
10/30/2025 4:45,," 113,546 ", 353 ,
10/30/2025 5:00,," 113,546 ", 354 ,
10/30/2025 5:15,," 113,546 ", 354 ,
10/30/2025 5:30," 109,746 "," 113,546 ", 357 ,
10/30/2025 5:45," 109,746 "," 113,546 ", 359 ,
10/30/2025 6:00," 109,746 "," 113,546 ", 359 ,
10/30/2025 6:15," 109,746 "," 113,546 ", 360 ,
10/30/2025 6:30," 109,746 "," 113,546 ", 363 ,
10/30/2025 6:45," 109,746 "," 113,546 ", 363 ,
10/30/2025 7:00," 109,746 "," 113,546 ", 366 ,
10/30/2025 7:15," 111,266 "," 113,546 ", 367 ,
10/30/2025 7:30," 111,266 "," 113,546 ", 366 ,
10/30/2025 7:45," 111,266 "," 113,546 ", 366 ,
10/30/2025 8:00," 109,746 "," 113,546 ", 367 ,
10/30/2025 8:15," 109,746 "," 113,546 ", 368 ,
10/30/2025 8:30," 109,746 "," 113,546 ", 368 ,
10/30/2025 8:45," 109,746 "," 113,546 ", 368 ,
10/30/2025 9:00," 109,746 "," 113,546 ", 369 ,
10/30/2025 9:15," 109,746 "," 113,546 ", 370 ,
10/30/2025 9:30," 109,746 "," 113,546 ", 371 ,
10/30/2025 9:45," 109,746 "," 113,546 ", 371 ,
10/30/2025 10:00," 109,746 "," 113,546 ", 373 ,
10/30/2025 10:15," 109,746 "," 113,546 ", 373 ,
10/30/2025 10:30," 109,746 "," 113,546 ", 373 ,
10/30/2025 10:45," 109,746 "," 113,546 ", 374 ,
10/30/2025 11:00," 109,746 "," 113,546 ", 374 ,
10/30/2025 11:15," 109,746 "," 113,546 ", 374 ,
10/30/2025 11:30," 109,746 "," 113,546 ", 374 ,
10/30/2025 11:45," 108,383 "," 113,546 ", 375 ,
10/30/2025 12:00," 108,383 "," 113,546 ", 377 ,
10/30/2025 12:15," 108,383 "," 113,546 ", 381 ,
10/30/2025 12:30," 108,383 "," 111,380 ", 383 ,
10/30/2025 12:45," 108,383 "," 111,380 ", 384 ,
10/30/2025 13:00," 108,383 "," 111,380 ", 386 ,
10/30/2025 13:15," 108,383 "," 111,380 ", 387 ,
10/30/2025 13:30,," 111,380 ", 392 ,
10/30/2025 13:45,," 111,380 ", 395 ,
10/30/2025 14:00,," 111,380 ", 397 ,
10/30/2025 14:15,," 111,380 ", 398 ,
10/30/2025 14:30,," 111,380 ", 400 ,
10/30/2025 14:45,," 111,380 ", 401 ,
10/30/2025 15:00,," 111,380 ", 401 ,
10/30/2025 15:15,," 111,380 ", 400 ,
10/30/2025 15:30,," 111,380 ", 401 ,
10/30/2025 15:45,," 111,380 ", 401 ,
10/30/2025 16:00,," 111,380 ", 402 ,
10/30/2025 16:15,," 111,380 ", 401 ,
10/30/2025 16:30,," 111,380 ", 396 ,
10/30/2025 16:45,," 111,380 ", 391 ,
10/30/2025 17:00,," 111,380 ", 393 ,
10/30/2025 17:15,," 111,380 ", 395 ,
10/30/2025 17:30,," 111,380 ", 394 ,
10/30/2025 17:45,," 111,380 ", 395 ,
10/30/2025 18:00,," 111,380 ", 395 ,
10/30/2025 18:15,," 111,380 ", 393 ,
10/30/2025 18:30,," 111,380 ", 394 ,
10/30/2025 18:45,," 111,380 ", 394 ,
10/30/2025 19:00,," 111,380 ", 395 ,
10/30/2025 19:15,," 111,380 ", 396 ,
10/30/2025 19:30,," 111,380 ", 399 ,
10/30/2025 19:45,," 111,380 ", 401 ,
10/30/2025 20:00,," 111,380 ", 404 ,
10/30/2025 20:15,," 111,380 ", 403 ,
10/30/2025 20:30,," 111,380 ", 404 ,
10/30/2025 20:45,," 111,380 ", 404 ,
10/30/2025 21:00,," 111,380 ", 404 ,
10/30/2025 21:15,," 111,380 ", 401 ,
10/30/2025 21:30,," 111,380 ", 400 ,
10/30/2025 21:45,," 111,380 ", 399 ,
10/30/2025 22:00,," 111,380 ", 396 ,
10/30/2025 22:15,," 111,380 ", 395 ,
10/30/2025 22:30,," 111,380 ", 392 ,
10/30/2025 22:45,," 111,380 ", 392 ,
10/30/2025 23:00,," 111,380 ", 391 ,
10/30/2025 23:15,," 111,380 ", 391 ,
10/30/2025 23:30,," 111,380 ", 391 ,
10/30/2025 23:45,," 111,380 ", 392 ,
10/31/2025 0:00," 108,383 "," 111,380 ", 393 ,
10/31/2025 0:15," 108,383 "," 111,380 ", 392 ,
10/31/2025 0:30," 108,383 "," 111,380 ", 393 ,
10/31/2025 0:45," 108,383 "," 111,380 ", 396 ,
10/31/2025 1:00," 109,746 "," 111,380 ", 399 ,
10/31/2025 1:15," 109,746 "," 111,380 ", 399 ,
10/31/2025 1:30," 108,383 "," 111,380 ", 400 ,
10/31/2025 1:45," 108,383 "," 111,380 ", 400 ,
10/31/2025 2:00," 108,383 "," 111,380 ", 403 ,
10/31/2025 2:15," 108,383 "," 111,380 ", 404 ,
10/31/2025 2:30," 108,383 "," 111,380 ", 406 ,
10/31/2025 2:45," 108,383 "," 111,380 ", 407 ,
10/31/2025 3:00," 108,383 "," 111,380 ", 409 ,
10/31/2025 3:15," 108,383 "," 111,380 ", 408 ,
10/31/2025 3:30," 108,383 "," 111,380 ", 407 ,
10/31/2025 3:45," 108,383 "," 111,380 ", 407 ,
10/31/2025 4:00," 108,383 "," 111,380 ", 408 ,
10/31/2025 4:15," 109,746 "," 111,380 ", 410 ,
10/31/2025 4:30," 109,746 "," 111,380 ", 412 ,
10/31/2025 4:45," 109,746 "," 111,380 ", 412 ,
10/31/2025 5:00," 109,746 "," 111,380 ", 412 ,
10/31/2025 5:15," 109,746 "," 111,380 ", 412 ,
10/31/2025 5:30," 109,746 "," 111,380 ", 413 ,
10/31/2025 5:45," 109,746 "," 111,380 ", 413 ,
10/31/2025 6:00," 108,383 "," 111,380 ", 414 ,
10/31/2025 6:15," 108,383 "," 111,380 ", 414 ,
10/31/2025 6:30," 108,383 "," 111,380 ", 414 ,
10/31/2025 6:45," 108,383 "," 111,380 ", 414 ,
10/31/2025 7:00," 108,383 "," 111,380 ", 415 ,
10/31/2025 7:15," 108,383 "," 111,380 ", 415 ,
10/31/2025 7:30," 108,383 "," 111,380 ", 414 ,
10/31/2025 7:45," 108,383 "," 111,380 ", 415 ,
10/31/2025 8:00," 108,383 "," 111,380 ", 416 ,
10/31/2025 8:15," 109,746 "," 111,380 ", 418 ,
10/31/2025 8:30," 109,746 "," 111,380 ", 419 ,
10/31/2025 8:45," 109,746 "," 111,380 ", 419 ,
10/31/2025 9:00," 109,746 "," 111,380 ", 420 ,
10/31/2025 9:15," 109,746 "," 111,380 ", 421 ,
10/31/2025 9:30," 109,746 "," 111,380 ", 421 ,
10/31/2025 9:45," 109,746 "," 111,380 ", 421 ,
10/31/2025 10:00," 109,746 "," 111,380 ", 420 ,
10/31/2025 10:15," 109,746 "," 111,380 ", 420 ,
10/31/2025 10:30," 109,746 "," 111,380 ", 421 ,
10/31/2025 10:45," 109,746 "," 111,380 ", 421 ,
10/31/2025 11:00," 108,383 "," 111,380 ", 421 ,
10/31/2025 11:15," 108,383 "," 111,380 ", 421 ,
10/31/2025 11:30," 108,383 "," 111,380 ", 421 ,
10/31/2025 11:45," 109,746 "," 111,380 ", 425 ,
10/31/2025 12:00," 109,746 "," 111,380 ", 427 ,
10/31/2025 12:15," 109,746 "," 111,380 ", 428 ,
10/31/2025 12:30," 109,746 "," 111,380 ", 430 ,
10/31/2025 12:45," 108,383 "," 111,380 ", 429 ,
10/31/2025 13:00," 109,746 "," 111,380 ", 430 ,
10/31/2025 13:15," 109,746 "," 111,380 ", 430 ,
10/31/2025 13:30," 108,383 "," 111,380 ", 432 ,
10/31/2025 13:45," 109,746 "," 111,380 ", 435 ,
10/31/2025 14:00," 109,746 "," 111,380 ", 437 ,
10/31/2025 14:15," 109,746 "," 111,380 ", 438 ,
10/31/2025 14:30," 109,746 "," 111,380 ", 439 ,
10/31/2025 14:45," 109,746 "," 111,380 ", 444 ,
10/31/2025 15:00," 109,746 "," 111,380 ", 446 ,
10/31/2025 15:15," 109,746 "," 111,380 ", 447 ,
10/31/2025 15:30," 109,746 "," 111,380 ", 446 ,
10/31/2025 15:45," 109,746 "," 111,380 ", 446 ,
10/31/2025 16:00," 109,746 "," 111,380 ", 446 ,
10/31/2025 16:15," 109,746 "," 111,380 ", 445 ,
10/31/2025 16:30," 108,383 "," 111,380 ", 446 ,
10/31/2025 16:45," 108,383 "," 111,380 ", 449 ,
10/31/2025 17:00," 108,383 "," 111,380 ", 450 ,
10/31/2025 17:15," 108,383 "," 111,380 ", 450 ,
10/31/2025 17:30," 108,383 "," 111,380 ", 449 ,
10/31/2025 17:45," 108,383 "," 111,380 ", 448 ,
10/31/2025 18:00," 108,383 "," 111,380 ", 446 ,
10/31/2025 18:15," 108,383 "," 111,380 ", 445 ,
10/31/2025 18:30," 108,383 "," 111,380 ", 448 ,
10/31/2025 18:45," 108,383 "," 111,380 ", 449 ,
10/31/2025 19:00," 108,383 "," 111,380 ", 449 ,
10/31/2025 19:15," 109,746 "," 111,380 ", 451 ,
10/31/2025 19:30," 109,746 "," 111,380 ", 449 ,
10/31/2025 19:45," 109,746 "," 111,380 ", 450 ,
10/31/2025 20:00," 109,746 "," 110,776 ", 447 ,
10/31/2025 20:15," 108,383 "," 110,776 ", 446 ,
10/31/2025 20:30," 108,383 "," 110,776 ", 433 ,
10/31/2025 20:45," 108,383 "," 110,776 ", 427 ,
10/31/2025 21:00," 108,383 "," 110,776 ", 425 ,
10/31/2025 21:15," 108,383 "," 110,776 ", 424 ,
10/31/2025 21:30," 108,383 "," 110,776 ", 421 ,
10/31/2025 21:45," 108,830 "," 110,776 ", 419 ,
10/31/2025 22:00," 108,830 "," 110,776 ", 418 ,
10/31/2025 22:15," 108,830 "," 110,776 ", 415 ,
10/31/2025 22:30," 108,830 "," 110,776 ", 414 ,
10/31/2025 22:45," 108,830 "," 110,776 ", 413 ,
10/31/2025 23:00," 108,830 "," 110,776 ", 413 ,
10/31/2025 23:15," 108,830 "," 110,776 ", 412 ,
10/31/2025 23:30," 108,830 "," 110,776 ", 412 ,
10/31/2025 23:45," 108,830 "," 110,776 ", 411 ,
11/1/2025 0:00," 108,830 "," 110,776 ", 410 ,
11/1/2025 0:15," 108,830 "," 110,776 ", 409 ,
11/1/2025 0:30," 108,830 "," 110,776 ", 409 ,
11/1/2025 0:45," 108,830 "," 110,776 ", 409 ,
11/1/2025 1:00," 109,746 "," 110,776 ", 407 ,
11/1/2025 1:15," 109,746 "," 110,776 ", 407 ,
11/1/2025 1:30," 109,746 "," 110,776 ", 404 ,
11/1/2025 1:45," 108,830 "," 110,776 ", 404 ,
11/1/2025 2:00," 108,830 "," 110,776 ", 403 ,
11/1/2025 2:15," 108,830 "," 110,776 ", 402 ,
11/1/2025 2:30," 108,830 "," 110,776 ", 402 ,
11/1/2025 2:45," 109,746 "," 110,776 ", 402 ,
11/1/2025 3:00," 109,746 "," 110,776 ", 401 ,
11/1/2025 3:15," 109,746 "," 110,776 ", 401 ,
11/1/2025 3:30," 109,746 "," 110,776 ", 401 ,
11/1/2025 3:45," 109,746 "," 110,776 ", 400 ,
11/1/2025 4:00," 109,746 "," 110,776 ", 401 ,
11/1/2025 4:15," 109,746 "," 110,776 ", 400 ,
11/1/2025 4:30," 109,746 "," 110,776 ", 401 ,
11/1/2025 4:45," 109,746 "," 110,776 ", 400 ,
11/1/2025 5:00," 109,746 "," 110,776 ", 400 ,
11/1/2025 5:15," 109,746 "," 110,776 ", 400 ,
11/1/2025 5:30," 109,746 "," 110,776 ", 400 ,
11/1/2025 5:45," 109,746 "," 110,776 ", 400 ,
11/1/2025 6:00," 109,746 "," 110,776 ", 396 ,
11/1/2025 6:15," 109,746 "," 110,776 ", 386 ,
11/1/2025 6:30," 109,746 "," 110,776 ", 379 ,
11/1/2025 6:45," 109,746 "," 110,776 ", 376 ,
11/1/2025 7:00," 109,746 "," 110,776 ", 374 ,
11/1/2025 7:15," 109,746 "," 110,776 ", 372 ,
11/1/2025 7:30," 109,746 "," 110,776 ", 369 ,
11/1/2025 7:45," 109,746 "," 110,776 ", 367 ,
11/1/2025 8:00," 109,746 "," 110,776 ", 366 ,
11/1/2025 8:15," 109,746 "," 110,776 ", 365 ,
11/1/2025 8:30," 109,746 "," 110,776 ", 362 ,
11/1/2025 8:45," 109,746 "," 110,776 ", 361 ,
11/1/2025 9:00," 109,746 "," 110,776 ", 358 ,
11/1/2025 9:15," 109,746 "," 110,292 ", 357 ,
11/1/2025 9:30," 109,746 "," 110,292 ", 357 ,
11/1/2025 9:45," 109,746 "," 110,292 ", 357 ,
11/1/2025 10:00," 109,746 "," 110,292 ", 355 ,
11/1/2025 10:15," 109,746 "," 110,292 ", 354 ,
11/1/2025 10:30," 109,746 "," 110,292 ", 354 ,
11/1/2025 10:45," 109,746 "," 110,292 ", 353 ,
11/1/2025 11:00," 109,746 "," 110,292 ", 351 ,
11/1/2025 11:15," 109,746 "," 110,292 ", 350 ,
11/1/2025 11:30," 109,746 "," 110,292 ", 349 ,
11/1/2025 11:45," 109,746 "," 110,292 ", 348 ,
11/1/2025 12:00," 109,746 "," 110,292 ", 347 ,
11/1/2025 12:15," 109,746 "," 110,292 ", 346 ,
11/1/2025 12:30," 109,746 "," 110,292 ", 345 ,
11/1/2025 12:45," 109,746 "," 110,292 ", 344 ,
11/1/2025 13:00," 109,746 "," 110,292 ", 343 ,
11/1/2025 13:15," 109,746 "," 110,292 ", 342 ,
11/1/2025 13:30," 109,746 "," 110,292 ", 343 ,
11/1/2025 13:45," 109,746 "," 110,292 ", 342 ,
11/1/2025 14:00," 108,830 "," 110,292 ", 341 ,
11/1/2025 14:15," 109,746 "," 110,292 ", 338 ,
11/1/2025 14:30," 109,746 "," 110,292 ", 335 ,
11/1/2025 14:45," 109,746 "," 110,292 ", 333 ,
11/1/2025 15:00," 109,746 "," 110,292 ", 333 ,
11/1/2025 15:15," 109,746 "," 110,292 ", 333 ,
11/1/2025 15:30," 109,746 "," 110,292 ", 328 ,
11/1/2025 15:45," 109,746 "," 110,776 ", 325 ,
11/1/2025 16:00," 109,746 "," 110,292 ", 323 ,
11/1/2025 16:15," 109,746 "," 110,292 ", 322 ,
11/1/2025 16:30," 109,746 "," 110,776 ", 321 ,
11/1/2025 16:45," 109,746 "," 110,776 ", 319 ,
11/1/2025 17:00," 109,746 "," 110,776 ", 318 ,
11/1/2025 17:15," 109,746 "," 110,292 ", 318 ,
11/1/2025 17:30," 109,746 "," 110,292 ", 317 ,
11/1/2025 17:45," 109,746 "," 110,292 ", 315 ,
11/1/2025 18:00," 109,746 "," 110,292 ", 312 ,
11/1/2025 18:15," 109,746 "," 110,292 ", 311 ,
11/1/2025 18:30," 109,746 "," 110,292 ", 311 ,
11/1/2025 18:45," 109,746 "," 110,776 ", 310 ,
11/1/2025 19:00," 109,746 "," 110,292 ", 307 ,
11/1/2025 19:15," 109,746 "," 110,292 ", 304 ,
11/1/2025 19:30," 109,746 "," 110,292 ", 302 ,
11/1/2025 19:45," 109,746 "," 110,776 ", 300 ,
11/1/2025 20:00," 109,746 "," 110,776 ", 299 ,
11/1/2025 20:15," 109,746 "," 110,776 ", 299 ,
11/1/2025 20:30," 109,746 "," 110,776 ", 297 ,
11/1/2025 20:45," 109,746 "," 110,776 ", 295 ,
11/1/2025 21:00," 109,746 "," 110,292 ", 294 ,
11/1/2025 21:15," 109,746 "," 110,776 ", 293 ,
11/1/2025 21:30," 109,746 "," 110,292 ", 290 ,
11/1/2025 21:45," 109,746 "," 110,292 ", 288 ,
11/1/2025 22:00," 109,746 "," 110,292 ", 285 ,
11/1/2025 22:15," 109,746 "," 110,292 ", 284 ,
11/1/2025 22:30," 109,746 "," 110,292 ", 281 ,
11/1/2025 22:45," 109,746 "," 110,292 ", 279 ,
11/1/2025 23:00," 109,746 "," 110,292 ", 278 ,
11/1/2025 23:15," 109,746 "," 110,292 ", 277 ,
11/1/2025 23:30," 109,746 "," 110,292 ", 276 ,
11/1/2025 23:45," 109,746 "," 110,292 ", 275 ,
11/2/2025 0:00," 109,746 "," 110,292 ", 273 ,
11/2/2025 0:15," 109,746 "," 110,292 ", 274 ,
11/2/2025 0:30," 109,746 "," 110,292 ", 273 ,
11/2/2025 0:45," 109,746 "," 110,292 ", 272 ,
11/2/2025 1:00," 109,746 "," 110,292 ", 271 ,
11/2/2025 1:15," 109,746 "," 110,292 ", 271 ,
11/2/2025 1:30," 109,746 "," 110,292 ", 268 ,
11/2/2025 1:45," 109,746 "," 110,292 ", 266 ,
11/2/2025 2:00," 109,746 "," 110,292 ", 265 ,
11/2/2025 2:15," 109,746 "," 110,292 ", 264 ,
11/2/2025 2:30," 109,746 "," 110,292 ", 265 ,
11/2/2025 2:45," 109,866 "," 110,292 ", 261 ,
11/2/2025 3:00," 109,866 "," 110,292 ", 257 ,
11/2/2025 3:15," 109,866 "," 110,292 ", 256 ,
11/2/2025 3:30," 109,866 "," 110,292 ", 254 ,
11/2/2025 3:45," 109,866 "," 110,292 ", 253 ,
11/2/2025 4:00," 109,866 "," 110,292 ", 250 ,
11/2/2025 4:15," 109,866 "," 110,292 ", 249 ,
11/2/2025 4:30," 109,866 "," 110,462 ", 248 ,
11/2/2025 4:45," 109,866 "," 110,776 ", 247 ,
11/2/2025 5:00," 109,866 "," 110,776 ", 246 ,
11/2/2025 5:15," 109,866 "," 110,462 ", 246 ,
11/2/2025 5:30," 109,866 "," 110,776 ", 245 ,
11/2/2025 5:45," 109,866 "," 110,776 ", 244 ,
11/2/2025 6:00," 109,866 "," 110,462 ", 242 ,
11/2/2025 6:15," 109,866 "," 110,462 ", 239 ,
11/2/2025 6:30," 109,866 "," 110,776 ", 238 ,
11/2/2025 6:45," 109,866 "," 110,776 ", 238 ,
11/2/2025 7:00," 109,866 "," 110,776 ", 237 ,
11/2/2025 7:15," 109,866 "," 110,776 ", 236 ,
11/2/2025 7:30," 109,866 "," 110,776 ", 237 ,
11/2/2025 7:45," 109,866 "," 111,380 ", 238 ,
11/2/2025 8:00," 109,866 "," 111,380 ", 237 ,
11/2/2025 8:15," 109,866 "," 111,380 ", 237 ,
11/2/2025 8:30," 109,866 "," 111,380 ", 236 ,
11/2/2025 8:45," 109,866 "," 111,380 ", 236 ,
11/2/2025 9:00," 109,866 "," 111,380 ", 235 ,
11/2/2025 9:15," 109,866 "," 111,380 ", 235 ,
11/2/2025 9:30," 109,866 "," 110,776 ", 236 ,
11/2/2025 9:45," 109,866 "," 110,776 ", 235 ,
11/2/2025 10:00," 109,866 "," 111,380 ", 234 ,
11/2/2025 10:15," 109,866 "," 110,776 ", 232 ,
11/2/2025 10:30," 109,866 "," 110,462 ", 232 ,
11/2/2025 10:45," 109,866 "," 110,776 ", 231 ,
11/2/2025 11:00," 109,866 "," 110,776 ", 230 ,
11/2/2025 11:15," 109,866 "," 111,380 ", 229 ,
11/2/2025 11:30," 109,866 "," 111,380 ", 229 ,
11/2/2025 11:45," 109,866 "," 111,380 ", 230 ,
11/2/2025 12:00," 109,866 "," 111,380 ", 230 ,
11/2/2025 12:15," 109,866 "," 111,380 ", 230 ,
11/2/2025 12:30," 109,866 "," 111,380 ", 229 ,
11/2/2025 12:45," 109,866 "," 110,776 ", 229 ,
11/2/2025 13:00," 109,866 "," 110,776 ", 228 ,
11/2/2025 13:15," 109,866 "," 110,462 ", 229 ,
11/2/2025 13:30," 109,866 "," 110,462 ", 229 ,
11/2/2025 13:45," 109,866 "," 110,776 ", 226 ,
11/2/2025 14:00," 109,866 "," 110,776 ", 224 ,
11/2/2025 14:15," 109,866 "," 110,462 ", 224 ,
11/2/2025 14:30," 109,866 "," 110,462 ", 222 ,
11/2/2025 14:45," 109,866 "," 110,462 ", 223 ,
11/2/2025 15:00," 109,866 "," 110,462 ", 221 ,
11/2/2025 15:15," 109,866 "," 110,776 ", 220 ,
11/2/2025 15:30," 109,866 "," 110,292 ", 219 ,
11/2/2025 15:45," 109,866 "," 110,292 ", 217 ,
11/2/2025 16:00," 109,746 "," 110,292 ", 216 ,
11/2/2025 16:15," 109,866 "," 110,292 ", 215 ,
11/2/2025 16:30," 109,866 "," 110,292 ", 214 ,
11/2/2025 16:45," 109,866 "," 110,292 ", 209 ,
11/2/2025 17:00," 109,866 "," 110,292 ", 206 ,
11/2/2025 17:15," 109,866 "," 110,292 ", 204 ,
11/2/2025 17:30," 109,866 "," 110,292 ", 203 ,
11/2/2025 17:45," 109,866 "," 110,292 ", 201 ,
11/2/2025 18:00," 109,866 "," 110,292 ", 200 ,
11/2/2025 18:15," 109,866 "," 110,292 ", 199 ,
11/2/2025 18:30," 109,866 "," 110,292 ", 197 ,
11/2/2025 18:45," 109,866 "," 110,462 ", 192 ,
11/2/2025 19:00," 109,866 "," 110,292 ", 190 ,
11/2/2025 19:15," 109,866 "," 110,292 ", 188 ,
11/2/2025 19:30," 109,866 "," 110,292 ", 187 ,
11/2/2025 19:45," 109,866 "," 110,292 ", 187 ,
11/2/2025 20:00," 109,866 "," 110,292 ", 187 ,
11/2/2025 20:15," 109,866 "," 110,292 ", 187 ,
11/2/2025 20:30," 109,866 "," 110,292 ", 184 ,
11/2/2025 20:45," 109,866 "," 110,292 ", 182 ,
11/2/2025 21:00," 109,866 "," 110,292 ", 181 ,
11/2/2025 21:15," 109,866 "," 110,292 ", 179 ,
11/2/2025 21:30," 109,866 "," 110,292 ", 177 ,
11/2/2025 21:45," 109,866 "," 110,292 ", 175 ,
11/2/2025 22:00," 109,866 "," 110,292 ", 174 ,
11/2/2025 22:15," 109,866 "," 110,292 ", 174 ,
11/2/2025 22:30," 108,830 "," 110,292 ", 175 ,
11/2/2025 22:45," 109,866 "," 110,292 ", 175 ,
11/2/2025 23:00," 109,866 "," 110,776 ", 177 ,
11/2/2025 23:15," 109,866 "," 110,292 ", 177 ,
11/2/2025 23:30," 109,866 "," 110,462 ", 177 ,
11/2/2025 23:45," 109,866 "," 110,776 ", 179 ,
11/3/2025 0:00," 109,866 "," 110,776 ", 178 ,
11/3/2025 0:15," 109,866 "," 110,462 ", 179 ,
11/3/2025 0:30," 109,866 "," 110,292 ", 179 ,
11/3/2025 0:45," 109,746 "," 110,292 ", 182 ,
11/3/2025 1:00," 108,830 "," 110,292 ", 183 ,
11/3/2025 1:15," 108,830 "," 110,292 ", 184 ,
11/3/2025 1:30," 108,830 "," 110,292 ", 186 ,
11/3/2025 1:45," 108,830 "," 110,292 ", 187 ,
11/3/2025 2:00," 108,830 "," 110,292 ", 187 ,
11/3/2025 2:15," 108,830 "," 110,292 ", 189 ,
11/3/2025 2:30," 108,830 "," 110,292 ", 190 ,
11/3/2025 2:45," 108,830 "," 110,292 ", 191 ,
11/3/2025 3:00," 106,536 "," 110,292 ", 195 ,
11/3/2025 3:15," 106,536 "," 110,292 ", 197 ,
11/3/2025 3:30," 106,536 "," 110,292 ", 197 ,
11/3/2025 3:45," 106,536 "," 110,292 ", 199 ,
11/3/2025 4:00," 106,536 "," 110,292 ", 200 ,
11/3/2025 4:15," 106,536 "," 110,292 ", 201 ,
11/3/2025 4:30," 106,536 "," 110,292 ", 201 ,
11/3/2025 4:45," 106,536 "," 110,292 ", 201 ,
11/3/2025 5:00," 106,536 "," 110,292 ", 202 ,
11/3/2025 5:15," 106,536 "," 110,292 ", 202 ,
11/3/2025 5:30," 106,536 "," 110,292 ", 203 ,
11/3/2025 5:45," 106,536 "," 110,292 ", 203 ,
11/3/2025 6:00," 106,536 "," 110,292 ", 204 ,
11/3/2025 6:15," 106,536 "," 110,292 ", 204 ,
11/3/2025 6:30," 106,536 "," 110,292 ", 205 ,
11/3/2025 6:45," 106,536 "," 110,292 ", 207 ,
11/3/2025 7:00," 106,536 "," 110,292 ", 207 ,
11/3/2025 7:15," 106,536 "," 110,292 ", 209 ,
11/3/2025 7:30," 106,536 "," 110,292 ", 209 ,
11/3/2025 7:45," 106,536 "," 110,292 ", 209 ,
11/3/2025 8:00," 106,536 "," 110,292 ", 210 ,
11/3/2025 8:15," 106,536 "," 110,292 ", 212 ,
11/3/2025 8:30," 106,536 "," 110,292 ", 211 ,
11/3/2025 8:45," 106,536 "," 110,292 ", 214 ,
11/3/2025 9:00," 106,536 "," 110,292 ", 216 ,
11/3/2025 9:15," 106,536 "," 110,292 ", 217 ,
11/3/2025 9:30," 106,536 "," 110,292 ", 218 ,
11/3/2025 9:45," 106,536 "," 110,292 ", 219 ,
11/3/2025 10:00," 106,536 "," 110,292 ", 220 ,
11/3/2025 10:15," 106,536 "," 110,292 ", 220 ,
11/3/2025 10:30," 106,536 "," 110,292 ", 222 ,
11/3/2025 10:45," 106,536 "," 110,292 ", 224 ,
11/3/2025 11:00," 106,536 "," 110,292 ", 227 ,
11/3/2025 11:15," 106,536 "," 110,292 ", 228 ,
11/3/2025 11:30," 106,536 "," 110,292 ", 228 ,
11/3/2025 11:45," 106,536 "," 110,292 ", 229 ,
11/3/2025 12:00," 106,536 "," 110,292 ", 230 ,
11/3/2025 12:15," 106,536 "," 110,292 ", 230 ,
11/3/2025 12:30," 106,536 "," 110,292 ", 232 ,
11/3/2025 12:45," 106,536 "," 110,292 ", 233 ,
11/3/2025 13:00," 106,536 "," 110,292 ", 233 ,
11/3/2025 13:15," 106,536 "," 110,292 ", 233 ,
11/3/2025 13:30," 106,536 "," 110,292 ", 234 ,
11/3/2025 13:45," 106,536 "," 110,292 ", 235 ,
11/3/2025 14:00," 106,536 "," 110,292 ", 237 ,
11/3/2025 14:15," 106,536 "," 110,292 ", 239 ,
11/3/2025 14:30," 106,536 "," 110,292 ", 240 ,
11/3/2025 14:45," 106,536 "," 110,292 ", 243 ,
11/3/2025 15:00," 106,536 "," 110,292 ", 245 ,
11/3/2025 15:15,," 110,292 ", 254 ,
11/3/2025 15:30,," 110,292 ", 258 ,
11/3/2025 15:45,," 110,292 ", 260 ,
11/3/2025 16:00,," 110,292 ", 263 ,
11/3/2025 16:15,," 110,292 ", 266 ,
11/3/2025 16:30,," 110,292 ", 268 ,
11/3/2025 16:45," 106,536 "," 110,292 ", 270 ,
11/3/2025 17:00," 106,536 "," 110,292 ", 269 ,
11/3/2025 17:15," 106,536 "," 108,244 ", 273 ,
11/3/2025 17:30," 106,536 "," 108,244 ", 275 ,
11/3/2025 17:45," 106,536 "," 108,244 ", 275 ,
11/3/2025 18:00," 106,536 "," 108,244 ", 276 ,
11/3/2025 18:15," 106,536 "," 108,244 ", 277 ,
11/3/2025 18:30," 106,536 "," 108,244 ", 279 ,
11/3/2025 18:45," 106,536 "," 108,244 ", 280 ,
11/3/2025 19:00," 106,536 "," 108,244 ", 282 ,
11/3/2025 19:15," 106,536 "," 108,244 ", 283 ,
11/3/2025 19:30," 106,536 "," 108,244 ", 285 ,
11/3/2025 19:45," 106,536 "," 108,244 ", 286 ,
11/3/2025 20:00," 106,536 "," 108,244 ", 287 ,
11/3/2025 20:15," 106,536 "," 108,244 ", 289 ,
11/3/2025 20:30," 106,536 "," 108,244 ", 290 ,
11/3/2025 20:45," 106,536 "," 108,244 ", 292 ,
11/3/2025 21:00," 106,536 "," 108,244 ", 294 ,
11/3/2025 21:15," 106,536 "," 108,244 ", 297 ,
11/3/2025 21:30," 106,536 "," 108,244 ", 299 ,
11/3/2025 21:45," 106,536 "," 108,244 ", 300 ,
11/3/2025 22:00," 105,747 "," 108,244 ", 302 ,
11/3/2025 22:15," 105,747 "," 108,244 ", 303 ,
11/3/2025 22:30," 105,747 "," 108,244 ", 306 ,
11/3/2025 22:45," 105,747 "," 108,244 ", 307 ,
11/3/2025 23:00," 105,747 "," 108,244 ", 308 ,
11/3/2025 23:15," 105,747 "," 108,244 ", 309 ,
11/3/2025 23:30," 106,536 "," 108,244 ", 309 ,
11/3/2025 23:45," 106,536 "," 108,244 ", 309 ,
11/4/2025 0:00," 105,747 "," 108,244 ", 309 ,
11/4/2025 0:15," 105,747 "," 108,244 ", 312 ,
11/4/2025 0:30," 106,536 "," 108,244 ", 316 ,
11/4/2025 0:45," 105,747 "," 108,244 ", 318 ,
11/4/2025 1:00," 106,536 "," 108,244 ", 319 ,
11/4/2025 1:15," 106,536 "," 108,244 ", 322 ,
11/4/2025 1:30," 106,536 "," 108,244 ", 323 ,
11/4/2025 1:45," 106,536 "," 108,244 ", 325 ,
11/4/2025 2:00," 106,536 "," 108,244 ", 326 ,
11/4/2025 2:15," 106,536 "," 108,244 ", 327 ,
11/4/2025 2:30," 106,536 "," 108,244 ", 328 ,
11/4/2025 2:45," 105,747 "," 108,244 ", 329 ,
11/4/2025 3:00," 106,536 "," 108,244 ", 332 ,
11/4/2025 3:15," 106,536 "," 108,244 ", 333 ,
11/4/2025 3:30," 106,536 "," 108,244 ", 334 ,
11/4/2025 3:45," 106,536 "," 108,244 ", 335 ,
11/4/2025 4:00," 106,536 "," 108,244 ", 335 ,
11/4/2025 4:15," 106,536 "," 108,244 ", 336 ,
11/4/2025 4:30," 106,536 "," 108,244 ", 336 ,
11/4/2025 4:45," 106,536 "," 108,244 ", 337 ,
11/4/2025 5:00," 106,536 "," 108,244 ", 337 ,
11/4/2025 5:15,," 108,244 ", 343 ,
11/4/2025 5:30,," 108,244 ", 346 ,
11/4/2025 5:45,," 108,244 ", 350 ,
11/4/2025 6:00,," 108,244 ", 353 ,
11/4/2025 6:15,," 108,244 ", 355 ,
11/4/2025 6:30,," 108,244 ", 355 ,
11/4/2025 6:45,," 108,244 ", 355 ,
11/4/2025 7:00,," 108,244 ", 356 ,
11/4/2025 7:15,," 108,244 ", 357 ,
11/4/2025 7:30,," 108,244 ", 357 ,
11/4/2025 7:45,," 108,244 ", 358 ,
11/4/2025 8:00,," 108,244 ", 360 ,
11/4/2025 8:15,," 108,244 ", 364 ,
11/4/2025 8:30,," 108,244 ", 365 ,
11/4/2025 8:45,," 108,244 ", 366 ,
11/4/2025 9:00,," 107,193 ", 367 ,
11/4/2025 9:15,," 107,193 ", 369 ,
11/4/2025 9:30,," 107,193 ", 369 ,
11/4/2025 9:45,," 107,193 ", 369 ,
11/4/2025 10:00,," 107,193 ", 369 ,
11/4/2025 10:15,," 107,193 ", 370 ,
11/4/2025 10:30,," 107,193 ", 372 ,
11/4/2025 10:45,," 107,193 ", 372 ,
11/4/2025 11:00,," 107,193 ", 374 ,
11/4/2025 11:15,," 107,193 ", 375 ,
11/4/2025 11:30,," 107,193 ", 375 ,
11/4/2025 11:45,," 107,193 ", 375 ,
11/4/2025 12:00,," 107,193 ", 376 ,
11/4/2025 12:15,," 107,193 ", 376 ,
11/4/2025 12:30,," 107,193 ", 377 ,
11/4/2025 12:45,," 107,193 ", 377 ,
11/4/2025 13:00,," 107,193 ", 378 ,
11/4/2025 13:15,," 107,193 ", 379 ,
11/4/2025 13:30,," 107,193 ", 381 ,
11/4/2025 13:45,," 107,193 ", 381 ,
11/4/2025 14:00,," 107,193 ", 381 ,
11/4/2025 14:15,," 107,193 ", 381 ,
11/4/2025 14:30,," 107,193 ", 385 ,
11/4/2025 14:45,," 107,193 ", 389 ,
11/4/2025 15:00,," 107,193 ", 392 ,
11/4/2025 15:15,," 107,193 ", 393 ,
11/4/2025 15:30,," 107,193 ", 395 ,
11/4/2025 15:45,," 107,193 ", 398 ,
11/4/2025 16:00,," 107,193 ", 399 ,
11/4/2025 16:15,," 107,193 ", 401 ,
11/4/2025 16:30,," 107,193 ", 402 ,
11/4/2025 16:45,," 107,193 ", 404 ,
11/4/2025 17:00,," 107,193 ", 408 ,
11/4/2025 17:15,," 107,193 ", 411 ,
11/4/2025 17:30,," 107,193 ", 413 ,
11/4/2025 17:45,," 107,193 ", 413 ,
11/4/2025 18:00,," 107,193 ", 414 ,
11/4/2025 18:15,," 107,193 ", 416 ,
11/4/2025 18:30,," 107,193 ", 421 ,
11/4/2025 18:45,," 107,193 ", 425 ,
11/4/2025 19:00,," 107,193 ", 428 ,
11/4/2025 19:15,," 107,193 ", 430 ,
11/4/2025 19:30,," 107,193 ", 433 ,
11/4/2025 19:45,," 107,193 ", 435 ,
11/4/2025 20:00,," 107,193 ", 437 ,
11/4/2025 20:15,," 107,193 ", 442 ,
11/4/2025 20:30,," 107,193 ", 447 ,
11/4/2025 20:45,," 107,193 ", 449 ,
11/4/2025 21:00,," 107,193 ", 451 ,
11/4/2025 21:15,," 107,193 ", 454 ,
11/4/2025 21:30,," 107,193 ", 458 ,
11/4/2025 21:45,," 107,193 ", 463 ,
11/4/2025 22:00,," 107,193 ", 467 ,
11/4/2025 22:15,," 107,193 ", 468 ,
11/4/2025 22:30,," 107,193 ", 472 ,
11/4/2025 22:45,," 107,193 ", 474 ,
11/4/2025 23:00,," 107,193 ", 476 ,
11/4/2025 23:15,," 107,193 ", 478 ,
11/4/2025 23:30,," 107,193 ", 479 ,
11/4/2025 23:45,," 107,193 ", 480 ,
11/5/2025 0:00,," 107,193 ", 484 ,
11/5/2025 0:15,," 107,193 ", 486 ,
11/5/2025 0:30,," 107,193 ", 487 ,
11/5/2025 0:45,," 107,193 ", 487 ,
11/5/2025 1:00,," 107,193 ", 487 ,
11/5/2025 1:15,," 107,193 ", 492 ,
11/5/2025 1:30,," 107,193 ", 493 ,
11/5/2025 1:45,," 107,193 ", 500 ,
11/5/2025 2:00,," 107,193 ", 503 ,
11/5/2025 2:15,," 107,193 ", 504 ,
11/5/2025 2:30,," 107,193 ", 507 ,
11/5/2025 2:45,," 107,193 ", 507 ,
11/5/2025 3:00,," 107,193 ", 508 ,
11/5/2025 3:15,," 107,193 ", 509 ,
11/5/2025 3:30,," 107,193 ", 509 ,
11/5/2025 3:45,," 107,193 ", 509 ,
11/5/2025 4:00,," 107,193 ", 509 ,
11/5/2025 4:15,," 107,193 ", 509 ,
11/5/2025 4:30,," 107,193 ", 510 ,
11/5/2025 4:45,," 107,193 ", 509 ,
11/5/2025 5:00,," 107,193 ", 507 ,
11/5/2025 5:15,," 107,193 ", 507 ,
11/5/2025 5:30,," 107,193 ", 507 ,
11/5/2025 5:45,," 107,193 ", 506 ,
11/5/2025 6:00,," 107,193 ", 506 ,
11/5/2025 6:15," 99,120 "," 107,193 ", 506 ,
11/5/2025 6:30," 99,120 "," 107,193 ", 506 ,
11/5/2025 6:45," 99,120 "," 107,193 ", 506 ,
11/5/2025 7:00," 99,120 "," 107,193 ", 507 ,
11/5/2025 7:15," 99,120 "," 107,193 ", 507 ,
11/5/2025 7:30," 99,120 "," 107,193 ", 506 ,
11/5/2025 7:45," 99,120 "," 107,193 ", 506 ,
11/5/2025 8:00," 99,120 "," 107,193 ", 506 ,
11/5/2025 8:15," 99,120 "," 107,193 ", 507 ,
11/5/2025 8:30," 99,120 "," 107,193 ", 508 ,
11/5/2025 8:45," 99,120 "," 107,193 ", 508 ,
11/5/2025 9:00," 99,120 "," 107,193 ", 510 ,
11/5/2025 9:15," 99,120 "," 107,193 ", 509 ,
11/5/2025 9:30," 99,120 "," 107,193 ", 509 ,
11/5/2025 9:45," 99,120 "," 107,193 ", 509 ,
11/5/2025 10:00," 99,120 "," 102,262 ", 509 ,
11/5/2025 10:15," 99,120 "," 102,262 ", 509 ,
11/5/2025 10:30," 99,120 "," 102,262 ", 509 ,
11/5/2025 10:45," 99,120 "," 102,262 ", 508 ,
11/5/2025 11:00," 99,120 "," 102,262 ", 508 ,
11/5/2025 11:15," 99,120 "," 102,262 ", 507 ,
11/5/2025 11:30," 99,120 "," 102,262 ", 507 ,
11/5/2025 11:45," 99,120 "," 102,262 ", 507 ,
11/5/2025 12:00," 99,120 "," 102,262 ", 506 ,
11/5/2025 12:15," 99,120 "," 107,193 ", 510 ,
11/5/2025 12:30," 99,120 "," 107,193 ", 510 ,
11/5/2025 12:45," 99,120 "," 107,193 ", 508 ,
11/5/2025 13:00," 99,120 "," 107,193 ", 506 ,
11/5/2025 13:15," 99,120 "," 107,193 ", 506 ,
11/5/2025 13:30," 99,120 "," 107,193 ", 508 ,
11/5/2025 13:45," 99,120 "," 107,193 ", 509 ,
11/5/2025 14:00," 99,120 "," 107,193 ", 509 ,
11/5/2025 14:15," 99,120 "," 107,193 ", 509 ,
11/5/2025 14:30," 99,120 "," 107,193 ", 513 ,
11/5/2025 14:45," 99,120 "," 107,193 ", 515 ,
11/5/2025 15:00," 99,120 "," 107,193 ", 517 ,
11/5/2025 15:15," 99,120 "," 107,193 ", 519 ,
11/5/2025 15:30," 99,120 "," 107,193 ", 520 ,
11/5/2025 15:45," 101,396 "," 107,193 ", 520 ,
11/5/2025 16:00," 101,396 "," 107,193 ", 520 ,
11/5/2025 16:15," 101,396 "," 107,193 ", 521 ,
11/5/2025 16:30," 101,396 "," 107,193 ", 520 ,
11/5/2025 16:45," 101,396 "," 107,193 ", 519 ,
11/5/2025 17:00," 101,396 "," 107,193 ", 519 ,
11/5/2025 17:15," 101,396 "," 107,193 ", 512 ,
11/5/2025 17:30," 101,396 "," 107,193 ", 508 ,
11/5/2025 17:45," 101,396 "," 107,193 ", 507 ,
11/5/2025 18:00," 101,396 "," 107,193 ", 504 ,
11/5/2025 18:15," 101,396 "," 107,193 ", 502 ,
11/5/2025 18:30," 101,396 "," 107,193 ", 501 ,
11/5/2025 18:45," 101,396 "," 107,193 ", 501 ,
11/5/2025 19:00," 101,396 "," 107,193 ", 500 ,
11/5/2025 19:15," 101,396 "," 107,193 ", 497 ,
11/5/2025 19:30," 101,396 "," 107,193 ", 496 ,
11/5/2025 19:45," 101,396 "," 107,193 ", 496 ,
11/5/2025 20:00," 101,396 "," 107,193 ", 497 ,
11/5/2025 20:15," 101,396 "," 107,193 ", 497 ,
11/5/2025 20:30," 101,396 "," 107,193 ", 496 ,
11/5/2025 20:45," 101,396 "," 107,193 ", 496 ,
11/5/2025 21:00," 101,396 "," 107,193 ", 494 ,
11/5/2025 21:15," 101,396 "," 107,193 ", 494 ,
11/5/2025 21:30," 101,396 "," 107,193 ", 492 ,
11/5/2025 21:45," 101,396 "," 107,193 ", 492 ,
11/5/2025 22:00," 101,396 "," 107,193 ", 491 ,
11/5/2025 22:15," 101,396 "," 107,193 ", 490 ,
11/5/2025 22:30," 101,396 "," 107,193 ", 490 ,
11/5/2025 22:45," 101,396 "," 107,193 ", 490 ,
11/5/2025 23:00," 101,396 "," 107,193 ", 488 ,
11/5/2025 23:15," 101,396 "," 107,193 ", 485 ,
11/5/2025 23:30," 101,396 "," 107,193 ", 484 ,
11/5/2025 23:45," 101,396 "," 107,193 ", 484 ,
11/6/2025 0:00," 101,396 "," 107,193 ", 484 ,
11/6/2025 0:15," 101,396 "," 107,193 ", 484 ,
11/6/2025 0:30," 101,396 "," 107,193 ", 482 ,
11/6/2025 0:45," 101,396 "," 107,193 ", 481 ,
11/6/2025 1:00," 101,396 "," 104,517 ", 482 ,
11/6/2025 1:15," 101,396 "," 104,517 ", 483 ,
11/6/2025 1:30," 101,396 "," 104,517 ", 485 ,
11/6/2025 1:45," 101,396 "," 104,517 ", 485 ,
11/6/2025 2:00," 101,396 "," 104,517 ", 486 ,
11/6/2025 2:15," 101,396 "," 104,517 ", 485 ,
11/6/2025 2:30," 101,396 "," 104,517 ", 483 ,
11/6/2025 2:45," 101,396 "," 104,517 ", 482 ,
11/6/2025 3:00," 101,396 "," 104,517 ", 481 ,
11/6/2025 3:15," 101,396 "," 104,517 ", 480 ,
11/6/2025 3:30," 101,396 "," 104,517 ", 479 ,
11/6/2025 3:45," 101,396 "," 104,517 ", 477 ,
11/6/2025 4:00," 101,396 "," 104,517 ", 477 ,
11/6/2025 4:15," 101,396 "," 104,517 ", 475 ,
11/6/2025 4:30," 101,396 "," 104,517 ", 474 ,
11/6/2025 4:45," 101,396 "," 104,517 ", 475 ,
11/6/2025 5:00," 101,396 "," 104,517 ", 474 ,
11/6/2025 5:15," 101,396 "," 104,517 ", 474 ,
11/6/2025 5:30," 101,396 "," 104,517 ", 475 ,
11/6/2025 5:45," 101,396 "," 104,517 ", 475 ,
11/6/2025 6:00," 101,396 "," 104,517 ", 475 ,
11/6/2025 6:15," 102,852 "," 104,517 ", 475 ,
11/6/2025 6:30," 102,852 "," 104,517 ", 476 ,
11/6/2025 6:45," 102,852 "," 104,517 ", 476 ,
11/6/2025 7:00," 102,852 "," 104,517 ", 476 ,
11/6/2025 7:15," 102,852 "," 104,517 ", 474 ,
11/6/2025 7:30," 102,852 "," 104,517 ", 472 ,
11/6/2025 7:45," 102,852 "," 104,517 ", 470 ,
11/6/2025 8:00," 102,852 "," 104,517 ", 467 ,
11/6/2025 8:15," 102,852 "," 104,517 ", 466 ,
11/6/2025 8:30," 102,852 "," 104,517 ", 464 ,
11/6/2025 8:45," 102,852 "," 104,517 ", 464 ,
11/6/2025 9:00," 102,852 "," 104,517 ", 463 ,
11/6/2025 9:15," 102,852 "," 104,517 ", 462 ,
11/6/2025 9:30," 102,852 "," 104,517 ", 461 ,
11/6/2025 9:45," 101,396 "," 104,042 ", 461 ,
11/6/2025 10:00," 102,852 "," 104,042 ", 459 ,
11/6/2025 10:15," 102,852 "," 104,042 ", 457 ,
11/6/2025 10:30," 102,852 "," 104,042 ", 456 ,
11/6/2025 10:45," 102,852 "," 104,042 ", 455 ,
11/6/2025 11:00," 102,852 "," 104,042 ", 454 ,
11/6/2025 11:15," 102,852 "," 104,042 ", 454 ,
11/6/2025 11:30," 102,852 "," 104,042 ", 454 ,
11/6/2025 11:45," 102,852 "," 104,042 ", 452 ,
11/6/2025 12:00," 102,852 "," 104,042 ", 453 ,
11/6/2025 12:15," 101,396 "," 104,042 ", 453 ,
11/6/2025 12:30," 101,396 "," 104,042 ", 453 ,
11/6/2025 12:45," 101,396 "," 104,042 ", 453 ,
11/6/2025 13:00," 102,852 "," 104,042 ", 453 ,
11/6/2025 13:15," 102,852 "," 104,042 ", 455 ,
11/6/2025 13:30," 102,852 "," 104,042 ", 455 ,
11/6/2025 13:45," 102,852 "," 104,042 ", 455 ,
11/6/2025 14:00," 102,852 "," 104,042 ", 458 ,
11/6/2025 14:15," 102,852 "," 104,042 ", 457 ,
11/6/2025 14:30," 101,396 "," 104,042 ", 459 ,
11/6/2025 14:45," 101,396 "," 102,262 ", 463 ,
11/6/2025 15:00," 101,396 "," 102,262 ", 464 ,
11/6/2025 15:15," 101,396 "," 104,042 ", 466 ,
11/6/2025 15:30," 101,396 "," 102,262 ", 467 ,
11/6/2025 15:45," 101,396 "," 102,262 ", 468 ,
11/6/2025 16:00," 101,396 "," 102,262 ", 469 ,
11/6/2025 16:15," 101,396 "," 102,262 ", 470 ,
11/6/2025 16:30," 99,120 "," 102,262 ", 472 ,
11/6/2025 16:45," 99,120 "," 102,262 ", 472 ,
11/6/2025 17:00," 99,120 "," 102,262 ", 472 ,
11/6/2025 17:15," 101,396 "," 102,262 ", 471 ,
11/6/2025 17:30," 99,120 "," 102,262 ", 471 ,
11/6/2025 17:45," 101,396 "," 102,262 ", 469 ,
11/6/2025 18:00," 99,120 "," 102,262 ", 469 ,
11/6/2025 18:15," 99,120 "," 102,262 ", 469 ,
11/6/2025 18:30," 101,396 "," 102,262 ", 469 ,
11/6/2025 18:45," 101,396 "," 102,262 ", 469 ,
11/6/2025 19:00," 101,396 "," 102,262 ", 466 ,
11/6/2025 19:15," 101,396 "," 102,262 ", 464 ,
11/6/2025 19:30," 101,396 "," 102,262 ", 464 ,
11/6/2025 19:45," 99,120 "," 102,262 ", 464 ,
11/6/2025 20:00," 99,120 "," 102,262 ", 463 ,
11/6/2025 20:15," 99,120 "," 102,262 ", 462 ,
11/6/2025 20:30," 99,120 "," 102,262 ", 458 ,
11/6/2025 20:45," 99,120 "," 102,262 ", 455 ,
11/6/2025 21:00," 99,120 "," 102,262 ", 454 ,
11/6/2025 21:15," 99,120 "," 102,262 ", 454 ,
11/6/2025 21:30," 100,582 "," 102,262 ", 451 ,
11/6/2025 21:45," 100,582 "," 102,262 ", 451 ,
11/6/2025 22:00," 100,582 "," 102,262 ", 450 ,
11/6/2025 22:15," 100,582 "," 102,262 ", 446 ,
11/6/2025 22:30," 100,582 "," 102,262 ", 442 ,
11/6/2025 22:45," 101,396 "," 102,262 ", 441 ,
11/6/2025 23:00," 101,396 "," 102,262 ", 440 ,
11/6/2025 23:15," 100,582 "," 102,262 ", 438 ,
11/6/2025 23:30," 100,582 "," 102,262 ", 435 ,
11/6/2025 23:45," 100,582 "," 102,262 ", 429 ,
11/7/2025 0:00," 100,582 "," 102,262 ", 427 ,
11/7/2025 0:15," 100,582 "," 102,262 ", 428 ,
11/7/2025 0:30," 100,582 "," 102,262 ", 427 ,
11/7/2025 0:45," 101,396 "," 102,262 ", 426 ,
11/7/2025 1:00," 100,582 "," 102,262 ", 426 ,
11/7/2025 1:15," 101,396 "," 102,262 ", 427 ,
11/7/2025 1:30," 100,582 "," 102,262 ", 430 ,
11/7/2025 1:45," 101,396 "," 102,262 ", 430 ,
11/7/2025 2:00," 101,396 "," 102,262 ", 428 ,
11/7/2025 2:15," 100,582 "," 102,262 ", 428 ,
11/7/2025 2:30," 101,396 "," 102,262 ", 426 ,
11/7/2025 2:45," 101,396 "," 102,262 ", 426 ,
11/7/2025 3:00," 101,396 "," 103,510 ", 425 ,
11/7/2025 3:15," 101,396 "," 103,510 ", 420 ,
11/7/2025 3:30," 101,396 "," 102,262 ", 418 ,
11/7/2025 3:45," 101,396 "," 102,262 ", 410 ,
11/7/2025 4:00," 101,396 "," 102,262 ", 408 ,
11/7/2025 4:15," 101,396 "," 102,262 ", 408 ,
11/7/2025 4:30," 101,396 "," 102,262 ", 406 ,
11/7/2025 4:45," 101,396 "," 102,262 ", 404 ,
11/7/2025 5:00," 101,396 "," 103,510 ", 405 ,
11/7/2025 5:15," 101,396 "," 103,510 ", 403 ,
11/7/2025 5:30," 101,396 "," 103,510 ", 402 ,
11/7/2025 5:45," 101,396 "," 103,510 ", 402 ,
11/7/2025 6:00," 101,396 "," 103,510 ", 401 ,
11/7/2025 6:15," 101,396 "," 102,262 ", 400 ,
11/7/2025 6:30," 101,396 "," 102,262 ", 398 ,
11/7/2025 6:45," 101,396 "," 102,262 ", 397 ,
11/7/2025 7:00," 101,396 "," 102,262 ", 396 ,
11/7/2025 7:15," 101,396 "," 102,262 ", 394 ,
11/7/2025 7:30," 101,396 "," 102,262 ", 394 ,
11/7/2025 7:45," 101,396 "," 102,262 ", 394 ,
11/7/2025 8:00," 101,396 "," 102,262 ", 393 ,
11/7/2025 8:15," 101,396 "," 102,262 ", 393 ,
11/7/2025 8:30," 101,396 "," 102,262 ", 393 ,
11/7/2025 8:45," 101,396 "," 102,262 ", 392 ,
11/7/2025 9:00," 100,582 "," 102,262 ", 392 ,
11/7/2025 9:15," 100,582 "," 102,262 ", 392 ,
11/7/2025 9:30," 100,582 "," 102,262 ", 393 ,
11/7/2025 9:45," 100,582 "," 102,262 ", 393 ,
11/7/2025 10:00," 100,582 "," 102,262 ", 392 ,
11/7/2025 10:15," 100,582 "," 102,262 ", 391 ,
11/7/2025 10:30," 100,582 "," 102,262 ", 391 ,
11/7/2025 10:45," 100,582 "," 102,262 ", 389 ,
11/7/2025 11:00," 99,120 "," 102,262 ", 390 ,
11/7/2025 11:15," 99,120 "," 102,262 ", 390 ,
11/7/2025 11:30," 99,120 "," 102,262 ", 391 ,
11/7/2025 11:45," 99,120 "," 102,262 ", 392 ,
11/7/2025 12:00," 99,120 "," 102,262 ", 392 ,
11/7/2025 12:15," 99,120 "," 102,262 ", 394 ,
11/7/2025 12:30," 99,120 "," 102,262 ", 394 ,
11/7/2025 12:45," 99,120 "," 102,262 ", 394 ,
11/7/2025 13:00," 99,120 "," 102,262 ", 397 ,
11/7/2025 13:15," 99,120 "," 102,262 ", 399 ,
11/7/2025 13:30," 99,120 "," 102,262 ", 399 ,
11/7/2025 13:45," 99,120 "," 102,262 ", 399 ,
11/7/2025 14:00," 99,120 "," 102,262 ", 400 ,
11/7/2025 14:15," 99,120 "," 102,262 ", 398 ,
11/7/2025 14:30," 100,582 "," 102,262 ", 402 ,
11/7/2025 14:45," 100,582 "," 102,262 ", 404 ,
11/7/2025 15:00," 100,582 "," 102,262 ", 407 ,
11/7/2025 15:15," 100,582 "," 102,262 ", 408 ,
11/7/2025 15:30," 100,582 "," 102,262 ", 408 ,
11/7/2025 15:45," 100,582 "," 102,262 ", 409 ,
11/7/2025 16:00," 99,120 "," 102,262 ", 409 ,
11/7/2025 16:15," 101,396 "," 102,262 ", 413 ,
11/7/2025 16:30," 101,396 "," 102,262 ", 409 ,
11/7/2025 16:45," 100,582 "," 102,262 ", 409 ,
11/7/2025 17:00," 101,396 "," 102,262 ", 409 ,
11/7/2025 17:15," 101,396 "," 102,451 ", 411 ,
11/7/2025 17:30," 101,396 "," 102,262 ", 411 ,
11/7/2025 17:45," 101,396 "," 102,451 ", 413 ,
11/7/2025 18:00," 101,396 "," 103,510 ", 412 ,
11/7/2025 18:15," 101,396 "," 103,510 ", 412 ,
11/7/2025 18:30," 101,396 "," 103,510 ", 412 ,
11/7/2025 18:45," 101,396 "," 103,510 ", 412 ,
11/7/2025 19:00," 101,396 "," 103,510 ", 411 ,
11/7/2025 19:15," 102,852 "," 103,510 ", 410 ,
11/7/2025 19:30," 102,852 "," 103,510 ", 411 ,
11/7/2025 19:45," 102,852 "," 103,510 ", 410 ,
11/7/2025 20:00," 102,852 "," 103,510 ", 411 ,
11/7/2025 20:15," 102,852 "," 103,510 ", 412 ,
11/7/2025 20:30," 102,852 "," 104,042 ", 414 ,
11/7/2025 20:45," 102,852 "," 104,042 ", 414 ,
11/7/2025 21:00," 102,852 "," 103,510 ", 415 ,
11/7/2025 21:15," 102,852 "," 103,510 ", 414 ,
11/7/2025 21:30," 102,852 "," 103,510 ", 413 ,
11/7/2025 21:45," 102,852 "," 104,042 ", 414 ,
11/7/2025 22:00," 102,852 "," 104,042 ", 413 ,
11/7/2025 22:15," 102,852 "," 104,042 ", 412 ,
11/7/2025 22:30," 102,852 "," 104,042 ", 412 ,
11/7/2025 22:45," 102,852 "," 104,042 ", 411 ,
11/7/2025 23:00," 102,852 "," 104,042 ", 412 ,
11/7/2025 23:15," 102,852 "," 103,510 ", 411 ,
11/7/2025 23:30," 102,852 "," 103,510 ", 411 ,
11/7/2025 23:45," 102,852 "," 103,510 ", 412 ,
11/8/2025 0:00," 102,852 "," 103,510 ", 411 ,
11/8/2025 0:15," 102,852 "," 103,510 ", 412 ,
11/8/2025 0:30," 102,852 "," 103,510 ", 413 ,
11/8/2025 0:45," 101,396 "," 103,510 ", 414 ,
11/8/2025 1:00," 102,852 "," 103,510 ", 416 ,
11/8/2025 1:15," 102,852 "," 103,510 ", 416 ,
11/8/2025 1:30," 102,852 "," 103,510 ", 417 ,
11/8/2025 1:45," 102,852 "," 103,510 ", 416 ,
11/8/2025 2:00," 102,852 "," 103,510 ", 415 ,
11/8/2025 2:15," 102,852 "," 103,510 ", 414 ,
11/8/2025 2:30," 102,852 "," 103,510 ", 414 ,
11/8/2025 2:45," 101,396 "," 103,510 ", 415 ,
11/8/2025 3:00," 102,852 "," 103,510 ", 414 ,
11/8/2025 3:15," 102,852 "," 103,510 ", 412 ,
11/8/2025 3:30," 101,396 "," 103,510 ", 411 ,
11/8/2025 3:45," 101,396 "," 103,510 ", 411 ,
11/8/2025 4:00," 101,396 "," 103,510 ", 410 ,
11/8/2025 4:15," 101,396 "," 103,510 ", 409 ,
11/8/2025 4:30," 101,396 "," 103,510 ", 408 ,
11/8/2025 4:45," 101,396 "," 103,510 ", 409 ,
11/8/2025 5:00," 101,396 "," 103,510 ", 409 ,
11/8/2025 5:15," 101,396 "," 103,510 ", 408 ,
11/8/2025 5:30," 101,396 "," 103,510 ", 408 ,
11/8/2025 5:45," 101,396 "," 102,451 ", 409 ,
11/8/2025 6:00," 101,396 "," 102,262 ", 409 ,
11/8/2025 6:15," 101,396 "," 102,451 ", 410 ,
11/8/2025 6:30," 101,396 "," 102,451 ", 410 ,
11/8/2025 6:45," 101,396 "," 102,262 ", 410 ,
11/8/2025 7:00," 101,396 "," 102,451 ", 407 ,
11/8/2025 7:15," 101,396 "," 102,262 ", 408 ,
11/8/2025 7:30," 101,396 "," 102,262 ", 407 ,
11/8/2025 7:45," 101,396 "," 102,451 ", 407 ,
11/8/2025 8:00," 101,396 "," 102,451 ", 407 ,
11/8/2025 8:15," 101,396 "," 103,510 ", 407 ,
11/8/2025 8:30," 101,396 "," 103,510 ", 407 ,
11/8/2025 8:45," 101,396 "," 102,451 ", 407 ,
11/8/2025 9:00," 101,396 "," 102,451 ", 406 ,
11/8/2025 9:15," 101,396 "," 103,510 ", 404 ,
11/8/2025 9:30," 101,396 "," 103,510 ", 403 ,
11/8/2025 9:45," 101,396 "," 102,451 ", 402 ,
11/8/2025 10:00," 101,396 "," 102,451 ", 401 ,
11/8/2025 10:15," 101,396 "," 103,510 ", 401 ,
11/8/2025 10:30," 101,396 "," 103,510 ", 401 ,
11/8/2025 10:45," 101,396 "," 103,510 ", 401 ,
11/8/2025 11:00," 101,396 "," 103,510 ", 400 ,
11/8/2025 11:15," 101,396 "," 103,510 ", 399 ,
11/8/2025 11:30," 101,396 "," 102,262 ", 401 ,
11/8/2025 11:45," 101,396 "," 102,262 ", 402 ,
11/8/2025 12:00," 101,396 "," 102,262 ", 402 ,
11/8/2025 12:15," 101,396 "," 102,262 ", 402 ,
11/8/2025 12:30," 101,396 "," 102,262 ", 402 ,
11/8/2025 12:45," 101,396 "," 102,262 ", 402 ,
11/8/2025 13:00," 101,396 "," 102,262 ", 402 ,
11/8/2025 13:15," 101,396 "," 102,262 ", 402 ,
11/8/2025 13:30," 101,396 "," 102,262 ", 402 ,
11/8/2025 13:45," 101,396 "," 102,262 ", 402 ,
11/8/2025 14:00," 101,396 "," 102,262 ", 402 ,
11/8/2025 14:15," 101,396 "," 102,262 ", 402 ,
11/8/2025 14:30," 101,396 "," 102,262 ", 401 ,
11/8/2025 14:45," 101,396 "," 102,262 ", 401 ,
11/8/2025 15:00," 101,396 "," 102,262 ", 400 ,
11/8/2025 15:15," 101,396 "," 102,262 ", 398 ,
11/8/2025 15:30," 101,396 "," 102,262 ", 397 ,
11/8/2025 15:45," 101,396 "," 102,262 ", 397 ,
11/8/2025 16:00," 101,396 "," 102,262 ", 395 ,
11/8/2025 16:15," 101,396 "," 102,262 ", 394 ,
11/8/2025 16:30," 101,396 "," 102,262 ", 391 ,
11/8/2025 16:45," 101,396 "," 102,262 ", 388 ,
11/8/2025 17:00," 101,396 "," 102,262 ", 387 ,
11/8/2025 17:15," 101,396 "," 102,262 ", 384 ,
11/8/2025 17:30," 101,396 "," 102,262 ", 381 ,
11/8/2025 17:45," 101,396 "," 102,262 ", 379 ,
11/8/2025 18:00," 101,396 "," 102,262 ", 377 ,
11/8/2025 18:15," 101,396 "," 102,262 ", 376 ,
11/8/2025 18:30," 101,396 "," 102,262 ", 369 ,
11/8/2025 18:45," 101,396 "," 102,262 ", 366 ,
11/8/2025 19:00," 101,396 "," 102,262 ", 363 ,
11/8/2025 19:15," 101,396 "," 102,262 ", 363 ,
11/8/2025 19:30," 101,396 "," 102,262 ", 362 ,
11/8/2025 19:45," 101,396 "," 102,262 ", 360 ,
11/8/2025 20:00," 101,396 "," 102,262 ", 358 ,
11/8/2025 20:15," 101,396 "," 102,262 ", 356 ,
11/8/2025 20:30," 101,575 "," 102,262 ", 354 ,
11/8/2025 20:45," 101,575 "," 102,262 ", 351 ,
11/8/2025 21:00," 101,575 "," 102,262 ", 350 ,
11/8/2025 21:15," 101,575 "," 102,262 ", 348 ,
11/8/2025 21:30," 101,575 "," 102,451 ", 346 ,
11/8/2025 21:45," 101,575 "," 102,451 ", 345 ,
11/8/2025 22:00," 101,575 "," 102,451 ", 344 ,
11/8/2025 22:15," 101,575 "," 102,451 ", 343 ,
11/8/2025 22:30," 101,575 "," 102,262 ", 341 ,
11/8/2025 22:45," 101,575 "," 102,451 ", 340 ,
11/8/2025 23:00," 101,575 "," 102,451 ", 338 ,
11/8/2025 23:15," 101,575 "," 102,624 ", 337 ,
11/8/2025 23:30," 101,575 "," 102,451 ", 336 ,
11/8/2025 23:45," 101,575 "," 102,451 ", 334 ,
11/9/2025 0:00," 101,575 "," 102,262 ", 334 ,
11/9/2025 0:15," 101,575 "," 102,262 ", 335 ,
11/9/2025 0:30," 101,575 "," 102,262 ", 335 ,
11/9/2025 0:45," 101,575 "," 102,262 ", 335 ,
11/9/2025 1:00," 101,575 "," 102,262 ", 334 ,
11/9/2025 1:15," 101,575 "," 102,262 ", 333 ,
11/9/2025 1:30," 101,575 "," 102,262 ", 334 ,
11/9/2025 1:45," 101,575 "," 102,262 ", 334 ,
11/9/2025 2:00," 101,575 "," 102,262 ", 333 ,
11/9/2025 2:15," 101,575 "," 102,262 ", 330 ,
11/9/2025 2:30," 101,575 "," 102,262 ", 327 ,
11/9/2025 2:45," 101,575 "," 102,262 ", 327 ,
11/9/2025 3:00," 101,575 "," 102,262 ", 326 ,
11/9/2025 3:15," 101,396 "," 102,262 ", 325 ,
11/9/2025 3:30," 101,575 "," 102,262 ", 322 ,
11/9/2025 3:45," 101,575 "," 102,262 ", 320 ,
11/9/2025 4:00," 101,575 "," 102,262 ", 320 ,
11/9/2025 4:15," 101,575 "," 102,262 ", 319 ,
11/9/2025 4:30," 101,575 "," 102,262 ", 319 ,
11/9/2025 4:45," 101,575 "," 102,262 ", 318 ,
11/9/2025 5:00," 101,575 "," 102,262 ", 316 ,
11/9/2025 5:15," 101,575 "," 102,262 ", 316 ,
11/9/2025 5:30," 101,575 "," 102,262 ", 316 ,
11/9/2025 5:45," 101,575 "," 102,262 ", 316 ,
11/9/2025 6:00," 101,575 "," 102,262 ", 314 ,
11/9/2025 6:15," 101,575 "," 102,262 ", 313 ,
11/9/2025 6:30," 101,575 "," 102,262 ", 312 ,
11/9/2025 6:45," 101,575 "," 102,262 ", 312 ,
11/9/2025 7:00," 101,575 "," 102,262 ", 310 ,
11/9/2025 7:15," 101,575 "," 102,262 ", 310 ,
11/9/2025 7:30," 101,575 "," 102,262 ", 310 ,
11/9/2025 7:45," 101,575 "," 102,262 ", 309 ,
11/9/2025 8:00," 101,575 "," 102,262 ", 308 ,
11/9/2025 8:15," 101,575 "," 102,262 ", 308 ,
11/9/2025 8:30," 101,575 "," 102,262 ", 309 ,
11/9/2025 8:45," 101,575 "," 102,262 ", 308 ,
11/9/2025 9:00," 101,575 "," 102,262 ", 308 ,
11/9/2025 9:15," 101,575 "," 102,262 ", 307 ,
11/9/2025 9:30," 101,575 "," 102,262 ", 307 ,
11/9/2025 9:45," 101,575 "," 102,262 ", 307 ,
11/9/2025 10:00," 101,575 "," 102,262 ", 307 ,
11/9/2025 10:15," 101,575 "," 102,262 ", 307 ,
11/9/2025 10:30," 101,575 "," 102,262 ", 306 ,
11/9/2025 10:45," 101,575 "," 102,262 ", 306 ,
11/9/2025 11:00," 101,575 "," 102,262 ", 306 ,
11/9/2025 11:15," 101,575 "," 102,262 ", 304 ,
11/9/2025 11:30," 101,575 "," 102,262 ", 304 ,
11/9/2025 11:45," 101,575 "," 102,262 ", 303 ,
11/9/2025 12:00," 101,575 "," 102,262 ", 302 ,
11/9/2025 12:15," 101,575 "," 102,262 ", 302 ,
11/9/2025 12:30," 101,575 "," 102,262 ", 301 ,
11/9/2025 12:45," 101,575 "," 102,262 ", 300 ,
11/9/2025 13:00," 101,575 "," 102,451 ", 299 ,
11/9/2025 13:15," 101,575 "," 102,624 ", 297 ,
11/9/2025 13:30," 101,575 "," 103,510 ", 296 ,
11/9/2025 13:45," 102,852 "," 103,510 ", 296 ,
11/9/2025 14:00," 102,852 "," 103,510 ", 296 ,
11/9/2025 14:15," 102,852 "," 103,931 ", 298 ,
11/9/2025 14:30," 102,852 "," 103,510 ", 301 ,
11/9/2025 14:45," 102,852 "," 103,510 ", 301 ,
11/9/2025 15:00," 102,852 "," 103,510 ", 299 ,
11/9/2025 15:15," 102,852 "," 103,931 ", 297 ,
11/9/2025 15:30," 102,852 "," 103,931 ", 298 ,
11/9/2025 15:45," 102,852 "," 103,931 ", 298 ,
11/9/2025 16:00," 102,852 "," 103,510 ", 298 ,
11/9/2025 16:15," 102,852 "," 103,510 ", 298 ,
11/9/2025 16:30," 102,852 "," 103,510 ", 292 ,
11/9/2025 16:45," 102,852 "," 103,931 ", 291 ,
11/9/2025 17:00," 102,852 "," 103,931 ", 289 ,
11/9/2025 17:15," 102,852 "," 103,931 ", 288 ,
11/9/2025 17:30," 102,852 "," 103,931 ", 286 ,
11/9/2025 17:45," 102,852 "," 103,931 ", 284 ,
11/9/2025 18:00," 102,852 "," 103,931 ", 283 ,
11/9/2025 18:15," 102,852 "," 103,931 ", 278 ,
11/9/2025 18:30," 102,852 "," 103,931 ", 277 ,
11/9/2025 18:45," 102,852 "," 107,193 ", 278 ,
11/9/2025 19:00," 102,852 "," 104,517 ", 277 ,
11/9/2025 19:15," 102,852 "," 107,193 ", 275 ,
11/9/2025 19:30," 102,852 "," 107,193 ", 274 ,
11/9/2025 19:45," 102,852 "," 107,193 ", 272 ,
11/9/2025 20:00," 102,852 "," 107,193 ", 272 ,
11/9/2025 20:15," 102,852 "," 104,517 ", 271 ,
11/9/2025 20:30," 102,852 "," 107,193 ", 271 ,
11/9/2025 20:45," 102,852 "," 107,193 ", 269 ,
