timestamp,direction,size,price,level,market_price,cost,commission,slippage,leg,mr_z,trend_score,breakout_risk_down,breakout_risk_up,range_pos,funding_rate,vol_score,proceeds,matched_trades
2024-07-03 00:00:00+00:00,buy,0.13911111111111107,62129.9,0,62150.0,8644.688014106665,1.7285918844444441,0.0,,,,0.0,0.0,0.4392857142857143,0.0,0.0,,
2024-07-03 00:01:00+00:00,buy,0.13596756110755945,62150.0,1,62134.6,8452.073999619386,1.6900767845669638,0.0,,,,0.0,0.0,0.4381857142857142,0.0,0.0,,
2024-07-03 00:02:00+00:00,buy,0.13289763296345547,62134.5,2,62136.7,8259.179480962897,1.6515055950735649,0.0,,,,0.0,0.0,0.43833571428571405,0.0,0.0,,
2024-07-03 00:03:00+00:00,buy,0.12990654731065385,62136.8,3,62139.8,8073.5915443624235,1.6143954297865275,0.0,,,,0.0,0.0,0.4385571428571431,0.0,0.0,,
2024-07-03 00:04:00+00:00,buy,0.12700633495632505,62139.8,4,62166.8,7893.726682569631,1.5784296505838096,0.0,,,,0.0,0.0,0.4404857142857145,0.0,0.0,,
2024-07-03 00:05:00+00:00,buy,0.12414708109593933,62166.9,5,62151.8,7719.382743618308,1.5435678351566304,0.0,,,,0.0,0.0,0.4394142857142859,0.0,0.0,,
2024-07-03 00:06:00+00:00,buy,0.12135454916034945,62151.8,6,62141.5,7543.912149237908,1.5084807337008415,0.0,,,,0.0,0.0,0.4386785714285714,0.0,0.0,,
2024-07-03 00:07:00+00:00,buy,0.11866694264744271,62141.6,7,62164.0,7375.62851395697,1.4748307366440652,0.0,,,,0.0,0.0,0.4402857142857143,0.0,0.0,,
2024-07-03 00:58:00+00:00,buy,0.11595439776916099,62100.015225606956,8,62107.8,7202.210020914371,1.4401539733881967,0.0,,,,0.0,0.0,0.43627142857142875,0.0,0.0,,
2024-07-03 01:05:00+00:00,buy,0.1131479916153189,62000.813923329624,9,61932.3,7016.670627454635,1.4030535147879695,0.0,,,,0.0,0.0,0.4237357142857145,0.0,0.0,,
2024-07-03 01:06:00+00:00,buy,0.11054574447566291,61901.771089586284,10,61869.6,6844.345964934275,1.3685954738920767,0.0,,,,0.0,0.0,0.4192571428571428,0.0,0.0,,
2024-07-03 01:14:00+00:00,sell,0.0604115332947006,62000.813923329624,10,62034.6,,0.7491128469255529,0.0,,,,0.0,0.0,0.43104285714285706,0.0,0.0,3744.8151217808386,1.0
2024-07-03 01:21:00+00:00,sell,0.06037607294713678,62100.015225606956,9,62114.0,,0.74987100985591,0.0,,,,0.0,0.0,0.4367142857142857,0.0,0.0,3748.6051782696945,1.0
2024-07-03 01:22:00+00:00,sell,0.06035051571553292,62199.37524996793,8,62209.5,,0.7507528747039038,0.0,,,,0.0,0.0,0.4435357142857143,0.0,0.0,3753.013620644815,1.0
2024-07-03 01:30:00+00:00,buy,0.11221627556703731,62100.015225606956,8,62148.9,6970.026147758177,1.3937264842547845,0.0,,,,0.0,0.0,0.43920714285714296,0.0,0.0,,
2024-07-03 01:46:00+00:00,buy,0.10952613554698871,62000.813923329624,9,62010.4,6792.067691700184,1.3581419099580452,0.0,,,,0.0,0.0,0.4293142857142858,0.0,0.0,,
2024-07-03 01:52:00+00:00,buy,0.10694194646350583,61901.771089586284,10,61901.8,6621.2198690367,1.3239791779717458,0.0,,,,0.0,0.0,0.4215571428571431,0.0,0.0,,
2024-07-03 01:55:00+00:00,buy,0.10399204980997596,61802.88647123231,11,61527.6,6428.294250086344,1.285401769663336,0.0,,,,0.0,0.0,0.3948285714285713,0.0,0.0,,
2024-07-03 01:56:00+00:00,buy,0.10161143152310961,61530.9,12,61478.8,6253.493280471686,1.2504485663810612,0.0,,,,0.0,0.0,0.3913428571428573,0.0,0.0,,
2024-07-03 01:57:00+00:00,buy,0.0995997360193175,61478.8,13,61596.7,6124.496905234574,1.2246544501568835,0.0,,,,0.0,0.0,0.3997642857142855,0.0,0.0,,
2024-07-03 02:05:00+00:00,buy,0.09722985726920011,61507.179383122246,14,61476.2,5981.530339306554,1.1960668544904127,0.0,,,,0.0,0.0,0.39115714285714265,0.0,0.0,,
2024-07-03 02:33:00+00:00,sell,0.06040902876350297,61605.590870135245,14,61600.0,,0.7443067821733192,0.0,,,,0.0,0.0,0.4,0.0,0.0,3720.789604084423,1.0
2024-07-03 02:38:00+00:00,buy,0.09640605587033824,61507.179383122246,14,61506.7,5930.850504950607,1.18593291440724,0.0,,,,0.0,0.0,0.39333571428571407,0.0,0.0,,
2024-07-03 02:41:00+00:00,buy,0.09408829141063288,61408.92510295751,15,61382.0,5779.0164124688545,1.155572168060159,0.0,,,,0.0,0.0,0.38442857142857145,0.0,0.0,,
2024-07-03 02:44:00+00:00,buy,0.09183659881858268,61310.827778511884,16,61264.3,5631.704009509197,1.1261155787860821,0.0,,,,0.0,0.0,0.3760214285714288,0.0,0.0,,
2024-07-03 05:50:00+00:00,buy,0.06088712650955701,61027.3,17,61011.9,3716.520091023816,0.7431553871273378,0.0,,-0.4061132323345167,-0.7968551048191739,0.0,0.0,0.3579928571428572,0.0,0.0,,
2024-07-03 05:51:00+00:00,buy,0.060867728767938015,61011.9,18,61027.0,3714.398511972721,0.7427311561633115,0.0,,-0.3432418085517813,-0.7744006722753968,0.0,0.0,0.3590714285714286,0.0,0.0,,
2024-07-03 06:40:00+00:00,buy,0.08700288980395993,61017.47503421182,19,61046.1,5309.75839584871,1.0617393313034815,0.0,,0.13170091861168756,0.8172508655848328,0.0,0.0,0.3604357142857142,0.0,0.0,,
2024-07-03 07:26:00+00:00,buy,0.07230105055562515,60920.00302936483,20,60927.9,4405.461134918719,0.8809160437749889,0.0,,-0.7745513490356779,-0.37158752483004875,0.0,0.0,0.3519928571428573,0.0,0.0,,
2024-07-03 07:38:00+00:00,sell,0.0602819263793654,61017.47503421182,20,61033.9,,0.7356501875734247,0.0,,0.5623501223591775,-0.60597323963683,0.0,0.0,0.35956428571428584,0.0,0.0,3677.51528767955,1.0
2024-07-03 07:44:00+00:00,buy,0.06222735817970691,60920.00302936483,20,60888.0,3791.649026986879,0.7581781697634231,0.0,,-1.2211456337432611,-0.6602936644905568,0.0,0.0,0.34914285714285714,0.0,0.0,,
2024-07-03 12:01:00+00:00,buy,0.05628917052403605,60371.1,21,60346.1,3398.9187904521573,0.6796478285247266,0.0,,-0.5995839501906501,-0.7879008901852246,0.0,0.0,0.3104357142857142,0.0,0.0,,
2024-07-03 12:02:00+00:00,buy,0.05583494108884577,60346.1,22,60306.9,3370.094822629284,0.6738841876883191,0.0,,-0.7444009092886685,-0.7771005111299513,0.0,0.0,0.3076357142857144,0.0,0.0,,
2024-07-03 12:03:00+00:00,buy,0.05534687800711887,60306.9,23,60287.9,3338.4661970149746,0.6675597274575035,0.0,,-0.8112763525446297,-0.7681961498434615,0.0,0.0,0.3062785714285715,0.0,0.0,,
2024-07-03 12:04:00+00:00,buy,0.05470396788341,60287.9,24,60298.9,3298.6469428273053,0.6595974690716467,0.0,,-0.7616124644374337,-0.7656384882381615,0.0,0.0,0.30706428571428585,0.0,0.0,,
2024-07-03 12:05:00+00:00,buy,0.05403910724730557,60298.9,25,60297.8,3259.150423739353,0.6516997447989108,0.0,,-0.7590974379670785,-0.7635099993307479,0.0,0.0,0.3069857142857145,0.0,0.0,,
2024-07-03 12:06:00+00:00,buy,0.05326450029390123,60297.8,26,60288.1,3212.374532258762,0.6423464371643196,0.0,,-0.790144109836523,-0.7648263799132297,0.0,0.0,0.30629285714285703,0.0,0.0,,
2024-07-03 12:08:00+00:00,buy,0.05217318170872355,60242.04486442049,27,60239.3,3143.64775704713,0.6286038306432974,0.0,,-0.9660684776092674,-0.7751262607804397,0.0,0.0,0.30280714285714305,0.0,0.0,,
2024-07-03 12:15:00+00:00,sell,0.05217318170872355,60338.43213620356,27,60390.0,,0.6296095967723266,0.0,,-0.31104684208101746,-0.760268317026146,0.0,0.0,0.31357142857142856,0.0,0.0,3147.4183742648606,1.0
2024-07-03 12:18:00+00:00,buy,0.05301984587447034,60242.04486442049,27,60184.3,3194.6627386612768,0.6388047867749004,0.0,,-1.1210877192027335,-0.7444388088407677,0.0,0.0,0.29887857142857166,0.0,0.0,,
2024-07-03 12:32:00+00:00,buy,0.05165264989144946,60145.81156591502,28,60143.9,3107.3118853607502,0.62133810945026,0.0,,-1.250873660725819,-0.764452881252362,0.0,0.0,0.2959928571428572,0.0,0.0,,
2024-07-03 12:37:00+00:00,buy,0.050998131104927076,60049.73199472346,29,60082.2,3063.0365899036574,0.6124848210165282,0.0,,-1.4900443641579362,-0.7604898712994307,0.0,0.0,0.29158571428571406,0.0,0.0,,
2024-07-03 12:46:00+00:00,sell,0.050998131104927076,60145.81156591502,29,60155.4,,0.6134647967301547,0.0,,-1.0732126977296863,-0.8537868097494468,0.0,0.0,0.2968142857142858,0.0,0.0,3066.7105188540436,1.0
2024-07-03 13:13:00+00:00,sell,0.05165264989144946,60242.04486442049,28,60280.0,,0.6223322504253804,0.0,,-0.11600298485430796,-0.9893299559410151,0.0,0.0,0.3057142857142857,0.0,0.0,3111.038919876477,1.0
2024-07-03 13:23:00+00:00,sell,0.05301984587447034,60338.43213620356,27,60339.9,,0.6398268744337402,0.0,,0.24225140670984457,-0.97530378925271,0.0,0.0,0.30999285714285724,0.0,0.0,3198.494545294267,1.0
2024-07-03 13:31:00+00:00,sell,0.05326450029390123,60434.97362762149,26,60392.0,,0.6438077341100716,0.0,,0.5705604371440557,-0.9338209305035755,0.0,0.0,0.3137142857142857,0.0,0.0,3218.394862816248,1.0
2024-07-03 13:38:00+00:00,sell,0.05403910724730557,60531.66958542569,25,60491.1,,0.6542154769170567,0.0,,1.1838404159312559,-0.758997188712613,0.0,0.0,0.32079285714285705,0.0,0.0,3270.4231691083664,1.0
2024-07-03 13:42:00+00:00,buy,0.06440283470458195,60434.97362762149,25,60467.9,3892.9620536388593,0.7784367233830953,0.0,,1.0834034421787102,-0.4407968068857177,0.0,0.0,0.3191357142857144,0.0,0.0,,
2024-07-03 13:44:00+00:00,sell,0.06008911389219913,60531.66958542569,25,60546.5,,0.7274588775607221,0.0,,1.5440576122200127,-0.24001844487731477,0.0,0.0,0.32475,0.0,0.0,3636.5669289260495,1.0
2024-07-03 13:53:00+00:00,sell,0.05470396788341,60628.52025676237,24,60578.1,,0.6633241249889203,0.0,,1.8280844707965511,0.700140486111251,0.0,0.0,0.3270071428571428,0.0,0.0,3315.9573008196126,1.0
2024-07-03 14:00:00+00:00,sell,0.05534687800711887,60725.525889173194,23,60545.1,,0.6721936546612415,0.0,,1.649723163346939,0.9393639789755844,0.0,0.0,0.3246499999999999,0.0,0.0,3360.296079651546,2.0
2024-07-03 14:01:00+00:00,buy,0.08050987188801312,60545.0,23,60596.8,4875.445087498446,0.9748940386919509,0.0,,1.9536945158608885,0.9539872559294768,0.0,0.0,0.3283428571428573,0.0,0.0,,
2024-07-03 14:03:00+00:00,buy,0.07861301387213564,60531.66958542569,24,60487.6,4759.528696218765,0.9517153961645202,0.0,,1.3236002644281744,0.9724499972364807,0.0,0.0,0.320542857142857,0.0,0.0,,
2024-07-03 14:05:00+00:00,buy,0.07691987866806443,60434.97362762149,25,60454.0,4649.580568912068,0.9297301677488639,0.0,,1.1352344499809024,0.9836693794917205,0.0,0.0,0.3181428571428571,0.0,0.0,,
2024-07-03 14:07:00+00:00,sell,0.060066491538553465,60531.66958542569,25,60526.7,,0.7271850037934973,0.0,,1.5730236986062671,0.9913443986298863,0.0,0.0,0.32333571428571406,0.0,0.0,3635.1978339636926,1.0
2024-07-03 14:11:00+00:00,buy,0.07646692802744143,60434.97362762149,25,60425.1,4622.201034079399,0.9242553557447307,0.0,,0.9637687305291308,0.9951050450885786,0.0,0.0,0.3160785714285713,0.0,0.0,,
2024-07-03 14:16:00+00:00,sell,0.06005494783873917,60531.66958542569,25,60518.0,,0.7270452519089069,0.0,,1.4836260911454677,0.9957718657659301,0.0,0.0,0.32271428571428573,0.0,0.0,3634.4992142926253,1.0
2024-07-03 14:27:00+00:00,buy,0.07604951865103696,60434.97362762149,25,60408.0,4596.969864199541,0.9192101308137456,0.0,,0.7055594281372481,0.996315841108763,0.0,0.0,0.31485714285714284,0.0,0.0,,
2024-07-03 14:36:00+00:00,buy,0.07431036215459164,60338.43213620356,26,60323.4,4484.667498030313,0.8967541487763074,0.0,,0.14685561412918807,0.9919540283810634,0.0,0.0,0.3088142857142858,0.0,0.0,,
2024-07-03 15:00:00+00:00,buy,0.07260918948538646,60242.04486442049,27,60235.8,4375.000875757969,0.8748252101095719,0.0,,-0.43260259170379295,0.5952865899409316,0.0,0.0,0.3025571428571431,0.0,0.0,,
2024-07-03 15:01:00+00:00,buy,0.07089014419775651,60145.81156591502,28,60120.1,4264.598003849766,0.8527490509597614,0.0,,-1.139792934217661,0.49587795137873275,0.0,0.0,0.294292857142857,0.0,0.0,,
2024-07-03 15:14:00+00:00,sell,0.05986460441001255,60242.04486442049,28,60243.0,,0.7212732369317522,0.0,,-0.3096433516319185,-0.6041542847003637,0.0,0.0,0.30307142857142855,0.0,0.0,3605.644911421829,1.0
2024-07-03 15:22:00+00:00,sell,0.059946768400352124,60338.43213620356,27,60339.7,,0.7234188033818718,0.0,,0.2886419251650418,-0.8374091145826925,0.0,0.0,0.3099785714285712,0.0,0.0,3616.370598105977,1.0
2024-07-03 15:24:00+00:00,sell,0.06001065966965927,60434.97362762149,26,60428.5,,0.7253485269024054,0.0,,0.8179301752904495,-0.8490736972378107,0.0,0.0,0.3163214285714286,0.0,0.0,3626.017285985124,1.0
2024-07-03 15:37:00+00:00,buy,0.05117907308257036,60338.43213620356,26,60316.3,3088.6826409920714,0.6176130055972948,0.0,,0.08605355168368735,-0.757340231755974,0.0,0.0,0.30830714285714306,0.0,0.0,,
2024-07-03 15:38:00+00:00,buy,0.050372839268089525,60242.04486442049,27,60281.4,3035.1697557051184,0.6069125686272983,0.0,,-0.12222856582869494,-0.7599822743918081,0.0,0.0,0.3058142857142858,0.0,0.0,,
2024-07-03 15:39:00+00:00,sell,0.050372839268089525,60338.43213620356,27,60336.3,,0.607883628737102,0.0,,0.20057419405737573,-0.7522101617255348,0.0,0.0,0.3097357142857145,0.0,0.0,3038.8102600567727,1.0
2024-07-03 15:42:00+00:00,buy,0.05112073689806366,60242.04486442049,27,60292.1,3080.23364926053,0.6159235451430773,0.0,,-0.06337121360514521,-0.734782939955158,0.0,0.0,0.3065785714285713,0.0,0.0,,
2024-07-03 16:06:00+00:00,buy,0.05215084276354191,60145.81156591502,28,60210.5,3137.282092812027,0.627330952371931,0.0,,-0.47062849766978687,-0.6702977532271325,0.0,0.0,0.30075,0.0,0.0,,
2024-07-03 16:07:00+00:00,sell,0.05215084276354191,60242.04486442049,28,60266.9,,0.6283346818957262,0.0,,-0.13833516085891595,-0.6256566519713682,0.0,0.0,0.3047785714285715,0.0,0.0,3141.0450747967348,1.0
2024-07-03 16:12:00+00:00,sell,0.05112073689806366,60338.43213620356,27,60310.6,,0.6169090228153062,0.0,,0.11257485885415543,-0.4529247468914775,0.0,0.0,0.3078999999999999,0.0,0.0,3083.928205053716,1.0
2024-07-03 16:22:00+00:00,sell,0.05117907308257036,60434.97362762149,26,60507.5,,0.6186011864062505,0.0,,1.2448914256530794,-0.07807197077349708,0.0,0.0,0.3219642857142857,0.0,0.0,3092.3873308448465,1.0
2024-07-03 16:23:00+00:00,sell,0.06019109232888101,60531.66958542569,25,60580.1,,0.7286934625675353,0.0,,1.6558657577705178,-0.02115962541253703,0.0,0.0,0.3271499999999999,0.0,0.0,3642.7386193751086,1.0
2024-07-03 16:28:00+00:00,sell,0.060165240731845454,60628.52025676237,24,60622.2,,0.7295459032927354,0.0,,1.8107248923008135,0.18659448890844285,0.0,0.0,0.33015714285714265,0.0,0.0,3646.999970560384,1.0
2024-07-03 16:31:00+00:00,buy,0.07627375169183809,60531.66958542569,24,60529.8,4617.900930958237,0.9233955070902293,0.0,,1.2417273064215562,0.2970045738461276,0.0,0.0,0.32355714285714304,0.0,0.0,,
2024-07-03 16:34:00+00:00,buy,0.07453094665664897,60434.97362762149,25,60448.0,4505.176650795372,0.900855159127249,0.0,,0.7584096604170749,0.3328197296521812,0.0,0.0,0.3177142857142857,0.0,0.0,,
2024-07-03 16:49:00+00:00,sell,0.06009574387859565,60531.66958542569,25,60522.7,,0.7275391423899041,0.0,,1.0928046282173371,0.716303948704867,0.0,0.0,0.3230499999999998,0.0,0.0,3636.9681728071305,1.0
2024-07-03 17:06:00+00:00,buy,0.07416699572077139,60434.97362762149,25,60434.4,4483.17688651082,0.896456086084947,0.0,,0.4397950915974443,0.9484429265964041,0.0,0.0,0.31674285714285727,0.0,0.0,,
2024-07-03 17:39:00+00:00,buy,0.07238816414398348,60338.43213620356,26,60311.6,4368.661887332044,0.8735576659332223,0.0,,-0.6203507777279582,0.700956593005509,0.0,0.0,0.30797142857142845,0.0,0.0,,
2024-07-03 17:46:00+00:00,buy,0.07072223488425124,60242.04486442049,27,60220.0,4261.304137218509,0.8520904093618294,0.0,,-1.2959442402960426,0.4824132573457108,0.0,0.0,0.30142857142857143,0.0,0.0,,
2024-07-03 17:53:00+00:00,sell,0.05988420902398957,60338.43213620356,27,60296.3,,0.7226638564448448,0.0,,-0.6440904048382431,0.044748471307959364,0.0,0.0,0.3068785714285716,0.0,0.0,3612.596618367779,1.0
2024-07-03 18:01:00+00:00,sell,0.05996923248108601,60434.97362762149,26,60393.6,,0.724847796692627,0.0,,0.19281722188446299,-0.25143854392240844,0.0,0.0,0.31382857142857135,0.0,0.0,3623.514135666442,1.0
2024-07-03 18:02:00+00:00,buy,0.06357870395449577,60338.43213620356,26,60327.6,3837.0065617288938,0.7672478627732241,0.0,,-0.3453857466106738,-0.2889425981365993,0.0,0.0,0.3091142857142856,0.0,0.0,,
2024-07-03 18:46:00+00:00,sell,0.059981446114350905,60434.97362762149,26,60398.7,,0.7249954228134794,0.0,,0.36512048816093967,-0.32691612203152326,0.0,0.0,0.31419285714285694,0.0,0.0,3624.252118644583,1.0
2024-07-03 18:47:00+00:00,buy,0.0629285844415047,60338.43213620356,26,60307.5,3797.771524175437,0.7594024243502174,0.0,,-0.44628249814412047,-0.307757619789927,0.0,0.0,0.3076785714285714,0.0,0.0,,
2024-07-03 18:58:00+00:00,buy,0.06164476622860683,60242.04486442049,27,60256.0,3714.349494155006,0.7427213545600893,0.0,,-0.8747737408511679,-0.3110635746952379,0.0,0.0,0.304,0.0,0.0,,
2024-07-03 21:55:00+00:00,sell,0.05988134262032557,60338.43213620356,27,60290.6,,0.7226292655842538,0.0,,1.1054700738995478,0.5743177197718371,0.0,0.0,0.30647142857142845,0.0,0.0,3612.4236986556843,1.0
2024-07-03 21:59:00+00:00,buy,0.07033848141718699,60242.04486442049,27,60242.9,4238.181420020031,0.847466790645877,0.0,,0.9274138550569264,0.8628341816701262,0.0,0.0,0.30306428571428584,0.0,0.0,,
2024-07-03 22:44:00+00:00,sell,0.05999317725189396,60338.43213620356,27,60348.0,,0.723978850849727,0.0,,1.6287910283595866,0.9990510077336002,0.0,0.0,0.31057142857142855,0.0,0.0,3619.170275397785,1.0
2024-07-03 23:43:00+00:00,buy,0.07010430640086955,60242.04486442049,27,60244.5,4224.071416744542,0.8446453542780528,0.0,,0.8098763140858279,0.9740145654514885,0.0,0.0,0.3031785714285714,0.0,0.0,,
2024-07-04 00:16:00+00:00,sell,0.060052809510605584,60338.43213620356,27,60377.6,,0.7246984742488071,0.0,,1.1087069845030033,0.7226759885357071,0.0,0.0,0.3126857142857142,0.0,0.07178937562011418,3622.7676727697863,1.0
2024-07-04 00:35:00+00:00,sell,0.06005372567803264,60434.97362762149,26,60430.6,,0.7258690655184636,0.0,,1.1737131205309201,0.7359501621118073,0.0,0.0,0.31647142857142846,0.0,0.0,3628.6194585267995,1.0
2024-07-04 01:07:00+00:00,buy,0.07123916757722316,60338.43213620356,26,60328.9,4299.319370233573,0.8596919356595827,0.0,,0.4812751612142834,0.9265946532533601,0.0,0.0,0.30920714285714296,0.0,0.15836030272527807,,
2024-07-04 01:16:00+00:00,buy,0.06972839167445131,59953.80590527502,30,59990.6,4181.318557029156,0.8360964921074098,0.0,,-1.8191398295773442,0.7846743444764994,0.0,0.0,0.28504285714285704,0.0,0.9475402366511962,,
2024-07-04 01:26:00+00:00,sell,0.06922049825195423,60255.8,30,60290.0,,0.8341872997140208,0.0,,0.11781659303898125,0.3613809336300373,0.0,0.0,0.30642857142857144,0.0,1.0,4170.10231127039,1.0
2024-07-04 01:37:00+00:00,buy,0.056331252020047524,59858.03305239119,31,59948.3,3372.5523208876425,0.6743755890597166,0.0,,-3.1257967735758636,-0.4841453258622488,0.0,0.0,0.28202142857142876,0.0,1.0,,
2024-07-14 05:58:00+00:00,sell,0.056331252020047524,60247.6,31,60274.6,,0.6787645478406031,0.0,,2.0774873025216567,0.9998823526573386,0.0,0.0,0.30532857142857134,0.0,0.8707983352887185,3393.1439746551746,1.0
2024-07-14 21:20:00+00:00,sell,0.06891514506921137,60628.52025676237,24,60450.0,,0.83564465376528,0.0,,4.3090501433902535,0.9769803477643861,0.0,0.0,0.31785714285714284,0.0,1.0,4177.387624172634,1.0
2024-07-14 21:21:00+00:00,sell,0.06946589803541622,60531.66958542569,25,60656.0,,0.8409773574669372,0.0,,5.866027347723106,0.9827170493100807,0.0,0.0,0.3325714285714286,0.0,1.0,4204.0458099772195,1.0
2024-07-14 21:22:00+00:00,sell,0.06954955090940862,60656.1,26,60645.9,,0.8437209029832361,0.0,,5.387907524121996,0.9869946685992192,0.0,0.0,0.3318500000000001,0.0,1.0,4217.760794013197,1.0
2024-07-14 21:23:00+00:00,sell,0.05628917052403605,60920.00302936483,21,60926.4,,0.685827287768942,0.0,,6.955954581552654,0.9915928234754,0.0,0.0,0.3518857142857144,0.0,1.0,3428.4506115569407,1.0
2024-07-14 21:24:00+00:00,sell,0.05583494108884577,60926.3,22,60884.1,,0.6803632742522688,0.0,,6.071393097736774,0.9943749582227674,0.0,0.0,0.3488642857142856,0.0,1.0,3401.136007987092,2.0
2024-07-14 21:25:00+00:00,sell,0.0697820125944173,60884.1,23,60930.3,,0.8497230065999524,0.0,,5.8938991266408856,0.9962499590889015,0.0,0.0,0.35216428571428593,0.0,1.0,4247.765309993162,1.0
2024-07-14 21:28:00+00:00,sell,0.06222735817970691,61017.47503421182,20,60948.9,,0.7593912548350447,0.0,,4.9251538114583076,0.9988904388230717,0.0,0.0,0.3534928571428572,0.0,1.0,3796.1968829203884,1.0
2024-07-14 21:29:00+00:00,buy,0.08009195137071559,60822.68673059587,21,60756.0,4872.381949396727,0.9742815335726308,0.0,,3.7391038891269,0.9991778494318556,0.0,0.0,0.3397142857142857,0.0,1.0,,
2024-07-14 21:30:00+00:00,buy,0.0781713843216453,60756.0,20,60852.9,4750.330501971051,0.9498761251691764,0.0,,4.084835896866872,0.9994112641483338,0.0,0.0,0.3466357142857144,0.0,1.0,,
2024-07-14 21:32:00+00:00,buy,0.07668873713521941,60725.525889173194,22,60813.1,4657.8952850912265,0.9313927784625529,0.0,,3.621995421893904,0.9996858239720326,0.0,0.0,0.343792857142857,0.0,1.0,,
2024-07-14 21:33:00+00:00,sell,0.06947943883276408,60822.68673059587,22,60821.2,,0.8451852284685616,0.0,,3.547943197258812,0.9997678852213137,0.0,0.0,0.3443714285714284,0.0,1.0,4225.080957114339,1.0
2024-07-14 21:35:00+00:00,buy,0.07628556074003148,60725.525889173194,22,60702.0,4633.407289847613,0.9264961587377751,0.0,,2.8408961579365024,0.9998600603605491,0.0,0.0,0.33585714285714285,0.0,1.0,,
2024-07-14 21:38:00+00:00,sell,0.06930428086995899,60822.68673059587,22,60731.1,,0.8430545128885488,0.0,,2.775101085065168,0.999931577992942,0.0,0.0,0.3379357142857142,0.0,1.0,4214.429509929855,1.0
2024-07-14 21:39:00+00:00,buy,0.07618151472548788,60725.525889173194,22,60728.8,4627.087777247991,0.9252325089478087,0.0,,2.7104432790187767,0.9999384060184174,0.0,0.0,0.3377714285714288,0.0,1.0,,
2024-07-14 21:41:00+00:00,sell,0.06948502602824017,60822.68673059587,22,60820.0,,0.8452531941165904,0.0,,2.958300585921093,0.9999503491283492,0.0,0.0,0.3442857142857143,0.0,1.0,4225.420717388835,1.0
2024-07-14 21:48:00+00:00,sell,0.0695003352596484,61115.10299426656,19,61000.0,,0.8495040295058937,0.0,,3.2036246942581967,0.9999863752753334,0.0,0.0,0.35714285714285715,0.0,1.0,4246.670643499962,1.0
2024-07-14 21:49:00+00:00,sell,0.06988101034989896,61000.0,21,61080.9,,0.8525483262687674,0.0,,3.3963948005085434,0.9999900203681362,0.0,0.0,0.3629214285714287,0.0,1.0,4261.889083017569,1.0
2024-07-14 21:50:00+00:00,sell,0.06981848696631802,61080.9,20,61110.1,,0.8529152041081951,0.0,,3.3991178393618617,0.9999926030009428,0.0,0.0,0.36500714285714275,0.0,1.0,4263.723105336867,1.0
2024-07-14 21:57:00+00:00,sell,0.060867728767938015,61212.88715905739,18,61264.0,,0.7451778825399803,0.0,,3.334771532842901,0.9999990295924869,0.0,0.0,0.376,0.0,1.0,3725.1442348173614,1.0
2024-07-14 21:59:00+00:00,sell,0.0697073168671831,61408.92510295751,16,61301.4,,0.8561302801249947,0.0,,3.2700808773177887,0.9999995644202796,0.0,0.0,0.37867142857142866,0.0,1.0,4279.795270344848,1.0
2024-07-14 22:00:00+00:00,sell,0.06088712650955701,61310.827778511884,17,61159.2,,0.746608025471183,0.0,,2.8007463483763755,0.9999996903568026,0.0,0.0,0.3685142857142855,0.0,1.0,3732.293519330444,1.0
2024-07-14 22:01:00+00:00,buy,0.08514850064546815,61159.2,16,61145.7,5208.655703512451,1.041522836135263,0.0,,2.707819709184948,0.9999997796411806,0.0,0.0,0.36754999999999977,0.0,1.0,,
2024-07-14 22:02:00+00:00,buy,0.0836056652543991,61115.10299426656,18,61167.1,5110.590756695359,1.0219137685853548,0.0,,2.7125521255752196,0.9999998437101077,0.0,0.0,0.3690785714285713,0.0,1.0,,
2024-07-14 22:03:00+00:00,buy,0.08132226546396376,61166.0,17,61138.6,4975.15252090668,0.9948315378737614,0.0,,2.585515009985523,0.9999998880003023,0.0,0.0,0.36704285714285706,0.0,1.0,,
2024-07-14 22:08:00+00:00,buy,0.07958385520433992,61017.47503421182,19,61022.2,4856.977099236751,0.9712011796114279,0.0,,2.0961793543103493,0.9999999646189355,0.0,0.0,0.35872857142857123,0.0,1.0,,
2024-07-14 22:13:00+00:00,buy,0.07774862054337385,60822.68673059587,21,60838.0,4729.825767043807,0.9457759982091197,0.0,,1.514209076344721,0.9999999772706238,0.0,0.0,0.3455714285714286,0.0,1.0,,
2024-07-14 22:14:00+00:00,buy,0.07569200675996593,60837.9,20,60844.2,4605.863726609743,0.9209885476124262,0.0,,1.5145210352313108,0.999999977418349,0.0,0.0,0.3460142857142855,0.0,1.0,,
2024-07-14 22:26:00+00:00,sell,0.06970659615782594,60920.00302936483,21,60973.7,,0.8493052098202934,0.0,,1.6688215335995988,0.9999998248541107,0.0,0.0,0.35526428571428553,0.0,1.0,4245.676743891647,1.0
2024-07-14 22:40:00+00:00,buy,0.0756774614939111,60822.68673059587,21,60796.7,4603.827114317488,0.9205813066021773,0.0,,1.064112630140094,0.9999977963163695,0.0,0.0,0.34262142857142835,0.0,0.8773795771235965,,
2024-07-14 22:56:00+00:00,sell,0.06052312736483938,60920.00302936483,21,60919.2,,0.7374138204825297,0.0,,1.1944390105221772,0.9998545798721564,0.0,0.0,0.3513714285714284,0.0,0.4118281645276984,3686.3316885921654,1.0
2024-07-14 23:03:00+00:00,buy,0.0753500292179596,60822.68673059587,21,60810.2,4583.907820509655,0.9165982444530404,0.0,,0.8925450154753816,0.9985092990234535,0.0,0.0,0.3435857142857141,0.0,0.4007503344574871,,
2024-07-14 23:06:00+00:00,sell,0.06053852412534282,60920.00302936483,21,60926.0,,0.7376014146218322,0.0,,1.1235645830163175,0.9970340886533118,0.0,0.0,0.35185714285714287,0.0,0.48025976509408247,3687.269471694539,1.0
2024-07-14 23:16:00+00:00,sell,0.06056144097944354,61017.47503421182,20,60996.3,,0.7390612425998179,0.0,,1.1843302997508554,0.992292990220958,0.0,0.0,0.35687857142857166,0.0,0.5658591672388698,3694.5671517564892,1.0
2024-07-14 23:20:00+00:00,sell,0.06067144213642423,61115.10299426656,19,61119.8,,0.7415882869956503,0.0,,1.410611566004655,0.9935123219617324,0.0,0.0,0.3657000000000002,0.0,0.7947935269582584,3707.1998466912555,1.0
2024-07-14 23:49:00+00:00,buy,0.0778489206309851,61017.47503421182,19,61000.1,4751.094599955679,0.9500289142082943,0.0,,0.8601970503234921,0.9963742396141197,0.0,0.0,0.3571499999999999,0.0,0.45841382292568195,,
2024-07-14 23:55:00+00:00,buy,0.07602438218378052,60920.00302936483,20,60909.0,4632.331874060087,0.9262811185882999,0.0,,0.6148555119071534,0.9947354067596799,0.0,0.0,0.35064285714285715,0.0,0.4200372089467469,,
2024-07-14 23:56:00+00:00,buy,0.0742843645462706,60725.525889173194,22,60729.9,4511.859293835818,0.902191420483067,0.0,,0.19963894692535467,0.993564222271711,0.0,0.0,0.3378500000000001,0.0,0.8599688021031466,,
2024-07-14 23:57:00+00:00,buy,0.07232322597936199,60729.9,21,60740.0,4393.060717860336,0.8784364562808111,0.0,,0.2161325442012399,0.9924326420003025,0.0,0.0,0.3385714285714286,0.0,0.8066595117692549,,
2024-07-15 00:00:00+00:00,sell,0.06038778988653848,60822.68673059587,22,60779.3,,0.7345895253243951,0.0,,0.28695969394326487,0.9888033989718751,0.0,0.0,0.34137857142857164,0.0,0.7718917618971367,3672.2130370966515,1.0
2024-07-15 00:09:00+00:00,buy,0.07220554737607872,60725.525889173194,22,60710.4,4385.596780495296,0.8769439673055981,0.0,,0.048964301383543206,0.9668714539101347,0.0,0.0,0.33645714285714295,0.0,0.6225496332657261,,
2024-07-15 00:23:00+00:00,sell,0.060447308854360435,60822.68673059587,22,60810.1,,0.7353135460312678,0.0,,0.2082657980939539,0.5355949888767044,0.0,0.0,0.34357857142857134,0.0,0.5928362894161548,3675.8324166103075,1.0
2024-07-15 00:27:00+00:00,sell,0.0604932372990022,60920.00302936483,21,60889.5,,0.73704963990226,0.0,,0.408216828629519,0.2730131342590203,0.0,0.0,0.34925,0.0,0.627751346879862,3684.5111498713977,1.0
2024-07-15 00:31:00+00:00,sell,0.06064657519303684,61017.47503421182,20,61031.6,,0.7401001775503151,0.0,,0.8074001898242802,0.12921571336393395,0.0,0.0,0.3593999999999999,0.0,0.7688566818000284,3699.760787574025,1.0
2024-07-15 00:32:00+00:00,sell,0.06070540503560645,61115.10299426656,19,61123.0,,0.7420034162119513,0.0,,1.0808636968370189,0.1428014222565814,0.0,0.0,0.36592857142857144,0.0,0.9333061586274114,3709.2750776435446,1.0
2024-07-15 00:35:00+00:00,buy,0.0761756885872675,61017.47503421182,19,60984.1,4648.977786222807,0.9296096353174979,0.0,,0.6348555440534075,0.06751312965209061,0.0,0.0,0.35600714285714274,0.0,1.0,,
2024-07-15 00:47:00+00:00,sell,0.060714188988500305,61115.10299426656,19,61126.0,,0.7421107826491122,0.0,,1.0500149294396253,-0.08148318637781918,0.0,0.0,0.36614285714285716,0.0,0.8975776528563529,3709.811802462912,1.0
2024-07-15 00:54:00+00:00,sell,0.06999170769197399,61212.88715905739,18,61272.1,,0.8568789010037067,0.0,,1.5617578922819708,0.23334179422802678,0.0,0.0,0.3765785714285713,0.0,1.0,4283.53762611753,1.0
2024-07-15 00:55:00+00:00,sell,0.06981251026745301,61310.827778511884,17,61238.2,,0.8560525587586808,0.0,,1.4322071585176879,0.31232218458393324,0.0,0.0,0.37415714285714263,0.0,1.0,4279.406741234645,1.0
2024-07-15 00:56:00+00:00,buy,0.07919476259421913,61212.88715905739,17,61211.5,4848.709614281529,0.969548013253655,0.0,,1.3291776916548366,0.4206445887533499,0.0,0.0,0.37225,0.0,1.0,,
2024-07-15 01:05:00+00:00,sell,0.060850148050957786,61310.827778511884,17,61323.6,,0.7461545894898447,0.0,,1.9052441067368362,0.874152935642217,0.0,0.0,0.38025714285714274,0.0,0.9391010577806361,3730.0267928597336,1.0
2024-07-15 01:09:00+00:00,sell,0.07002255992846276,61408.92510295751,16,61409.1,,0.8600020276328647,0.0,,2.3514113523608042,0.9520155731822454,0.0,0.0,0.3863642857142856,0.0,1.0,4299.150136136691,1.0
2024-07-15 01:11:00+00:00,sell,0.07006320716482722,61507.179383122246,15,61494.5,,0.8618780502487767,0.0,,2.7574144075723788,0.9756150357498513,0.0,0.0,0.3924642857142857,0.0,1.0,4308.528373193635,1.0
2024-07-15 01:12:00+00:00,buy,0.08218550746208374,61408.92510295751,15,61451.9,5047.933057022114,1.0093847344575313,0.0,,2.550399391835062,0.9822252047759722,0.0,0.0,0.3894214285714287,0.0,1.0,,
2024-07-15 01:16:00+00:00,sell,0.07019634590741176,61605.590870135245,14,61628.4,,0.8648974733101005,0.0,,3.413324069303434,0.9957949002092235,0.0,0.0,0.4020285714285715,0.0,1.0,4323.622469077191,1.0
2024-07-15 01:17:00+00:00,sell,0.07026029308106904,61704.15981552746,13,61730.2,,0.8670704705920166,0.0,,3.863817143913918,0.9973368605475739,0.0,0.0,0.4092999999999998,0.0,1.0,4334.485282489491,2.0
2024-07-15 01:18:00+00:00,sell,0.07053399266574047,61730.2,15,61759.9,,0.8708154948109385,0.0,,3.9327229432892423,0.998280585020541,0.0,0.0,0.41142142857142866,0.0,1.0,4353.206658559881,1.0
2024-07-15 01:19:00+00:00,sell,0.07016646574578123,61802.88647123231,12,61742.9,,0.8672980233148255,0.0,,3.7828481779062764,0.9988970853662043,0.0,0.0,0.41020714285714294,0.0,1.0,4335.622818550813,2.0
2024-07-15 01:20:00+00:00,buy,0.08705039031659989,61704.15981552746,12,61679.4,5372.445470338745,1.074274239219905,0.0,,3.407648937498401,0.9992445268460417,0.0,0.0,0.4056714285714287,0.0,1.0,,
2024-07-15 01:24:00+00:00,buy,0.08504704348539964,61605.590870135245,13,61643.5,5240.421240349267,1.0478746731352264,0.0,,2.9269148065112147,0.9998088521971497,0.0,0.0,0.40310714285714283,0.0,1.0,,
2024-07-15 01:28:00+00:00,buy,0.08275269640287966,61507.179383122246,14,61509.3,5090.902919077393,1.017976988417795,0.0,,2.1457589505006,0.9999248189067332,0.0,0.0,0.3935214285714288,0.0,1.0,,
2024-07-15 01:30:00+00:00,buy,0.08075737752241627,61408.92510295751,15,61402.1,4960.2155925348825,0.991844749557065,0.0,,1.6499388364757681,0.9999342496061732,0.0,0.0,0.3858642857142856,0.0,1.0,,
2024-07-15 01:32:00+00:00,buy,0.07882330670256225,61310.827778511884,16,61300.0,4833.68872661005,0.9665444364347232,0.0,,1.19275656756936,0.9999287797382521,0.0,0.0,0.37857142857142856,0.0,1.0,,
2024-07-15 01:45:00+00:00,buy,0.07695581669326665,61212.88715905739,17,61206.0,4711.629861022732,0.9421375446956074,0.0,,0.6760934897136885,0.9999067462144814,0.0,0.0,0.37185714285714283,0.0,1.0,,
2024-07-15 01:49:00+00:00,sell,0.06997570776139975,61310.827778511884,17,61309.2,,0.8580537134477314,0.0,,1.0858079105999412,0.999869089178212,0.0,0.0,0.37922857142857125,0.0,1.0,4289.410513525209,1.0
2024-07-15 01:55:00+00:00,sell,0.06992048697945114,61408.92510295751,16,61339.2,,0.8587483896166862,0.0,,1.1639173079893657,0.999806432737633,0.0,0.0,0.38137142857142836,0.0,1.0,4292.883199693814,1.0
2024-07-15 02:02:00+00:00,buy,0.07845209922266631,61310.827778511884,16,61301.2,4810.925136932481,0.9619926288607241,0.0,,0.9676639589811914,0.9996879394365614,0.0,0.0,0.37865714285714264,0.0,0.8272386626013015,,
2024-07-15 02:05:00+00:00,sell,0.06098755612369869,61408.92510295751,16,61450.0,,0.7490360532425262,0.0,,1.5447826285098931,0.9996181996641369,0.0,0.0,0.3892857142857143,0.0,0.9143111846068585,3744.431230159388,1.0
2024-07-15 02:07:00+00:00,sell,0.061014668878131395,61507.179383122246,15,61528.1,,0.7505680367378068,0.0,,1.8219787001835699,0.9995848558505237,0.0,0.0,0.3948642857142856,0.0,0.921053824665072,3752.0896156522963,1.0
2024-07-15 02:08:00+00:00,sell,0.07008116724484895,61605.590870135245,14,61543.4,,0.8634783433975376,0.0,,1.860806705936346,0.9995879085040621,0.0,0.0,0.39595714285714295,0.0,1.0,4316.5282386442905,1.0
2024-07-15 02:09:00+00:00,buy,0.08119548536133768,61507.179383122246,14,61505.9,4995.104104276116,0.9988210566438946,0.0,,1.6944398378918375,0.9995496664167048,0.0,0.0,0.39327857142857153,0.0,1.0,,
2024-07-15 02:26:00+00:00,sell,0.06114778787345372,61704.15981552746,13,61733.8,,0.7546145750619121,0.0,,2.2570409357092234,0.9930250669260415,0.0,0.0,0.40955714285714306,0.0,0.8384990365718309,3772.3182607344984,1.0
2024-07-15 02:27:00+00:00,sell,0.06123739759473773,61737.4,14,61729.5,,0.7561275420530723,0.0,,2.2080375278853954,0.9929464504359731,0.0,0.0,0.40925,0.0,0.8499616560365996,3779.8815827233084,1.0
2024-07-15 02:28:00+00:00,sell,0.07039588835105588,62199.37524996793,8,62104.1,,0.8757160551204343,0.0,,3.4727643842234475,0.9943785277603556,0.0,0.0,0.43600714285714276,0.0,1.0,4377.704559547051,1.0
2024-07-15 02:29:00+00:00,sell,0.07070924473806195,62104.1,9,62221.4,,0.8782668012274146,0.0,,3.7602156079159768,0.9959955036238923,0.0,0.0,0.4443857142857144,0.0,1.0,4390.4557393358455,1.0
2024-07-15 02:30:00+00:00,sell,0.07061173912570531,62221.4,10,62096.1,,0.8787122529672323,0.0,,3.2387607880320743,0.9969476379792036,0.0,0.0,0.4354357142857142,0.0,1.0,4392.682552583194,1.0
2024-07-15 02:31:00+00:00,sell,0.07075069788086741,62096.1,11,62109.0,,0.8786684821360261,0.0,,3.1985097471376687,0.9977587404702781,0.0,0.0,0.43635714285714283,0.0,1.0,4392.463742197994,1.0
2024-07-15 02:32:00+00:00,sell,0.07095623719507822,62109.0,12,62169.9,,0.8814041871898228,0.0,,3.3091956625201053,0.9984319621311849,0.0,0.0,0.44070714285714296,0.0,1.0,4406.1395317619235,1.0
2024-07-15 02:34:00+00:00,sell,0.07063792291072579,62398.57248116848,6,62416.1,,0.8815411105328231,0.0,,3.8430726725364766,0.9993381160009372,0.0,0.0,0.45829285714285706,0.0,1.0,4406.824011553583,1.0
2024-07-15 02:35:00+00:00,sell,0.07063749597762534,62416.0,7,62337.6,,0.8817819897878927,0.0,,3.4947596012941395,0.9995641812496358,0.0,0.0,0.4526857142857142,0.0,1.0,4408.028166949675,1.0
2024-07-15 02:36:00+00:00,buy,0.09513839062844551,62298.894250367885,6,62317.5,5928.2019402191,1.1854033073823436,0.0,,3.3396051463534087,0.999711265381395,0.0,0.0,0.45125,0.0,1.0,,
2024-07-15 02:37:00+00:00,sell,0.07066060127944081,62398.57248116848,6,62428.5,,0.8818241300996268,0.0,,3.551392514105705,0.9998212517330886,0.0,0.0,0.45917857142857144,0.0,1.0,4408.238826368034,1.0
2024-07-15 02:38:00+00:00,buy,0.09451974031966853,62298.894250367885,6,62305.4,5889.653001808613,1.1776950613494528,0.0,,3.123259410371657,0.9998819696448539,0.0,0.0,0.4503857142857144,0.0,1.0,,
2024-07-15 02:39:00+00:00,sell,0.07060088034360623,62398.57248116848,6,62383.7,,0.8810788298709633,0.0,,3.255367787099832,0.9999232495319249,0.0,0.0,0.45597857142857123,0.0,1.0,4404.513070524946,1.0
2024-07-15 02:40:00+00:00,sell,0.07056389106174689,62498.41019713835,5,62437.5,,0.8820262017366484,0.0,,3.313153748300876,0.9999514024761706,0.0,0.0,0.45982142857142855,0.0,1.0,4409.248982481505,2.0
2024-07-15 02:42:00+00:00,buy,0.09565914422436461,62398.57248116848,5,62383.3,5970.1878431794385,1.193798808874113,0.0,,3.018254291330516,0.9999780487948927,0.0,0.0,0.4559500000000002,0.0,1.0,,
2024-07-15 02:44:00+00:00,buy,0.0932555878900863,62298.894250367885,6,62274.5,5810.881952222018,1.161944001644075,0.0,,2.6368736536781605,0.999989327124897,0.0,0.0,0.4481785714285714,0.0,1.0,,
2024-07-15 02:47:00+00:00,sell,0.07065713310620539,62398.57248116848,6,62416.1,,0.8817808482878252,0.0,,2.831451511851492,0.9999967027179268,0.0,0.0,0.45829285714285706,0.0,1.0,4408.022460590838,1.0
2024-07-15 02:48:00+00:00,sell,0.07069625106867691,62498.41019713835,5,62522.7,,0.8836806597380101,0.0,,3.0198599879061483,0.9999978816940417,0.0,0.0,0.46590714285714263,0.0,1.0,4417.519618030312,1.0
2024-07-15 02:51:00+00:00,buy,0.09459755291052345,62398.57248116848,5,62409.0,5903.932812280833,1.1805504523656936,0.0,,2.5958493434949625,0.9999993252788348,0.0,0.0,0.4577857142857143,0.0,1.0,,
2024-07-15 02:52:00+00:00,sell,0.07067757447256816,62498.41019713835,5,62506.1,,0.8834472082250717,0.0,,2.761501892339885,0.9999995349050457,0.0,0.0,0.46472142857142845,0.0,1.0,4416.352593917133,1.0
2024-07-15 02:55:00+00:00,sell,0.07064264814936473,62598.407653453774,4,62562.3,,0.8844234573146871,0.0,,2.7305585515700317,0.9999998395214872,0.0,0.0,0.4687357142857145,0.0,1.0,4421.232863116121,1.0
2024-07-15 02:59:00+00:00,buy,0.0957384707545921,62498.41019713835,4,62487.0,5984.698917310604,1.196700443373446,0.0,,2.391000901093854,0.9999999579778253,0.0,0.0,0.46335714285714286,0.0,1.0,,
2024-07-15 03:01:00+00:00,buy,0.0933157989226344,62398.57248116848,5,62371.9,5823.937197240689,1.1645545285424292,0.0,,2.0913588794426756,0.9999999762645129,0.0,0.0,0.45513571428571437,0.0,1.0,,
2024-07-15 03:05:00+00:00,sell,0.07075909058498002,62498.41019713835,5,62555.0,,0.8844661337113103,0.0,,2.3327897504276165,0.9999999921987466,0.0,0.0,0.4682142857142857,0.0,1.0,4421.44620242284,1.0
2024-07-15 03:06:00+00:00,sell,0.07081479534867823,62598.407653453774,4,62674.7,,0.8865786854264923,0.0,,2.5229136470593776,0.9999999943833644,0.0,0.0,0.47676428571428553,0.0,1.0,4432.006848447035,1.0
2024-07-15 03:07:00+00:00,sell,0.07039904404980099,62698.5651056993,3,62459.6,,0.8827838093470881,0.0,,2.0781824706606113,0.9999999952888752,0.0,0.0,0.4613999999999999,0.0,1.0,4413.036262926093,2.0
2024-07-15 03:08:00+00:00,buy,0.09616374121102853,62459.6,4,62426.4,6007.550080306466,1.2012697621088715,0.0,,1.9888212281346813,0.9999999959313561,0.0,0.0,0.4590285714285715,0.0,1.0,,
2024-07-15 03:09:00+00:00,buy,0.09377843952740637,62426.1,3,62487.9,5855.393088230579,1.1708444487563645,0.0,,2.0782210062844317,0.9999999966615375,0.0,0.0,0.46342142857142865,0.0,1.0,,
2024-07-15 03:21:00+00:00,sell,0.07072080087480631,62598.407653453774,4,62593.9,,0.8854019045479713,0.0,,1.9786930969029748,0.9999999996132982,0.0,0.0,0.47099285714285727,0.0,1.0,4426.124120835308,1.0
2024-07-15 03:24:00+00:00,buy,0.09353538144568953,62498.41019713835,4,62511.9,5846.981800066015,1.1691625275077016,0.0,,1.7682486412338692,0.9999999997669663,0.0,0.0,0.4651357142857144,0.0,1.0,,
2024-07-15 03:45:00+00:00,sell,0.0707101436744092,62598.407653453774,4,62583.4,,0.8852684797929906,0.0,,1.552298454981474,0.9999999817795202,0.0,0.0,0.47024285714285724,0.0,1.0,4425.45713048516,1.0
2024-07-15 03:47:00+00:00,sell,0.07066566706967951,62698.5651056993,3,62631.0,,0.8861271855011945,0.0,,1.5954937728495457,0.9999999748317747,0.0,0.0,0.47364285714285714,0.0,1.0,4429.749800320471,1.0
2024-07-15 03:48:00+00:00,sell,0.07074523468222264,62798.882809868424,2,62768.0,,0.8885443404331078,0.0,,1.791048640544388,0.9999999700642911,0.0,0.0,0.48342857142857143,0.0,1.0,4441.833157825105,3.0
2024-07-15 03:49:00+00:00,buy,0.0963031236142973,62698.5651056993,2,62624.5,6039.27527934639,1.2076135331626454,0.0,,1.550730193230727,0.9999999632967003,0.0,0.0,0.47317857142857145,0.0,1.0,,
2024-07-15 04:05:00+00:00,sell,0.07064383431067484,62798.882809868424,2,62692.4,,0.8872707744231663,0.0,,1.4359169282087196,0.9999994676570716,0.0,0.0,0.4780285714285715,0.0,1.0,4435.466601341408,1.0
2024-07-15 04:06:00+00:00,buy,0.09583186381883387,62692.4,2,62677.2,6009.131125183716,1.201585907855172,0.0,,1.400984231938706,0.9999993149243472,0.0,0.0,0.47694285714285695,0.0,1.0,,
2024-07-15 04:08:00+00:00,buy,0.09350462700714274,62598.407653453774,3,62595.8,5854.411407029041,1.170648151775453,0.0,,1.2557496977868277,0.9999990818980702,0.0,0.0,0.4711285714285716,0.0,1.0,,
2024-07-15 04:19:00+00:00,sell,0.06154495168593628,62698.5651056993,3,62699.7,,0.7717560320415588,0.0,,1.3300625587634456,0.9999943604496936,0.0,0.0,0.4785499999999998,0.0,0.6688383544483125,3858.0084041757523,1.0
2024-07-15 04:24:00+00:00,sell,0.07064632674054107,62798.882809868424,2,62688.1,,0.8873020787853826,0.0,,1.265909650590322,0.9999890670209088,0.0,0.0,0.47772142857142846,0.0,0.99685557374078,4435.623091848128,1.0
2024-07-15 04:25:00+00:00,buy,0.09464995117176939,62688.0,2,62742.1,5934.60282228369,1.1866832278111759,0.0,,1.343603376606802,0.9999882151412096,0.0,0.0,0.4815785714285713,0.0,1.0,,
2024-07-15 04:28:00+00:00,buy,0.09215228978156025,62598.407653453774,3,62592.6,5769.740319265699,1.1537173203890623,0.0,,1.0766658256053623,0.9999842396480048,0.0,0.0,0.4708999999999999,0.0,1.0,,
2024-07-15 04:31:00+00:00,buy,0.089884170677017,62498.41019713835,4,62506.7,5618.741292755643,1.1235235538403605,0.0,,0.9126209006249973,0.9999762215262276,0.0,0.0,0.4647642857142855,0.0,1.0,,
2024-07-15 04:47:00+00:00,sell,0.06141474536573026,62598.407653453774,4,62521.0,,0.7688930532674089,0.0,,0.8300969267891329,0.9995936601441487,0.0,0.0,0.4657857142857143,0.0,0.6251494523731632,3843.6963732837767,1.0
2024-07-15 04:48:00+00:00,buy,0.08910130339381825,62498.41019713835,4,62474.7,5569.80354656825,1.1137379617213057,0.0,,0.7418756308896782,0.9994527526581035,0.0,0.0,0.46247857142857124,0.0,0.6337155554177911,,
2024-07-15 04:56:00+00:00,sell,0.06153538285156192,62598.407653453774,4,62605.2,,0.7704033961706843,0.0,,0.9236830176405179,0.9972208275649367,0.0,0.0,0.4717999999999998,0.0,0.6401710490067036,3851.2465774572506,1.0
2024-07-15 05:06:00+00:00,sell,0.06160474823187577,62698.5651056993,3,62729.1,,0.7725058635672954,0.0,,1.0899735352652198,0.9891143038115074,0.0,0.0,0.4806499999999999,0.0,0.8085642822186102,3861.7568119729094,1.0
2024-07-15 05:17:00+00:00,sell,0.06161154190583791,62798.882809868424,2,62810.0,,0.7738271999760026,0.0,,1.1615917920250594,0.9865815370417435,0.0,0.0,0.48642857142857143,0.0,0.8360223103865483,3868.3621726800366,1.0
2024-07-15 05:22:00+00:00,buy,0.09164672470052511,62698.5651056993,2,62688.0,5747.2673589870465,1.1492236270719949,0.0,,0.8828986839408363,0.9818928287011695,0.0,0.0,0.4777142857142857,0.0,0.7655024357816391,,
2024-07-15 05:31:00+00:00,sell,0.06158370482275374,62798.882809868424,2,62785.8,,0.7734775724323283,0.0,,1.0116929165614008,0.9757695461695439,0.0,0.0,0.4847000000000002,0.0,0.7093717785414506,3866.614384589209,1.0
2024-07-15 05:42:00+00:00,sell,0.06159434092965991,62899.36102236422,1,62869.7,,0.7748489374138527,0.0,,1.1292480329787398,0.9899068887863245,0.0,0.0,0.49069285714285693,0.0,0.8142868127770614,3873.4698381318494,1.0
2024-07-15 05:43:00+00:00,buy,0.09251285144521504,62798.882809868424,1,62793.2,5810.865657058089,1.1619407432629654,0.0,,0.95931634530309,0.9906854693675797,0.0,0.0,0.48522857142857123,0.0,0.890254853072836,,
2024-07-15 05:48:00+00:00,sell,0.07089351455497717,62899.36102236422,1,62906.4,,0.8918313532275483,0.0,,1.1992066214285577,0.9936962520868642,0.0,0.0,0.4933142857142858,0.0,0.9829792629468852,4458.264934784514,2.0
2024-07-15 05:53:00+00:00,buy,0.09194319264272613,62798.882809868424,1,62775.2,5775.0845658917015,1.154785955987143,0.0,,0.8685381208528231,0.996269359307652,0.0,0.0,0.48394285714285695,0.0,1.0,,
2024-07-15 05:55:00+00:00,buy,0.08977336907216935,62698.5651056993,2,62720.2,5629.787157814488,1.1257322851058764,0.0,,0.7256183929701157,0.9960744031032364,0.0,0.0,0.4800142857142855,0.0,1.0,,
2024-07-15 05:59:00+00:00,sell,0.061628092374890614,62798.882809868424,2,62811.2,,0.7740350701693004,0.0,,0.9463850186013045,0.9958681846767194,0.0,0.0,0.4865142857142855,0.0,0.9729135670502308,3869.4013157763325,1.0
2024-07-15 06:10:00+00:00,sell,0.061622741057864576,62899.36102236422,1,62881.0,,0.7752062073972581,0.0,,1.1817358259870143,0.9945470668735047,0.0,0.0,0.4915,0.0,0.8377311520430701,3875.2558307788927,1.0
2024-07-15 06:26:00+00:00,sell,0.06157317251688187,63000.0,0,62918.2,,0.7758219737127117,0.0,,1.7172869046018477,0.9951945186892309,0.0,0.0,0.49415714285714263,0.0,0.8281024937573146,3878.334046589845,2.0
2024-07-15 06:27:00+00:00,buy,0.09222515984534536,62798.882809868424,1,62833.9,5792.795332650277,1.1583274010498454,0.0,,1.2864696349489226,0.9951020532557545,0.0,0.0,0.4881357142857144,0.0,1.0,,
2024-07-15 06:28:00+00:00,buy,0.08969688056474935,62833.9,0,62811.1,5637.132024682148,1.1272009647434809,0.0,,1.155047834504296,0.9948893938836084,0.0,0.0,0.48650714285714275,0.0,1.0,,
2024-07-15 06:32:00+00:00,sell,0.061662516975623624,62899.36102236422,1,62902.7,,0.7757065833594825,0.0,,1.70541959655759,0.9939655454174032,0.0,0.0,0.49304999999999977,0.0,0.9716292965281098,3877.757210214053,1.0
2024-07-15 06:52:00+00:00,sell,0.0615622216130196,63000.0,0,62901.8,,0.7756839923240471,0.0,,1.425020267147722,0.987541900793029,0.0,0.0,0.49298571428571447,0.0,0.956732009168514,3877.644277627911,2.0
2024-07-15 06:55:00+00:00,buy,0.09081929472657169,62899.36102236422,0,62907.5,5713.618101924491,1.1424951213606263,0.0,,1.4163214535912827,0.988082914870616,0.0,0.0,0.49339285714285713,0.0,0.9042658376847963,,
2024-07-15 07:04:00+00:00,buy,0.08842881636950911,62798.882809868424,1,62774.5,5554.341522379418,1.1106461752408356,0.0,,0.5172355930603971,0.98119527516261,0.0,0.0,0.4838928571428571,0.0,0.5494397223132201,,
2024-07-15 07:12:00+00:00,sell,0.061684211519825685,62899.36102236422,1,62913.2,,0.7759794979530787,0.0,,1.3265521627662469,0.973105333574646,0.0,0.0,0.4937999999999998,0.0,0.549378118534637,3879.1215102674405,1.0
2024-07-15 07:25:00+00:00,buy,0.08774677557662698,62798.882809868424,1,62762.0,5511.501556275699,1.1020798952760846,0.0,,0.24467049547335878,0.9251432924622051,0.0,0.0,0.483,0.0,0.67059072985941,,
2024-07-15 07:37:00+00:00,sell,0.06166237960938041,62899.36102236422,1,62894.9,,0.7757048553096977,0.0,,1.0408555347970003,0.8461943469821069,0.0,0.0,0.49249285714285723,0.0,0.43391492814106924,3877.7485716931783,1.0
2024-07-15 07:43:00+00:00,sell,0.06182551836062516,63000.0,0,63083.1,,0.7790015313438771,0.0,,2.2790729662556646,0.8499523594974626,0.0,0.0,0.5059357142857142,0.0,0.6662214026949004,3894.228655188041,1.0
2024-07-15 07:46:00+00:00,buy,0.08873038263497746,62899.36102236422,0,62864.5,5582.2005878841655,1.1162168742019927,0.0,,0.7293520569491819,0.8170318363649848,0.0,0.0,0.4903214285714286,0.0,0.8879521544796892,,
2024-07-15 08:25:00+00:00,sell,0.06176613560460089,63000.0,0,63037.0,,0.7782533086179713,0.0,,1.660071919740062,0.6762170121291016,0.0,0.0,0.5026428571428572,0.0,0.32388342626741007,3890.488289781238,1.0
2024-07-15 08:50:00+00:00,buy,0.08833219678201984,62899.36102236422,0,62942.3,5557.149943037843,1.111207747058157,0.0,,0.7417891623061721,0.8528025411124672,0.0,0.0,0.4958785714285716,0.0,1.0,,
2024-07-15 09:02:00+00:00,buy,0.08607634709775303,62798.882809868424,1,62836.2,5406.579533780169,1.0810996868186702,0.0,,-0.3101637591340882,0.7481830021442603,0.0,0.0,0.4882999999999998,0.0,0.9627922129364777,,
2024-07-15 09:04:00+00:00,buy,0.08373181446501417,62698.5651056993,2,62692.8,5250.914593577157,1.0499729241306053,0.0,,-1.812587717930891,0.6969705007399496,0.0,0.0,0.47805714285714307,0.0,1.0,,
2024-07-15 09:09:00+00:00,buy,0.08156373699144877,62598.407653453774,3,62589.3,5106.781209941383,1.0211520115859594,0.0,,-2.810213070478541,0.42546890266135856,0.0,0.0,0.4706642857142859,0.0,1.0,,
2024-07-15 09:16:00+00:00,sell,0.07066489144199106,62698.5651056993,3,62613.9,,0.8861174593525701,0.0,,-2.4068848621420402,-0.10863289277240329,0.0,0.0,0.47242142857142866,0.0,1.0,4429.701179303498,1.0
2024-07-15 09:21:00+00:00,sell,0.06155108088553059,62798.882809868424,2,62743.1,,0.7730678230702336,0.0,,-1.1539828532807408,-0.3719659519602991,0.0,0.0,0.4816499999999999,0.0,0.9788621029492958,3864.566047528098,1.0
2024-07-15 09:23:00+00:00,buy,0.06809131401752888,62698.5651056993,2,62737.9,4270.081530597662,0.8538455370121302,0.0,,-1.2118669235641304,-0.4516308930936233,0.0,0.0,0.48127857142857156,0.0,0.9122296910813232,,
2024-07-15 09:37:00+00:00,sell,0.061682869523118175,62798.882809868424,2,62826.8,,0.7747230589117405,0.0,,-0.356186431415536,-0.8644528854236849,0.0,0.0,0.48762857142857163,0.0,0.6520128306034282,3872.840571499791,1.0
2024-07-15 09:39:00+00:00,sell,0.06169855601557822,62899.36102236422,1,62903.9,,0.7761599498764832,0.0,,0.37103966850056913,-0.8720566394535684,0.0,0.0,0.4931357142857144,0.0,0.6386970152652748,3880.0235894325397,1.0
2024-07-15 10:18:00+00:00,buy,0.057541376317356896,62699.9,1,62729.9,3608.560108668838,0.7215677081921292,0.0,,-1.0972147270548194,-0.7916072201875839,0.0,0.0,0.48070714285714294,0.0,0.25020158676295384,,
2024-07-15 10:20:00+00:00,buy,0.05686601968434923,62698.5651056993,2,62717.6,3566.1309210486443,0.7130835674962297,0.0,,-1.1849817117767334,-0.7871728838941323,0.0,0.0,0.4798285714285713,0.0,0.21756084075507742,,
2024-07-15 10:24:00+00:00,sell,0.05686601968434923,62798.882809868424,2,62795.3,,0.7142245012042236,0.0,,-0.47623428417545627,-0.7484796421322133,0.0,0.0,0.48537857142857166,0.0,0.1420433551801332,3570.408281519914,1.0
2024-07-15 10:45:00+00:00,buy,0.06049880701580939,62698.5651056993,2,62676.0,3793.9470281759623,0.7586376780995726,0.0,,-1.3882322894948862,-0.6746745420442084,0.0,0.0,0.47685714285714287,0.0,0.0,,
2024-07-15 10:51:00+00:00,buy,0.05574737541987709,62598.407653453774,3,62582.7,3490.3948715300235,0.697939386428719,0.0,,-2.0672779077462278,-0.7855032355319423,0.0,0.0,0.4701928571428569,0.0,3.869969982498494e-05,,
2024-07-15 12:26:00+00:00,sell,0.05574737541987709,62698.5651056993,3,62697.0,,0.699056089447005,0.0,,0.10261927892441312,-0.7344025035960767,0.0,0.0,0.47835714285714287,0.0,0.3188005539839259,3494.581391145578,1.0
2024-07-15 12:35:00+00:00,sell,0.06049880701580939,62798.882809868424,2,62744.0,,0.7598514983845319,0.0,,0.4703352090413357,-0.09748326094588834,0.0,0.0,0.4817142857142857,0.0,0.5598131454491194,3798.497640424275,1.0
2024-07-15 12:40:00+00:00,buy,0.08291773785067044,62698.5651056993,2,62688.9,5199.862949684577,1.0397646370095135,0.0,,0.17115197931887097,0.23539135227341765,0.0,0.0,0.47777857142857155,0.0,0.7149236508034715,,
2024-07-15 12:49:00+00:00,buy,0.08071754241394911,62598.407653453774,3,62572.6,5053.800182738295,1.0105579249626664,0.0,,-0.5832546329053839,0.5275938266376715,0.0,0.0,0.4694714285714285,0.0,0.6539796678819981,,
2024-07-15 13:04:00+00:00,sell,0.06164077895899455,62698.5651056993,3,62721.0,,0.772957678545308,0.0,,0.6957783816823504,0.7258218622341015,0.0,0.0,0.4800714285714286,0.0,0.36209974412963897,3864.015435047994,1.0
2024-07-15 13:18:00+00:00,sell,0.06163924866037607,62798.882809868424,2,62783.9,,0.7741751906222593,0.0,,1.1568162530559951,0.8083921674515833,0.0,0.0,0.48456428571428584,0.0,0.3917096717868811,3870.1017779206736,1.0
2024-07-15 13:20:00+00:00,sell,0.057541376317356896,62899.36102236422,1,62929.2,,0.72386316054183,0.0,,2.3015733978647885,0.8461968095696184,0.0,0.0,0.49494285714285696,0.0,0.6766220969749045,3618.591939548608,1.0
2024-07-15 13:29:00+00:00,buy,0.08345086616614977,62798.882809868424,1,62780.0,5241.669288983003,1.0481242329500107,0.0,,1.016712378328343,0.9082429117149687,0.0,0.0,0.48428571428571426,0.0,0.8955909738256277,,
2024-07-15 13:32:00+00:00,buy,0.08111714279246132,62698.5651056993,2,62629.5,5086.9456442531555,1.0171856917122888,0.0,,-0.13568997713862996,0.8991139371941536,0.0,0.0,0.4735357142857143,0.0,1.0,,
2024-07-15 13:33:00+00:00,buy,0.07918511993861528,62598.407653453774,3,62578.3,4957.853790488671,0.991372483601014,0.0,,-0.5234525442635459,0.8866095328167731,0.0,0.0,0.46987857142857165,0.0,1.0,,
2024-07-15 13:34:00+00:00,buy,0.077263857879879,62498.41019713835,4,62517.8,4829.834056846716,0.9657736566380156,0.0,,-0.9775208751863527,0.8651232948847332,0.0,0.0,0.46555714285714306,0.0,1.0,,
2024-07-15 13:35:00+00:00,sell,0.07084508797596811,62598.407653453774,4,62630.5,,0.8869579394728897,0.0,,-0.11393569721251444,0.8515134515721803,0.0,0.0,0.47360714285714284,0.0,1.0,4433.902739424975,1.0
2024-07-15 13:36:00+00:00,sell,0.07084080526163916,62698.5651056993,3,62689.3,,0.8883233681674098,0.0,,0.33743190527335004,0.8397855875983516,0.0,0.0,0.47780714285714304,0.0,1.0,4440.728517468881,1.0
2024-07-15 13:41:00+00:00,sell,0.07101692503332413,62899.36102236422,1,62908.7,,0.8933838412738458,0.0,,2.0664668204531322,0.8098554470006345,0.0,0.0,0.4934785714285712,0.0,1.0,4466.025822527955,1.0
2024-07-15 13:42:00+00:00,sell,0.07111624915257655,62908.8,2,62901.3,,0.8947675789379217,0.0,,2.0004349642791173,0.8165955017219648,0.0,0.0,0.4929500000000002,0.0,1.0,4472.9431271106705,1.0
2024-07-15 13:46:00+00:00,buy,0.08281327446782179,62798.882809868424,1,62841.4,5201.621234629891,1.040116223681242,0.0,,1.510068539694443,0.8416892019763351,0.0,0.0,0.4886714285714287,0.0,1.0,,
2024-07-15 13:47:00+00:00,sell,0.07106901761867622,62899.36102236422,1,62935.6,,0.8940391593403758,0.0,,2.226518415828738,0.8546858381702933,0.0,0.0,0.4953999999999999,0.0,1.0,4469.301757542538,1.0
2024-07-15 13:51:00+00:00,buy,0.08233505307946686,62798.882809868424,1,62784.4,5171.583459351632,1.0341098698963471,0.0,,1.0694184769555126,0.885995345667917,0.0,0.0,0.4846000000000001,0.0,1.0,,
2024-07-15 13:53:00+00:00,sell,0.07093044686899609,62899.36102236422,1,62856.1,,0.8922959570181218,0.0,,1.6073752159015422,0.9009885631213973,0.0,0.0,0.4897214285714285,0.0,1.0,4460.587489133591,1.0
2024-07-15 14:03:00+00:00,sell,0.07107690493407484,63000.0,0,63003.7,,0.8955690021693431,0.0,,2.462587089152191,0.9627966067198024,0.0,0.0,0.5002642857142855,0.0,1.0,4476.949441844546,1.0
2024-07-15 14:07:00+00:00,buy,0.08376882220441431,62899.36102236422,0,62840.3,5270.059191331747,1.0538010780507392,0.0,,1.2460557480108458,0.9719499578130132,0.0,0.0,0.48859285714285733,0.0,1.0,,
2024-07-15 14:18:00+00:00,buy,0.08179131230946689,62798.882809868424,1,62791.9,5137.430317194877,1.027280607317512,0.0,,0.8060442025352811,0.9758963374146592,0.0,0.0,0.4851357142857144,0.0,1.0,,
2024-07-15 14:30:00+00:00,sell,0.06165345041968416,62899.36102236422,1,62836.2,,0.7755925272444294,0.0,,1.061049020705387,0.9373364720858571,0.0,0.0,0.4882999999999998,0.0,0.7700799201279801,3877.187043694902,1.0
2024-07-15 14:35:00+00:00,sell,0.061775043892478426,63000.0,0,62977.8,,0.7783655530452283,0.0,,1.8847581664089106,0.9626054013343965,0.0,0.0,0.4984142857142859,0.0,0.6683681046118637,3891.0493996730956,1.0
2024-07-15 15:12:00+00:00,buy,0.08291710140148029,62899.36102236422,0,62884.6,5216.475782518887,1.0430865391959383,0.0,,0.6791239503206399,0.9836819997882625,0.0,0.0,0.4917571428571427,0.0,1.0,,
2024-07-15 15:15:00+00:00,sell,0.07107564110656116,63000.0,0,62994.7,,0.8955530779426707,0.0,,1.1779053197199523,0.9802850374951412,0.0,0.0,0.4996214285714284,0.0,1.0,4476.86983663541,1.0
2024-07-15 15:45:00+00:00,buy,0.08267373301607182,62899.36102236422,0,62894.8,5201.165005040462,1.0400249960088908,0.0,,0.3611927428581629,0.981524299888209,0.0,0.0,0.49248571428571447,0.0,0.9769960246389543,,
2024-07-15 15:48:00+00:00,sell,0.06181740859845236,63000.0,0,63000.3,,0.7788993483404998,0.0,,0.8909883297958667,0.9751902076346872,0.0,0.0,0.5000214285714287,0.0,0.9670738126177509,3893.717842354158,1.0
2024-07-15 16:05:00+00:00,buy,0.08212933430089042,62899.36102236422,0,62881.9,5166.915825247891,1.0331765297436295,0.0,,0.11465778673371,0.7244292927108444,0.0,0.0,0.49156428571428584,0.0,0.6674216455493454,,
2024-07-15 16:08:00+00:00,sell,0.06172578958983135,63000.0,0,62939.6,,0.7777449488318751,0.0,,0.434250798858685,0.6682696551832125,0.0,0.0,0.4956857142857142,0.0,0.8305768819324941,3887.9469992105433,1.0
2024-07-15 16:11:00+00:00,buy,0.0818213054237295,62899.36102236422,0,62932.0,5147.537130734123,1.029301565833658,0.0,,0.36762330368192064,0.623136121218917,0.0,0.0,0.49514285714285716,0.0,0.9350759587645633,,
2024-07-15 16:12:00+00:00,sell,0.061832372419348934,63000.0,0,63004.9,,0.7790878924837966,0.0,,0.7953584217657713,0.6349439036794803,0.0,0.0,0.5003500000000001,0.0,0.9530356323353765,3894.660374526499,1.0
2024-08-01 18:42:00+00:00,buy,0.08092525549877146,62899.36102236422,0,62816.0,5091.16489081658,1.0180293722888583,0.0,,-0.5888016743646866,0.8408875598700474,0.0,0.0,0.4868571428571429,0.0,0.9015614099538719,,
2024-08-01 18:49:00+00:00,buy,0.07915770640190954,62798.882809868424,1,62808.1,4972.009730937055,0.9942031055662978,0.0,,-0.5766973236511476,0.9444427723073506,0.0,0.0,0.486292857142857,0.0,0.7110905781889533,,
2024-08-01 18:51:00+00:00,sell,0.06180717963135702,62899.36102236422,1,62921.6,,0.7775264210813683,0.0,,-0.25118858517995646,0.9427153463683281,0.0,0.0,0.4943999999999999,0.0,0.7187804491790624,3886.85457898576,1.0
2024-08-01 19:00:00+00:00,sell,0.061866356487054526,63000.0,0,63020.7,,0.7795160917368871,0.0,,0.17709659913852596,0.833771777974129,0.0,0.0,0.5014785714285712,0.0,0.6903571653690702,3896.8009425926984,1.0
2024-08-03 02:19:00+00:00,buy,0.0557037900158887,61522.1,13,61527.8,3427.6995425644536,0.6854028279473013,0.0,,0.32672909574054715,-0.720399469190822,0.0,0.0,0.39484285714285733,0.0,0.4360309403839463,,
2024-08-03 02:20:00+00:00,buy,0.057863118132408554,61507.179383122246,14,61441.8,3559.708986074174,0.7117994373273693,0.0,,0.048189659604423694,-0.6202118866732536,0.0,0.0,0.3887000000000002,0.0,0.4920232105654699,,
2024-08-03 02:21:00+00:00,buy,0.05995829129648663,61441.9,8,61432.0,3684.6881282772038,0.7367902676019205,0.0,,0.02079826588478256,-0.4792915873332672,0.0,0.0,0.388,0.0,0.4327710641226351,,
2024-08-03 02:22:00+00:00,buy,0.06416396721022882,61408.92510295751,15,61397.8,3941.0283047729076,0.7880480513443127,0.0,,-0.08992096306607449,-0.3393732929245466,0.0,0.0,0.38555714285714304,0.0,0.4274685101525707,,
2024-08-03 02:23:00+00:00,buy,0.06538430144104133,61397.9,9,61412.6,4015.261693207201,0.8028917602893824,0.0,,-0.03390312568734786,-0.20967508087047224,0.0,0.0,0.38661428571428563,0.0,0.3991619682166744,,
2024-08-03 02:27:00+00:00,buy,0.07110331709373725,61310.827778511884,16,61282.6,4360.2751094608075,0.8718806457630089,0.0,,-0.4538006702063009,0.060846472339204385,0.0,0.0,0.37732857142857135,0.0,0.31360772570966544,,
2024-08-03 21:07:00+00:00,buy,0.06936168408765772,60049.73199472346,29,59912.0,4165.983570274554,0.8330301080333042,0.0,,-2.4577009974053152,0.6470679789736111,0.0,0.0,0.2794285714285714,0.0,0.8301214223114444,,
