timestamp,direction,size,price,level,market_price,cost,commission,slippage,proceeds,matched_trades
2025-07-10 00:00:00+00:00,buy,0.0002983601669648181,116918.15728989708,0,111282.5,34.890697674418604,0.0069767441860465115,0.0,,
2025-07-10 00:01:00+00:00,buy,0.0004478459368536125,116836.37182961636,1,111260.0,52.335159339491675,0.010464938880122312,0.0,,
2025-07-10 00:02:00+00:00,buy,0.0005975308978646092,116754.64357911098,2,111255.1,69.77845990909016,0.013952901401537725,0.0,,
2025-07-10 00:03:00+00:00,buy,0.0007474119242448431,116672.97249836214,3,111268.0,87.22021143654298,0.0174405541764733,0.0,,
2025-07-10 00:04:00+00:00,buy,0.0008974858309007886,116591.35854737899,4,111274.0,104.66002012020654,0.02092781846034924,0.0,,
2025-07-10 00:05:00+00:00,buy,0.001047750175296553,116509.80168619865,5,111294.9,122.09757977350937,0.024414633028096253,0.0,,
2025-07-10 00:06:00+00:00,buy,0.0011981997983542432,116428.30187488624,6,111266.0,139.5322687027815,0.027900873565843132,0.0,,
2025-07-10 00:07:00+00:00,buy,0.0013488342413655024,116346.85907353477,7,111262.0,156.96401391918903,0.03138652547874206,0.0,,
2025-07-10 00:08:00+00:00,buy,0.001499652083025683,116265.47324226519,8,111278.6,174.39263068355615,0.034871551826345965,0.0,,
2025-07-10 00:09:00+00:00,buy,0.0016506453741213848,116184.14434122633,9,111259.3,191.81717616717714,0.0383557640806193,0.0,,
2025-07-10 00:10:00+00:00,buy,0.001801817123252766,116102.87233059492,10,111258.3,209.23798265278052,0.041839228684819145,0.0,,
2025-07-10 00:11:00+00:00,buy,0.001953163584330478,116021.65717057553,11,111258.6,226.6545976343991,0.04532185515584865,0.0,,
2025-07-10 00:12:00+00:00,buy,0.0021046824047503644,115940.49882140056,12,111258.5,244.06673145295557,0.04880358557347642,0.0,,
2025-07-10 00:13:00+00:00,buy,0.002256397526471202,115859.39724333024,13,111331.7,261.47714232976637,0.05228497147165895,0.0,,
2025-07-10 00:14:00+00:00,buy,0.002408233800746498,115778.3523966526,14,111267.8,278.8771059046853,0.05576426832727161,0.0,,
2025-07-10 00:15:00+00:00,buy,0.0025602529213102584,115697.36424168343,15,111254.7,296.27375769062456,0.059242902957533414,0.0,,
2025-07-10 00:16:00+00:00,buy,0.002712451956062701,115616.4327387663,16,111268.9,313.66673993908546,0.06272080382705168,0.0,,
2025-07-10 00:17:00+00:00,buy,0.002864824068642015,115535.55784827253,17,111291.0,331.0552447170945,0.0661978093815426,0.0,,
2025-07-10 00:18:00+00:00,buy,0.003017327786804007,115454.73953060112,18,111270.0,348.4344666626426,0.06967295874078036,0.0,,
2025-07-10 00:19:00+00:00,buy,0.00317000893762859,115373.9777461788,19,111270.1,365.8096879332739,0.07314730812502977,0.0,,
2025-07-10 00:20:00+00:00,buy,0.003322802547510584,115293.27245545998,20,111228.0,383.1733987817194,0.07661935588516686,0.0,,
2025-07-10 00:21:00+00:00,buy,0.003475723791686433,115212.62361892675,21,111172.0,400.527346466321,0.0800894514029836,0.0,,
2025-07-10 00:22:00+00:00,buy,0.003628960603681289,115132.0311970888,22,111233.9,417.8931673571276,0.08356192108720809,0.0,,
2025-07-10 00:23:00+00:00,buy,0.0037822259979870413,115051.49515048348,23,111205.7,435.23778621665167,0.08703015121308773,0.0,,
2025-07-10 00:24:00+00:00,buy,0.003935722700894289,114971.01543967571,24,111222.0,452.58453421788164,0.0904988070821599,0.0,,
2025-07-10 00:25:00+00:00,buy,0.004089323170587939,114890.59202525804,25,111210.0,469.9187250034639,0.09396495201029073,0.0,,
2025-07-10 00:26:00+00:00,buy,0.004243108731784477,114810.22486785056,26,111212.0,487.24969808844304,0.09743045352698321,0.0,,
2025-07-10 00:27:00+00:00,buy,0.004396997643929717,114729.9139281009,27,111193.6,504.56805466236494,0.10089343224602379,0.0,,
2025-07-10 00:28:00+00:00,buy,0.004550993619853401,114649.65916668423,28,111162.0,521.874221359424,0.10435397347718939,0.0,,
2025-07-10 00:29:00+00:00,buy,0.004705180740727198,114569.46054430322,29,111146.7,539.1778332324059,0.10781400384571203,0.0,,
2025-07-10 00:30:00+00:00,buy,0.004859662421893615,114489.31802168804,30,111172.0,556.4907123855245,0.11127588729964498,0.0,,
2025-07-10 00:31:00+00:00,buy,0.005014241928807144,114409.23155959633,31,111177.9,573.7903010419192,0.1147351131857467,0.0,,
2025-07-10 00:32:00+00:00,buy,0.00516893315724129,114329.20111881317,32,111172.1,591.0781905036422,0.11819199970078828,0.0,,
2025-07-10 00:33:00+00:00,buy,0.005323616600032896,114249.22666015108,33,111132.4,608.340723404819,0.12164381591778024,0.0,,
2025-07-10 00:34:00+00:00,buy,0.005478578770205712,114169.30814444997,34,111121.9,625.6106449188195,0.12509710956185155,0.0,,
2025-07-10 00:35:00+00:00,buy,0.005633590614789499,114089.44553257717,35,111093.6,642.8617762447842,0.12854664591977288,0.0,,
2025-07-10 00:36:00+00:00,buy,0.005788787196528909,114009.63878542738,36,111073.5,660.1095327894241,0.13199550745639355,0.0,,
2025-07-10 00:37:00+00:00,buy,0.005944153492121635,113929.88786392265,37,111057.6,677.3521841515228,0.1354433481606724,0.0,,
2025-07-10 00:38:00+00:00,buy,0.006099678834591513,113850.19272901234,38,111043.5,694.5885008255018,0.13888992218066423,0.0,,
2025-07-10 00:39:00+00:00,buy,0.0062554430155465825,113770.55334167318,39,111041.0,711.8275503186945,0.14233704265520788,0.0,,
2025-07-10 00:40:00+00:00,buy,0.0002968772924197198,116918.15728989708,0,111041.0,34.71728804012176,0.006942069194185514,0.0,,
2025-07-10 00:41:00+00:00,buy,0.00044562384966374797,116836.37182961636,1,111047.9,52.07548681021781,0.010413014759091744,0.0,,
2025-07-10 00:42:00+00:00,buy,0.0005945356642366457,116754.64357911098,2,111009.7,69.42868253293418,0.013882959914603914,0.0,,
2025-07-10 00:43:00+00:00,buy,0.000743665443852558,116672.97249836214,3,111011.0,86.7830110101675,0.017353131575718356,0.0,,
2025-07-10 00:44:00+00:00,buy,0.000893000587805879,116591.35854737899,4,111023.9,104.13697494623861,0.020823230343179087,0.0,,
2025-07-10 00:45:00+00:00,buy,0.0010426172507708364,116509.80168619865,5,111100.0,121.4994241477442,0.024295025824383962,0.0,,
2025-07-10 00:46:00+00:00,buy,0.001192225769630722,116428.30187488624,6,111036.0,138.8365835739462,0.02776176436191686,0.0,,
2025-07-10 00:47:00+00:00,buy,0.0013421494453762452,116346.85907353477,7,111059.9,156.1861033512882,0.03123097447536257,0.0,,
2025-07-10 00:48:00+00:00,buy,0.0014921923775171638,116265.47324226519,8,111049.3,173.525151031122,0.03469809058810678,0.0,,
2025-07-10 00:49:00+00:00,buy,0.001642483348566319,116184.14434122633,9,111072.0,190.86868855237955,0.038166104489577996,0.0,,
2025-07-10 00:50:00+00:00,buy,0.001792899697002638,116102.87233059492,10,111071.0,208.20243678358415,0.041632160924531925,0.0,,
2025-07-10 00:51:00+00:00,buy,0.0019434212339475118,116021.65717057553,11,111046.0,225.52404793350368,0.045095790428615015,0.0,,
2025-07-10 00:52:00+00:00,buy,0.0020941607769696816,115940.49882140056,12,111041.1,242.84660470309547,0.048559609018815335,0.0,,
2025-07-10 00:53:00+00:00,buy,0.0022449656354795984,115859.39724333024,13,111005.9,260.15238543172785,0.052020073071731225,0.0,,
2025-07-10 00:54:00+00:00,buy,0.0023960659161089003,115778.3523966526,14,111012.5,277.46804651366466,0.055482512800172905,0.0,,
2025-07-10 00:55:00+00:00,buy,0.0025472255253627504,115697.36424168343,15,110991.1,294.7662208694903,0.05894145588272152,0.0,,
2025-07-10 00:56:00+00:00,buy,0.0026983456305935388,115616.4327387663,16,110924.3,312.0354907246829,0.062394619221092365,0.0,,
2025-07-10 00:57:00+00:00,buy,0.0028498700451347623,115535.55784827253,17,110921.5,329.32717772481834,0.06585226509194528,0.0,,
2025-07-10 00:58:00+00:00,buy,0.003001642374555715,115454.73953060112,18,110937.9,346.6231492860488,0.06931076770366902,0.0,,
2025-07-10 00:59:00+00:00,buy,0.00315341243277838,115373.9777461788,19,110921.2,363.89450019106516,0.07276434716877928,0.0,,
2025-07-10 01:00:00+00:00,buy,0.0033055097643341197,115293.27245545998,20,110938.0,381.17925847112974,0.0762206075727114,0.0,,
2025-07-10 01:01:00+00:00,buy,0.003457651330683771,115212.62361892675,21,110933.9,398.44475438382403,0.07967301627351012,0.0,,
2025-07-10 01:02:00+00:00,buy,0.0036097954892308167,115132.0311970888,22,110906.1,415.68620749860906,0.08312061737624657,0.0,,
2025-07-10 01:03:00+00:00,buy,0.0037623652718316515,115051.49515048348,23,110922.8,432.952322976452,0.08657314996529734,0.0,,
2025-07-10 01:04:00+00:00,buy,0.003915302991521105,114971.01543967571,24,110968.2,450.2363899613193,0.09002927213783629,0.0,,
2025-07-10 01:05:00+00:00,buy,0.004068200964827781,114890.59202525804,25,110982.8,467.4914969302551,0.09347960346535795,0.0,,
2025-07-10 01:06:00+00:00,buy,0.004220780153736676,114810.22486785056,26,110936.5,484.68563631198225,0.09691774371365372,0.0,,
2025-07-10 01:07:00+00:00,buy,0.004374008012282367,114729.9139281009,27,110954.4,501.92992868253367,0.10036591255399595,0.0,,
2025-07-10 01:08:00+00:00,buy,0.004527018463748211,114649.65916668423,28,110929.0,519.1249281348008,0.10380422478200377,0.0,,
2025-07-10 01:09:00+00:00,buy,0.004680422120173258,114569.46054430322,29,110932.0,536.3406841153596,0.10724668748557481,0.0,,
2025-07-10 01:10:00+00:00,buy,0.004833632070450641,114489.31802168804,30,110900.1,553.5099191615166,0.11067984786273079,0.0,,
2025-07-10 01:11:00+00:00,buy,0.004988119009267895,114409.23155959633,31,110978.4,570.8010001507105,0.11413737255563097,0.0,,
2025-07-10 01:12:00+00:00,buy,0.005141926870555948,114329.20111881317,32,110973.8,587.9899658002851,0.11757447826440415,0.0,,
2025-07-10 01:13:00+00:00,buy,0.005296386405976321,114249.22666015108,33,111012.1,605.229072586327,0.12102161019522635,0.0,,
2025-07-10 01:14:00+00:00,buy,0.005450717755681664,114169.30814444997,34,111023.6,622.429135991856,0.12446093501136893,0.0,,
2025-07-10 01:15:00+00:00,buy,0.00560510631939396,114089.44553257717,35,111026.3,639.6113688252275,0.12789669442616028,0.0,,
2025-07-10 01:16:00+00:00,buy,0.005759752772375711,114009.63878542738,36,111036.0,656.7986665385331,0.13133346661438375,0.0,,
2025-07-10 01:17:00+00:00,buy,0.005914718401486633,113929.88786392265,37,111055.8,673.9979768688976,0.1347726408456104,0.0,,
2025-07-10 01:18:00+00:00,buy,0.006069578880035527,113850.19272901234,38,111056.1,691.1609298210428,0.13820454505519755,0.0,,
2025-07-10 01:19:00+00:00,buy,0.006225360767776967,113770.55334167318,39,111103.9,708.4043918493892,0.1416525478603058,0.0,,
2025-07-10 01:20:00+00:00,buy,0.0002954880840165112,116918.15728989708,0,111152.0,34.55483186878964,0.006909584456866556,0.0,,
2025-07-10 01:21:00+00:00,buy,0.0004434997688226627,116836.37182961636,1,111122.0,51.82726727729282,0.010363380779302704,0.0,,
2025-07-10 01:22:00+00:00,buy,0.000591691103362803,116754.64357911098,2,111095.9,69.0965004188314,0.013816536776410997,0.0,,
2025-07-10 01:23:00+00:00,buy,0.000740044191629913,116672.97249836214,3,111064.0,86.36042424873301,0.017268631123521897,0.0,,
2025-07-10 01:24:00+00:00,buy,0.0008886842815607462,116591.35854737899,4,111084.0,103.63363028841025,0.020722581541373776,0.0,,
2025-07-10 01:25:00+00:00,buy,0.0010375844143933838,116509.80168619865,5,111124.6,120.91293210453445,0.024177750870732744,0.0,,
2025-07-10 01:26:00+00:00,buy,0.0011865707254307045,116428.30187488624,6,111123.7,138.1780446992721,0.027630082923269766,0.0,,
2025-07-10 01:27:00+00:00,buy,0.0013356356886602438,116346.85907353477,7,111094.2,155.42809664558536,0.03107940344842739,0.0,,
2025-07-10 01:28:00+00:00,buy,0.0014849983473791287,116265.47324226519,8,111100.6,172.6885664291405,0.03453080712440322,0.0,,
2025-07-10 01:29:00+00:00,buy,0.0016345834184806089,116184.14434122633,9,111116.2,189.95065836569233,0.03798253516610525,0.0,,
2025-07-10 01:30:00+00:00,buy,0.0017842990657323283,116102.87233059492,10,111120.1,207.20367907764597,0.04143244932566406,0.0,,
2025-07-10 01:31:00+00:00,buy,0.0019342635671010199,116021.65717057553,11,111137.9,224.46134775262098,0.04488329289194581,0.0,,
2025-07-10 01:32:00+00:00,buy,0.0020842313137791695,115940.49882140056,12,111124.0,241.6951475423757,0.04832936363574799,0.0,,
2025-07-10 01:33:00+00:00,buy,0.0022346268972678208,115859.39724333024,13,111154.0,258.9543058862592,0.05178050507623659,0.0,,
2025-07-10 01:34:00+00:00,buy,0.0023850981434947716,115778.3523966526,14,111166.3,276.19796190481117,0.05522854667162791,0.0,,
2025-07-10 01:35:00+00:00,buy,0.0025358517994713767,115697.36424168343,15,111193.4,293.4500475802295,0.05867827386127365,0.0,,
2025-07-10 01:36:00+00:00,buy,0.0026867146661862604,115616.4327387663,16,111210.0,310.690491164479,0.06212567309827615,0.0,,
2025-07-10 01:37:00+00:00,buy,0.002837595058175291,115535.55784827253,17,111206.9,327.90869661938234,0.06556862559875672,0.0,,
2025-07-10 01:38:00+00:00,buy,0.002988646001144056,115454.73953060112,18,111205.3,345.12235628038184,0.06901066912225193,0.0,,
2025-07-10 01:39:00+00:00,buy,0.003139986904148239,115373.9777461788,19,111218.0,362.3452337583323,0.07245455584049836,0.0,,
2025-07-10 01:40:00+00:00,buy,0.003291254619881259,115293.27245545998,20,111205.6,379.53540751338346,0.07589190312205228,0.0,,
2025-07-10 01:41:00+00:00,buy,0.003442881610293039,115212.62361892675,21,111214.0,396.7427558158426,0.07933268462624328,0.0,,
2025-07-10 01:42:00+00:00,buy,0.0035944281476745664,115132.0311970888,22,111199.8,413.91658039648905,0.08276676272675247,0.0,,
2025-07-10 01:43:00+00:00,buy,0.0037462400220321878,115051.49515048348,23,111196.5,431.0967178305288,0.08620210314547667,0.0,,
2025-07-10 01:44:00+00:00,buy,0.00389839824763566,114971.01543967571,24,111209.2,448.292445679948,0.08964056102378486,0.0,,
2025-07-10 01:45:00+00:00,buy,0.004050217706532044,114890.59202525804,25,111182.0,465.4249765166762,0.09306638202692986,0.0,,
2025-07-10 01:46:00+00:00,buy,0.00420259565674101,114810.22486785056,26,111187.4,482.5974525695632,0.09650019047581748,0.0,,
2025-07-10 01:47:00+00:00,buy,0.00435484223019246,114729.9139281009,27,111172.0,499.73060037528796,0.09992613484808797,0.0,,
2025-07-10 01:48:00+00:00,buy,0.004507983052667237,114649.65916668423,28,111207.9,516.9420882615909,0.1033677441034975,0.0,,
2025-07-10 01:49:00+00:00,buy,0.0046606174411069476,114569.46054430322,29,111197.9,534.0712189162001,0.10679288520619878,0.0,,
2025-07-10 01:50:00+00:00,buy,0.004813544969368524,114489.31802168804,30,111197.2,551.2097007058916,0.11021989616194593,0.0,,
2025-07-10 01:51:00+00:00,buy,0.004967538257527069,114409.23155959633,31,111249.9,568.4459012335253,0.11366644695731362,0.0,,
2025-07-10 01:52:00+00:00,buy,0.0051210819919274885,114329.20111881317,32,111263.9,585.6063108436103,0.11709784260020203,0.0,,
2025-07-10 01:53:00+00:00,buy,0.005275786585386218,114249.22666015108,33,111330.4,602.8750883118554,0.12055090748087492,0.0,,
2025-07-10 01:54:00+00:00,buy,0.005429645569192814,114169.30814444997,34,111339.5,620.0228578799428,0.12397977562086437,0.0,,
2025-07-10 01:55:00+00:00,buy,0.005583588732197323,114089.44553257717,35,111343.9,637.1559482468458,0.12740570850766764,0.0,,
2025-07-10 01:56:00+00:00,buy,0.005737425301192832,114009.63878542738,36,111335.1,654.2526105045961,0.13082435722947333,0.0,,
2025-07-10 01:57:00+00:00,buy,0.005891143114548623,113929.88786392265,37,111314.1,671.3115098857307,0.13423545488616892,0.0,,
2025-07-10 01:58:00+00:00,buy,0.006044687855284673,113850.19272901234,38,111280.0,688.3265150863424,0.13763777546217607,0.0,,
2025-07-10 01:59:00+00:00,buy,0.006197427114401828,113770.55334167318,39,111208.1,705.2257290426049,0.14101694242003698,0.0,,
2025-07-10 02:00:00+00:00,buy,0.0002941729588597528,116918.15728989708,0,111247.7,34.40103910645388,0.0068788320548798,0.0,,
2025-07-10 02:01:00+00:00,buy,0.00044155105615664735,116836.37182961636,1,111242.1,51.599541223553636,0.010317844675775572,0.0,,
2025-07-10 02:02:00+00:00,buy,0.0005892286715724729,116754.64357911098,2,111283.6,68.80894257274433,0.013759036707207423,0.0,,
2025-07-10 02:03:00+00:00,buy,0.0007371354445930155,116672.97249836214,3,111320.7,86.02098421125976,0.01720075669091377,0.0,,
2025-07-10 02:04:00+00:00,buy,0.0008850177035676679,116591.35854737899,4,111284.1,103.20605348071541,0.020637083279487187,0.0,,
2025-07-10 02:05:00+00:00,buy,0.0010330132807824153,116509.80168619865,5,111240.1,120.38024371766528,0.02407123449663373,0.0,,
2025-07-10 02:06:00+00:00,buy,0.0011815071298473603,116428.30187488624,6,111274.0,137.5883809549551,0.027512173756239777,0.0,,
2025-07-10 02:07:00+00:00,buy,0.0013300848981270244,116346.85907353477,7,111281.8,154.78215043826143,0.030950240039644354,0.0,,
2025-07-10 02:08:00+00:00,buy,0.00147904357171169,116265.47324226519,8,111322.0,171.996093151152,0.034392340162197964,0.0,,
2025-07-10 02:09:00+00:00,buy,0.0016279261564948804,116184.14434122633,9,111316.0,189.1770353845676,0.0378278415086118,0.0,,
2025-07-10 02:10:00+00:00,buy,0.0017772051270672487,116102.87233059492,10,111341.9,206.37988769716213,0.04126772399463351,0.0,,
2025-07-10 02:11:00+00:00,buy,0.0019271912425886857,116021.65717057553,11,111431.9,223.6406408340899,0.04471918432995199,0.0,,
2025-07-10 02:12:00+00:00,buy,0.002076520141843657,115940.49882140056,12,111410.4,240.80093161425066,0.04815055621160781,0.0,,
2025-07-10 02:13:00+00:00,buy,0.002226150369318672,115859.39724333024,13,111406.4,257.9720240502708,0.051584087992455674,0.0,,
2025-07-10 02:14:00+00:00,buy,0.0023757080100185093,115778.3523966526,14,111378.4,275.11057028730835,0.055011111835094655,0.0,,
2025-07-10 02:15:00+00:00,buy,0.0025257177848654762,115697.36424168343,15,111381.3,292.27733430538433,0.05844377810545578,0.0,,
2025-07-10 02:16:00+00:00,buy,0.0026761085090532565,115616.4327387663,16,111403.2,309.4639998624837,0.0618804238877192,0.0,,
2025-07-10 02:17:00+00:00,buy,0.0028265616608559147,115535.55784827253,17,111414.0,326.6336919551837,0.06531367565590557,0.0,,
2025-07-10 02:18:00+00:00,buy,0.002977031633276141,115454.73953060112,18,111412.0,343.7811542766157,0.06874248235885137,0.0,,
2025-07-10 02:19:00+00:00,buy,0.003127713726704591,115373.9777461788,19,111414.0,360.9289452560137,0.0721713547802467,0.0,,
2025-07-10 02:20:00+00:00,buy,0.0032790384132573244,115293.27245545998,20,111450.0,378.1266793854302,0.07561021383431918,0.0,,
2025-07-10 02:21:00+00:00,buy,0.0034297424817635314,115212.62361892675,21,111429.7,395.22865958719774,0.0790299259322531,0.0,,
2025-07-10 02:22:00+00:00,buy,0.0035802391412157364,115132.0311970888,22,111387.9,412.28264454038845,0.08244004089989772,0.0,,
2025-07-10 02:23:00+00:00,buy,0.003732428386951413,115051.49515048348,23,111443.5,429.5073507541595,0.08588429329217348,0.0,,
2025-07-10 02:24:00+00:00,buy,0.0038840133378380986,114971.01543967571,24,111449.6,446.6382672239769,0.08930979148649809,0.0,,
2025-07-10 02:25:00+00:00,buy,0.004036033529868388,114890.59202525804,25,111470.4,463.7950221367072,0.09274045633607424,0.0,,
2025-07-10 02:26:00+00:00,buy,0.0041884701964362,114810.22486785056,26,111502.9,480.9753809461514,0.09617584102102608,0.0,,
2025-07-10 02:27:00+00:00,buy,0.0043407256627882385,114729.9139281009,27,111515.3,498.11068389352874,0.09960221633543867,0.0,,
2025-07-10 02:28:00+00:00,buy,0.004490330677190746,114649.65916668423,28,111390.8,514.9178446619626,0.10296297633712509,0.0,,
2025-07-10 02:29:00+00:00,buy,0.004641030476065937,114569.46054430322,29,111320.0,531.8267020841477,0.10634407160250904,0.0,,
2025-07-10 02:30:00+00:00,buy,0.0047932166862230995,114489.31802168804,30,111313.9,548.8818639577653,0.10975442190717163,0.0,,
2025-07-10 02:31:00+00:00,buy,0.004947106978295757,114409.23155959633,31,111374.0,566.1079067715001,0.11319894156598682,0.0,,
2025-07-10 02:32:00+00:00,buy,0.005099165393190995,114329.20111881317,32,111348.0,583.1001024773805,0.11659670115524505,0.0,,
2025-07-10 02:33:00+00:00,buy,0.005251093525940113,114249.22666015108,33,111312.6,600.0533611336756,0.11998667489175678,0.0,,
2025-07-10 02:34:00+00:00,buy,0.005402648973377521,114169.30814444997,34,111259.8,616.940058776922,0.1233633390875669,0.0,,
2025-07-10 02:35:00+00:00,buy,0.005556381571667384,114089.44553257717,35,111284.0,634.0512775774973,0.1267848985357923,0.0,,
2025-07-10 02:36:00+00:00,buy,0.005708070776447671,114009.63878542738,36,111229.5,650.9052424019299,0.1301550174768906,0.0,,
2025-07-10 02:37:00+00:00,buy,0.005861219966750575,113929.88786392265,37,111222.5,667.9016871843891,0.1335536267115355,0.0,,
2025-07-10 02:38:00+00:00,buy,0.006014261347895929,113850.19272901234,38,111207.2,684.8617585433173,0.13694496271612022,0.0,,
2025-07-10 02:39:00+00:00,buy,0.0061680282128631116,113770.55334167318,39,111210.4,701.8803308010486,0.14034799656089755,0.0,,
2025-07-10 02:40:00+00:00,buy,0.0002927483077552911,116918.15728989708,0,111221.1,34.23443821102282,0.006845518538496864,0.0,,
2025-07-10 02:41:00+00:00,buy,0.00043941515899168507,116836.37182961636,1,111218.0,51.34994083810321,0.010267934580704501,0.0,,
2025-07-10 02:42:00+00:00,buy,0.0005862035327919052,116754.64357911098,2,111192.6,68.45567293284178,0.01368839690718692,0.0,,
2025-07-10 02:43:00+00:00,buy,0.0007331622123408599,116672.97249836214,3,111171.8,85.55732268021096,0.0171080429274567,0.0,,
2025-07-10 02:44:00+00:00,buy,0.0008804674195126908,116591.35854737899,4,111191.8,102.67542357620921,0.02053097851953794,0.0,,
2025-07-10 02:45:00+00:00,buy,0.0010277702983304275,116509.80168619865,5,111171.5,119.76926270017083,0.02394906272748867,0.0,,
2025-07-10 02:46:00+00:00,buy,0.0011754051695625233,116428.30187488624,6,111180.2,136.87779799270874,0.027370085581425462,0.0,,
2025-07-10 02:47:00+00:00,buy,0.0013235796987563486,116346.85907353477,7,111237.9,154.02513955193328,0.030798868136759302,0.0,,
2025-07-10 02:48:00+00:00,buy,0.0014715244955641937,116265.47324226519,8,111231.9,171.1217093627294,0.03421749837287131,0.0,,
2025-07-10 02:49:00+00:00,buy,0.0016196533007818603,116184.14434122633,9,111228.0,188.21566848735947,0.037635606576156666,0.0,,
2025-07-10 02:50:00+00:00,buy,0.001767854836798375,116102.87233059492,10,111214.2,205.29407502070964,0.041050604883165295,0.0,,
2025-07-10 02:51:00+00:00,buy,0.0019164131318315598,116021.65717057553,11,111220.6,222.3898964640259,0.04446908547571004,0.0,,
2025-07-10 02:52:00+00:00,buy,0.0020648939444657625,115940.49882140056,12,111204.0,239.4527149014368,0.04788096678692998,0.0,,
2025-07-10 02:53:00+00:00,buy,0.002213384661897774,115859.39724333024,13,111176.7,256.49270107766745,0.05128828255902169,0.0,,
2025-07-10 02:54:00+00:00,buy,0.0023623516848191133,115778.3523966526,14,111177.2,273.5638876869832,0.05470183716996266,0.0,,
2025-07-10 02:55:00+00:00,buy,0.0025114137246751316,115697.36424168343,15,111172.7,290.6220612549946,0.058112789693060315,0.0,,
2025-07-10 02:56:00+00:00,buy,0.002660695198863886,115616.4327387663,16,111172.7,307.6816115153045,0.06152401749956099,0.0,,
2025-07-10 02:57:00+00:00,buy,0.002810497679302772,115535.55784827253,17,111195.9,324.777359692963,0.06494248344190423,0.0,,
2025-07-10 02:58:00+00:00,buy,0.002960506233577915,115454.73953060112,18,111219.4,341.8728369716744,0.06836089521529183,0.0,,
2025-07-10 02:59:00+00:00,buy,0.003110456975384314,115373.9777461788,19,111228.0,358.93756701720815,0.0717731587716873,0.0,,
2025-07-10 03:00:00+00:00,buy,0.0032604233842889255,115293.27245545998,20,111228.0,375.980062541289,0.0751809763129952,0.0,,
2025-07-10 03:01:00+00:00,buy,0.0034101272615691884,115212.62361892675,21,111206.3,392.9682866215482,0.07857794173596246,0.0,,
2025-07-10 03:02:00+00:00,buy,0.0035603829190480134,115132.0311970888,22,111206.2,409.99610013287986,0.0819828234618836,0.0,,
2025-07-10 03:03:00+00:00,buy,0.0037110083248063645,115051.49515048348,23,111216.2,427.04244769612023,0.08539141125697265,0.0,,
2025-07-10 03:04:00+00:00,buy,0.0038614004248568325,114971.01543967571,24,111207.9,444.03791769055823,0.08878982557299706,0.0,,
2025-07-10 03:05:00+00:00,buy,0.004012123514009037,114890.59202525804,25,111207.9,461.0474368521175,0.0921910491605914,0.0,,
2025-07-10 03:06:00+00:00,buy,0.004162886156559005,114810.22486785056,26,111203.2,478.0374841129482,0.0955883791467603,0.0,,
2025-07-10 03:07:00+00:00,buy,0.004313479802630283,114729.9139281009,27,111186.2,494.98414351967125,0.0989770332972748,0.0,,
2025-07-10 03:08:00+00:00,buy,0.0044652631172548704,114649.65916668423,28,111209.6,512.0432826617334,0.10238817889656737,0.0,,
2025-07-10 03:09:00+00:00,buy,0.00461606313138465,114569.46054430322,29,111190.0,528.9656347737466,0.10577197256023729,0.0,,
2025-07-10 03:10:00+00:00,buy,0.004766962209123964,114489.31802168804,30,111170.0,545.8754056082337,0.10915325047155243,0.0,,
2025-07-10 03:11:00+00:00,buy,0.004918632313486585,114409.23155959633,31,111172.1,562.8494906988617,0.11254738866203993,0.0,,
2025-07-10 03:12:00+00:00,buy,0.005070394317984862,114329.20111881317,32,111172.0,579.8100705589254,0.11593882634651578,0.0,,
2025-07-10 03:13:00+00:00,buy,0.005222250958619618,114249.22666015108,33,111170.0,596.7574610742134,0.11932762668950479,0.0,,
2025-07-10 03:14:00+00:00,buy,0.00537326574526037,114169.30814444997,34,111138.4,613.5847250191714,0.12269240652252977,0.0,,
2025-07-10 03:15:00+00:00,buy,0.005528579931837962,114089.44553257717,35,111227.9,630.8787695297275,0.12615052380118527,0.0,,
2025-07-10 03:16:00+00:00,buy,0.005679967995179918,114009.63878542738,36,111198.0,647.7006136631392,0.1295142198886501,0.0,,
2025-07-10 03:17:00+00:00,buy,0.005831391581305184,113929.88786392265,37,111166.8,664.5026629065119,0.13287395778974442,0.0,,
2025-07-10 03:18:00+00:00,buy,0.005984043475549314,113850.19272901234,38,111165.2,681.4207598906763,0.13625690059801568,0.0,,
2025-07-10 03:19:00+00:00,buy,0.006137437884973507,113770.55334167318,39,111178.1,698.3993562144389,0.13965194085471683,0.0,,
2025-07-10 03:20:00+00:00,buy,0.00029120276701681417,116918.15728989708,0,111138.3,34.05370029550859,0.006809378183465026,0.0,,
2025-07-10 03:21:00+00:00,buy,0.00043707834769360056,116836.37182961636,1,111130.0,51.076861679473815,0.010213329669960771,0.0,,
2025-07-10 03:22:00+00:00,buy,0.0005830923034244267,116754.64357911098,2,111111.4,68.09234980685378,0.013615746812008354,0.0,,
2025-07-10 03:23:00+00:00,buy,0.0007293383214821462,116672.97249836214,3,111108.8,85.11108873827291,0.01701881398485761,0.0,,
2025-07-10 03:24:00+00:00,buy,0.0008757535808231506,116591.35854737899,4,111103.9,102.12572080085117,0.0204210599481806,0.0,,
2025-07-10 03:25:00+00:00,buy,0.0010223581167309254,116509.80168619865,5,111101.1,119.13856438088217,0.02382294828651913,0.0,,
2025-07-10 03:26:00+00:00,buy,0.0011688797221327042,116428.30187488624,6,111065.0,136.1178992801284,0.027218136228779926,0.0,,
2025-07-10 03:27:00+00:00,buy,0.0013157795988395062,116346.85907353477,7,111059.8,153.11744092272372,0.030617364711602427,0.0,,
2025-07-10 03:28:00+00:00,buy,0.0014628958955921706,116265.47324226519,8,111059.8,170.1183004619121,0.03401685672103821,0.0,,
2025-07-10 03:29:00+00:00,buy,0.0016101791254745671,116184.14434122633,9,111059.2,187.11469938615258,0.037415456785873345,0.0,,
2025-07-10 03:30:00+00:00,buy,0.0017578835429795437,116102.87233059492,10,111079.9,204.13614762832037,0.04081906571252157,0.0,,
2025-07-10 03:31:00+00:00,buy,0.0019052743531883744,116021.65717057553,11,111059.7,221.0972984390759,0.04421061756430232,0.0,,
2025-07-10 03:32:00+00:00,buy,0.002052920387936264,115940.49882140056,12,111048.9,238.06421714071718,0.04760332276359072,0.0,,
2025-07-10 03:33:00+00:00,buy,0.002200320533405811,115859.39724333024,13,111012.1,254.9787963046686,0.05098556214850403,0.0,,
2025-07-10 03:34:00+00:00,buy,0.002348647144794384,115778.3523966526,14,111028.0,271.97688128475323,0.05438449935707924,0.0,,
2025-07-10 03:35:00+00:00,buy,0.002497132280117777,115697.36424168343,15,111041.8,288.9694052970464,0.05778232459449039,0.0,,
2025-07-10 03:36:00+00:00,buy,0.002645728178853834,115616.4327387663,16,111051.3,305.9508319663201,0.0611779308071026,0.0,,
2025-07-10 03:37:00+00:00,buy,0.0027942582660699204,115535.55784827253,17,111048.1,322.9007547800435,0.064567237508507,0.0,,
2025-07-10 03:38:00+00:00,buy,0.0029430026075860116,115454.73953060112,18,111048.1,339.8515562166222,0.06795671989934457,0.0,,
2025-07-10 03:39:00+00:00,buy,0.0030918590493906883,115373.9777461788,19,111046.1,356.79142117415455,0.07134401543174457,0.0,,
2025-07-10 03:40:00+00:00,buy,0.0032403518637382934,115293.27245545998,20,111021.4,373.6654884315921,0.07471815405550732,0.0,,
2025-07-10 03:41:00+00:00,buy,0.0033890213483645736,115212.62361892675,21,111000.1,390.5361326538444,0.07809160820912706,0.0,,
2025-07-10 03:42:00+00:00,buy,0.003538368526908071,115132.0311970888,22,111001.9,407.46103153790256,0.08147591112535543,0.0,,
2025-07-10 03:43:00+00:00,buy,0.0036879307452586034,115051.49515048348,23,111006.0,424.3868066426898,0.08486038925068783,0.0,,
2025-07-10 03:44:00+00:00,buy,0.003838103951617018,114971.01543967571,24,111026.6,441.3589628221767,0.08825414173608812,0.0,,
2025-07-10 03:45:00+00:00,buy,0.003987583610356127,114890.59202525804,25,111015.9,458.2274689123801,0.09162716834880627,0.0,,
2025-07-10 03:46:00+00:00,buy,0.0041375054551461826,114810.22486785056,26,111015.9,475.1229372836311,0.09500558633945833,0.0,,
2025-07-10 03:47:00+00:00,buy,0.004288375496953748,114729.9139281009,27,111041.6,492.10335264721175,0.09840099033137609,0.0,,
2025-07-10 03:48:00+00:00,buy,0.004438901383794755,114649.65916668423,28,111050.0,509.020314432737,0.10178370614531834,0.0,,
2025-07-10 03:49:00+00:00,buy,0.0045895153647573265,114569.46054430322,29,111055.9,525.9234631599379,0.10516365990000759,0.0,,
2025-07-10 03:50:00+00:00,buy,0.004740089289830314,114489.31802168804,30,111055.9,542.7981280726111,0.10853791803091604,0.0,,
2025-07-10 03:51:00+00:00,buy,0.004891687445268811,114409.23155959633,31,111079.9,559.7661324832582,0.11193084032858593,0.0,,
2025-07-10 03:52:00+00:00,buy,0.005041956027869128,114329.20111881317,32,111062.9,576.5580933034104,0.1152885609484924,0.0,,
2025-07-10 03:53:00+00:00,buy,0.005192725721814847,114249.22666015108,33,111056.0,593.3835509552163,0.11865297959512423,0.0,,
2025-07-10 03:54:00+00:00,buy,0.005344956815982337,114169.30814444997,34,111081.8,610.3520677470141,0.12204600434853313,0.0,,
2025-07-10 03:55:00+00:00,buy,0.005496568335554558,114089.44553257717,35,111087.4,627.2258538220873,0.12542008674706803,0.0,,
2025-07-10 03:56:00+00:00,buy,0.005648361758869643,114009.63878542738,36,111093.2,644.0964773949208,0.12879353677162986,0.0,,
2025-07-10 03:57:00+00:00,buy,0.005799510913234131,113929.88786392265,37,111080.8,660.8697755359622,0.13214752560207205,0.0,,
2025-07-10 03:58:00+00:00,buy,0.005951359425235912,113850.19272901234,38,111080.8,677.6989302462453,0.13551268351254656,0.0,,
2025-07-10 03:59:00+00:00,buy,0.006103373839084217,113770.55334167318,39,111080.9,694.5230957674881,0.1388768437847407,0.0,,
2025-07-10 04:00:00+00:00,buy,0.0002896591189987225,116918.15728989708,0,111080.1,33.87318371763276,0.006773282087109131,0.0,,
2025-07-10 04:01:00+00:00,buy,0.0004347848707896715,116836.37182961636,1,111080.0,50.80884656683966,0.010159737365894754,0.0,,
2025-07-10 04:02:00+00:00,buy,0.0005800115508225013,116754.64357911098,2,111060.0,67.73258569642616,0.01354380837760971,0.0,,
2025-07-10 04:03:00+00:00,buy,0.0007254387510194283,116672.97249836214,3,111049.9,84.65602326602533,0.01692781908938719,0.0,,
2025-07-10 04:04:00+00:00,buy,0.0008709190747869977,116591.35854737899,4,111024.0,101.56194644186527,0.020308327622848486,0.0,,
2025-07-10 04:05:00+00:00,buy,0.0010165050033362846,116509.80168619865,5,110996.0,118.45648291100957,0.023686559270347848,0.0,,
2025-07-10 04:06:00+00:00,buy,0.0011626890360481841,116428.30187488624,6,111020.0,135.3969840576536,0.027073982015127694,0.0,,
2025-07-10 04:07:00+00:00,buy,0.0013087087249633472,116346.85907353477,7,111006.0,152.29460242153425,0.03045282991832319,0.0,,
2025-07-10 04:08:00+00:00,buy,0.0014550707612281638,116265.47324226519,8,111009.2,169.20832555330654,0.0338348981310351,0.0,,
2025-07-10 04:09:00+00:00,buy,0.0016010895218747602,116184.14434122633,9,110971.8,186.05842035594472,0.03720424322254444,0.0,,
2025-07-10 04:10:00+00:00,buy,0.0017477738432957353,116102.87233059492,10,110976.0,202.96214770359617,0.0405843126781836,0.0,,
2025-07-10 04:11:00+00:00,buy,0.0018944991732993382,116021.65717057553,11,110971.3,219.84689418119348,0.04396058671889492,0.0,,
2025-07-10 04:12:00+00:00,buy,0.002041424170216195,115940.49882140056,12,110969.4,236.73107334824954,0.047336747320185876,0.0,,
2025-07-10 04:13:00+00:00,buy,0.0021884627772081004,115859.39724333024,13,110965.0,253.6046890524464,0.05071079565135901,0.0,,
2025-07-10 04:14:00+00:00,buy,0.0023357349448546788,115778.3523966526,14,110965.0,270.48162905927103,0.05408550871011219,0.0,,
2025-07-10 04:15:00+00:00,buy,0.002483166064994104,115697.36424168343,15,110965.0,287.3532278479494,0.057459153738842125,0.0,,
2025-07-10 04:16:00+00:00,buy,0.002631464261615257,115616.4327387663,16,110997.9,304.3013589096692,0.06084810216150154,0.0,,
2025-07-10 04:17:00+00:00,buy,0.0027792507310639035,115535.55784827253,17,110997.9,321.1665040704101,0.06422045672273748,0.0,,
2025-07-10 04:18:00+00:00,buy,0.002927220976500282,115454.73953060112,18,110999.1,338.02912769743,0.06759230707807039,0.0,,
2025-07-10 04:19:00+00:00,buy,0.0030752051738722913,115373.9777461788,19,110994.7,354.8696130259347,0.07095973065905513,0.0,,
2025-07-10 04:20:00+00:00,buy,0.0032234668633363724,115293.27245545998,20,110995.4,371.7183721344525,0.07432880866515748,0.0,,
2025-07-10 04:21:00+00:00,buy,0.0033727777455964435,115212.62361892675,21,111027.9,388.6642902682861,0.07771731459073906,0.0,,
2025-07-10 04:22:00+00:00,buy,0.003521370807613919,115132.0311970888,22,111028.0,405.5036581934592,0.0810845147357447,0.0,,
2025-07-10 04:23:00+00:00,buy,0.0036703743452204843,115051.49515048348,23,111036.5,422.3665125908294,0.08445641123591871,0.0,,
2025-07-10 04:24:00+00:00,buy,0.0038193155552644375,114971.01543967571,24,111037.7,439.1984097908359,0.08782211753466025,0.0,,
2025-07-10 04:25:00+00:00,buy,0.003969729648300662,114890.59202525804,25,111078.0,456.1758063913772,0.0912169178946965,0.0,,
2025-07-10 04:26:00+00:00,buy,0.004118677446450258,114810.22486785056,26,111069.1,472.96085704185566,0.09457325675701973,0.0,,
2025-07-10 04:27:00+00:00,buy,0.004267910635380346,114729.9139281009,27,111064.6,489.7549512539835,0.0979314039700027,0.0,,
2025-07-10 04:28:00+00:00,buy,0.004417429214556514,114649.65916668423,28,111064.0,506.55804519262625,0.10129135076837159,0.0,,
2025-07-10 04:29:00+00:00,buy,0.004567119826062682,114569.46054430322,29,111064.0,523.3571052041361,0.1046504909426387,0.0,,
2025-07-10 04:30:00+00:00,buy,0.004718595939307293,114489.31802168804,30,111103.7,540.3368768774208,0.1080457662222397,0.0,,
2025-07-10 04:31:00+00:00,buy,0.004867841340341261,114409.23155959633,31,111084.8,557.0373722998996,0.11138519742049582,0.0,,
2025-07-10 04:32:00+00:00,buy,0.005019098667443418,114329.20111881317,32,111109.2,573.9443068935028,0.11476590819706114,0.0,,
2025-07-10 04:33:00+00:00,buy,0.005169870364219215,114249.22666015108,33,111118.0,590.7718217834879,0.11813073820905577,0.0,,
2025-07-10 04:34:00+00:00,buy,0.005320135393777575,114169.30814444997,34,111112.3,607.5176563778151,0.12147923542847733,0.0,,
2025-07-10 04:40:00+00:00,buy,0.0002885574547381507,116918.15728989708,0,111109.3,33.74435340142352,0.006747521176049493,0.0,,
2025-07-10 21:16:00+00:00,sell,0.005923418026417006,114009.63878542738,37,114057.9,,0.1350653499133784,0.0,675.1916842169786,1.0
2025-07-10 21:17:00+00:00,sell,0.003944784274971857,115051.49515048348,24,114985.9,,0.09077066577632562,0.0,453.7625582158517,1.0
2025-07-10 21:18:00+00:00,sell,0.0025723062458292215,115778.3523966526,15,115404.0,,0.05956347580034522,0.0,297.7578155259257,1.0
2025-07-10 21:19:00+00:00,sell,0.0003021096074564584,117000.0,0,116437.2,,0.0070693648144811265,0.0,35.33975470759115,1.0
2025-07-10 21:20:00+00:00,sell,0.0007532582701548677,116754.64357911098,3,115874.5,,0.017589280170989856,0.0,87.92881157477828,1.0
2025-07-10 21:21:00+00:00,sell,0.0022712748725127766,115940.49882140056,13,115647.8,,0.05266654833592886,0.0,263.28007513130837,1.0
2025-07-10 21:22:00+00:00,sell,0.0027334838002549175,115697.36424168343,16,115743.1,,0.06325137417736686,0.0,316.1936195126569,1.0
2025-07-10 21:23:00+00:00,sell,0.0016698052667220512,116265.47324226519,9,116277.3,,0.038828139911573224,0.0,194.10187141795456,1.0
2025-07-10 21:24:00+00:00,sell,0.0009057729499666103,116672.97249836214,4,116034.9,,0.021135844496242933,0.0,105.65808663671842,1.0
2025-07-10 21:25:00+00:00,sell,0.0021218059237469687,116021.65717057553,12,115836.8,,0.04923508789349343,0.0,246.12620437957364,1.0
2025-07-10 21:26:00+00:00,sell,0.0018175893822289318,116184.14434122633,10,115930.9,,0.042235013427593324,0.0,211.13283212453902,1.0
2025-07-10 21:27:00+00:00,sell,0.0024282255737099728,115859.39724333024,14,115831.2,,0.056266550268175446,0.0,281.27648479060906,1.0
2025-07-10 21:28:00+00:00,sell,0.002890176954837736,115616.4327387663,17,115856.0,,0.0668303899004259,0.0,334.0851191122291,1.0
2025-07-10 21:29:00+00:00,sell,0.003041504680528252,115535.55784827253,18,115741.9,,0.0702803879925927,0.0,351.3316595749709,1.0
2025-07-10 21:30:00+00:00,sell,0.001974255307775997,116102.87233059492,11,116167.2,,0.04584334238934319,0.0,229.1708686043266,1.0
2025-07-10 21:31:00+00:00,sell,0.001518284256674277,116346.85907353477,8,116392.0,,0.03532952088896972,0.0,176.61227492395963,1.0
2025-07-10 21:32:00+00:00,sell,0.0032100163691577417,115454.73953060112,19,116278.0,,0.0741223207580146,0.0,370.53748146931497,1.0
2025-07-10 21:33:00+00:00,sell,0.003359635160318162,115373.9777461788,20,116078.7,,0.0775228944443655,0.0,387.5369493273831,1.0
2025-07-10 21:34:00+00:00,sell,0.0035180364669911246,115293.27245545998,21,116194.0,,0.08112118737941032,0.0,405.52481570967217,1.0
2025-07-10 21:35:00+00:00,sell,0.0036691028359520086,115212.62361892675,22,116048.8,,0.0845453928115351,0.0,422.64241866486395,1.0
2025-07-10 21:36:00+00:00,sell,0.0038209713684543563,115132.0311970888,23,115933.9,,0.08798323895921402,0.0,439.8282115571108,1.0
2025-07-10 21:37:00+00:00,sell,0.0041369240710486576,114971.01543967571,25,116072.3,,0.09512527224906027,0.0,475.5312359730523,1.0
2025-07-10 21:38:00+00:00,sell,0.00429512250104881,114890.59202525804,26,116135.3,,0.09869383339330097,0.0,493.3704731331115,1.0
2025-07-10 21:39:00+00:00,sell,0.004457323330430058,114810.22486785056,27,116302.0,,0.1023492587750783,0.0,511.64394461661647,1.0
2025-07-10 21:40:00+00:00,sell,0.001060025015647442,116591.35854737899,5,116376.5,,0.024717951333708386,0.0,123.56503871720821,1.0
2025-07-10 21:41:00+00:00,sell,0.001363713154016953,116428.30187488624,7,116275.9,,0.0317549613533278,0.0,158.7430518052857,1.0
2025-07-10 21:42:00+00:00,sell,0.0012147105454271261,116509.80168619865,6,116627.1,,0.02830513695076974,0.0,141.49737961689792,1.0
2025-07-10 21:43:00+00:00,sell,0.004617585912314875,114729.9139281009,28,116401.1,,0.10595504685509939,0.0,529.6692792286418,1.0
2025-07-10 21:44:00+00:00,sell,0.004770121767273191,114649.65916668423,29,116284.9,,0.10937856696029055,0.0,546.7834562344924,1.0
2025-07-10 21:45:00+00:00,sell,0.004916560682344408,114569.46054430322,30,116012.1,,0.11265754102190605,0.0,563.1750475685083,1.0
2025-07-10 21:46:00+00:00,sell,0.0050738439291312405,114489.31802168804,31,116023.6,,0.11618018623894358,0.0,580.7847510084789,1.0
2025-07-10 21:47:00+00:00,sell,0.005231020389209119,114409.23155959633,32,116027.9,,0.11969540460039917,0.0,598.3573275973954,1.0
2025-07-10 21:48:00+00:00,sell,0.005401561828593106,114329.20111881317,33,116351.3,,0.12351124973138508,0.0,617.432737407194,1.0
2025-07-10 21:49:00+00:00,sell,0.005567494587421763,114249.22666015108,34,116548.1,,0.12721639020950268,0.0,635.9547346573039,1.0
2025-07-10 21:50:00+00:00,sell,0.005714306180959724,114169.30814444997,35,116290.6,,0.13047967664114518,0.0,652.2679035290847,1.0
2025-07-10 21:51:00+00:00,sell,0.005874107160119718,114089.44553257717,36,116335.2,,0.1340347257794,0.0,670.0395941712206,1.0
2025-07-10 21:52:00+00:00,sell,0.006190916221825726,113929.88786392265,38,116330.9,,0.14106607818550893,0.0,705.1893248493591,1.0
2025-07-10 21:53:00+00:00,sell,0.006353194482229268,113850.19272901234,39,116416.4,,0.14466248324934,0.0,723.1677537634506,1.0
2025-07-10 21:54:00+00:00,buy,0.00045323444387440544,116836.37182961636,1,116513.5,52.96485886410152,0.010590853602099885,0.0,,
2025-07-10 21:55:00+00:00,buy,0.0006050207778091916,116754.64357911098,2,116578.2,70.65311306812288,0.014127797054213733,0.0,,
2025-07-10 21:56:00+00:00,buy,0.0007570137196964978,116672.97249836214,3,116616.0,88.3407055072121,0.017664608179806463,0.0,,
2025-07-10 21:57:00+00:00,buy,0.0009077315468496817,116591.35854737899,4,116417.6,105.85482097436689,0.021166730848703637,0.0,,
2025-07-10 21:58:00+00:00,buy,0.001060182732620946,116509.80168619865,5,116472.0,123.54638426478434,0.024704335985759718,0.0,,
2025-07-10 21:59:00+00:00,buy,0.0012126255366691604,116428.30187488624,6,116487.8,141.21216883092185,0.02823678640890259,0.0,,
2025-07-10 22:00:00+00:00,buy,0.0013639567919702513,116346.85907353477,7,116368.1,158.72382707548496,0.03173841773155068,0.0,,
2025-07-10 22:01:00+00:00,buy,0.0003017537634829049,116918.15728989708,0,116428.0,35.28755008050902,0.007056098796342536,0.0,,
2025-07-10 22:02:00+00:00,buy,0.0015143939916925115,116265.47324226519,8,116174.1,176.1069484661967,0.03521434682387457,0.0,,
2025-07-10 22:03:00+00:00,buy,0.001667517684988478,116184.14434122633,9,116216.3,193.77786322732976,0.038747823080849786,0.0,,
2025-07-10 22:04:00+00:00,buy,0.00045232344391078386,116836.37182961636,1,116241.5,52.858399646028964,0.010569566016002592,0.0,,
2025-07-10 22:05:00+00:00,buy,0.0006036013182283998,116754.64357911098,2,116260.0,70.4873514249931,0.014094651354727674,0.0,,
2025-07-10 22:06:00+00:00,buy,0.0007551514313865539,116672.97249836214,3,116282.1,88.12338333869947,0.017621152437252444,0.0,,
2025-07-10 22:07:00+00:00,buy,0.0009077430784602482,116591.35854737899,4,116420.0,105.8561657294063,0.021166999745932075,0.0,,
2025-07-10 22:08:00+00:00,buy,0.001059048735381633,116509.80168619865,5,116328.1,123.4142360469606,0.024677911627066708,0.0,,
2025-07-10 22:09:00+00:00,buy,0.0012111093223636927,116428.30187488624,6,116319.6,141.03560326800644,0.028201480357529785,0.0,,
2025-07-10 22:10:00+00:00,buy,0.0013630556742796607,116346.85907353477,7,116280.9,158.61896389408653,0.03171744928895952,0.0,,
2025-07-10 22:11:00+00:00,buy,0.00030120007546435124,116918.15728989708,0,116183.0,35.222800950429665,0.007043151559773978,0.0,,
2025-07-10 22:12:00+00:00,buy,0.0018189380290584728,116102.87233059492,10,116113.4,211.22616655099284,0.04223678595300797,0.0,,
2025-07-10 22:13:00+00:00,buy,0.0015132453512245836,116265.47324226519,8,116076.8,175.97337452916236,0.035187637378356805,0.0,,
2025-07-10 22:14:00+00:00,buy,0.0016660056746052115,116184.14434122633,9,116098.8,193.60215646038836,0.03871268875432681,0.0,,
2025-07-10 22:15:00+00:00,buy,0.00045202731846601525,116836.37182961636,1,116157.3,52.82379450381126,0.010562646371487953,0.0,,
2025-07-10 22:16:00+00:00,buy,0.0006031626750809189,116754.64357911098,2,116166.0,70.43612755792566,0.014084408629859161,0.0,,
2025-07-10 22:17:00+00:00,buy,0.0007545005686489215,116672.97249836214,3,116169.9,88.04743006079342,0.017605964819194846,0.0,,
2025-07-10 22:18:00+00:00,buy,0.0009059720099196753,116591.35854737899,4,116161.3,105.64963314392294,0.021125701488486893,0.0,,
2025-07-10 22:19:00+00:00,buy,0.0010582551771964217,116509.80168619865,5,116230.3,123.32176024871382,0.024659420165709624,0.0,,
2025-07-10 22:20:00+00:00,sell,0.001666536285862505,116265.47324226519,9,116236.2,,0.03875212599024222,0.0,193.72187782522084,1.0
2025-07-10 22:21:00+00:00,buy,0.001209935419650238,116428.30187488624,6,116192.9,140.8989004334127,0.02817414525763102,0.0,,
2025-07-10 22:22:00+00:00,buy,0.0013609626330625246,116346.85907353477,7,116080.1,158.37539641880701,0.03166874553465447,0.0,,
2025-07-10 22:23:00+00:00,buy,0.0019701386222140977,116021.65717057553,11,116000.0,228.62446355459508,0.04571574956100682,0.0,,
2025-07-10 22:24:00+00:00,buy,0.0021222656056936987,115940.49882140056,12,115944.0,246.10574426222036,0.049211306591125846,0.0,,
2025-07-10 22:25:00+00:00,buy,0.00030049873741902884,116918.15728989708,0,115880.1,35.14078539870289,0.0070267517293946995,0.0,,
2025-07-10 22:26:00+00:00,buy,0.001816007031664079,116102.87233059492,10,115906.0,210.88580127526697,0.042168726509751446,0.0,,
2025-07-10 22:27:00+00:00,buy,0.001511499310286072,116265.47324226519,8,115930.4,175.7703296522907,0.03514703652315351,0.0,,
2025-07-10 22:28:00+00:00,buy,0.0016645143024353274,116184.14434122633,9,115986.0,193.4288480061762,0.03867803399443635,0.0,,
2025-07-10 22:29:00+00:00,buy,0.0004511938514093163,116836.37182961636,1,115920.1,52.72639576101365,0.010543170518099112,0.0,,
2025-07-10 22:30:00+00:00,buy,0.0006019260350242626,116754.64357911098,2,115901.9,70.2917152121813,0.01405553193604905,0.0,,
2025-07-10 22:31:00+00:00,buy,0.0007527109843165359,116672.97249836214,3,115864.1,87.83859217797277,0.01756420559447566,0.0,,
2025-07-10 22:32:00+00:00,buy,0.002273959833404248,115859.39724333024,13,115863.2,263.5123075768905,0.05269192313075196,0.0,,
2025-07-10 22:33:00+00:00,buy,0.0009038745630057489,116591.35854737899,4,115863.4,105.40504004991023,0.021076792651451754,0.0,,
2025-07-10 22:34:00+00:00,buy,0.001055468824015225,116509.80168619865,5,115890.0,122.99705786465356,0.024594492674395833,0.0,,
2025-07-10 22:35:00+00:00,buy,0.0012070198550743992,116428.30187488624,6,115882.9,140.5593783099947,0.02810625441111672,0.0,,
2025-07-10 22:36:00+00:00,buy,0.0013593357834155277,116346.85907353477,7,115930.0,158.1860797164247,0.03163088976533188,0.0,,
2025-07-10 22:37:00+00:00,buy,0.0019681237262113706,116021.65717057553,11,115874.3,228.39064522701767,0.04566899524635427,0.0,,
2025-07-10 22:38:00+00:00,buy,0.0021216365065521115,115940.49882140056,12,115913.1,246.03279160632295,0.0491967189774691,0.0,,
2025-07-10 22:39:00+00:00,buy,0.0003003728500839575,116918.15728989708,0,115835.1,35.12606393975717,0.007023808026346164,0.0,,
2025-07-10 22:40:00+00:00,buy,0.001814812702671534,116102.87233059492,10,115829.9,210.74710851571948,0.04214099350444301,0.0,,
2025-07-10 22:41:00+00:00,buy,0.0015098664679556604,116265.47324226519,8,115800.0,175.5804484973782,0.03510906788589846,0.0,,
2025-07-10 22:42:00+00:00,buy,0.0016625249988259038,116184.14434122633,9,115839.9,193.19767624337283,0.03863180888689719,0.0,,
2025-07-10 22:43:00+00:00,buy,0.00045093210569238277,116836.37182961636,1,115854.0,52.695808224821214,0.010537054234117419,0.0,,
2025-07-10 22:44:00+00:00,buy,0.0006021825815877362,116754.64357911098,2,115964.0,70.32167420536163,0.014061522536565015,0.0,,
2025-07-10 22:45:00+00:00,buy,0.0007530638926348692,116672.97249836214,3,115932.4,87.87977527546462,0.01757244056697953,0.0,,
2025-07-10 22:46:00+00:00,sell,0.0022748255529440164,115940.49882140056,13,116009.0,,0.052748881867999524,0.0,263.6916604581296,1.0
2025-07-10 22:47:00+00:00,sell,0.001971280496112347,116102.87233059492,11,116172.2,,0.045774265553584735,0.0,228.8255535023701,1.0
2025-07-10 22:48:00+00:00,sell,0.0021240302336204384,116021.65717057553,12,116150.0,,0.04928670151700959,0.0,246.38422088353093,1.0
2025-07-10 22:49:00+00:00,buy,0.0009055229077981358,116591.35854737899,4,116104.1,105.59726124516084,0.02111522920319153,0.0,,
2025-07-10 22:50:00+00:00,buy,0.001057536269303112,116509.80168619865,5,116147.4,123.23798368067042,0.024642668202493587,0.0,,
2025-07-10 22:51:00+00:00,sell,0.001817775594331429,116184.14434122633,10,116132.1,,0.042239340406352244,0.0,211.15446269135487,1.0
2025-07-10 22:52:00+00:00,buy,0.0012095270952938426,116428.30187488624,6,116155.1,140.85135041388116,0.028164637155345163,0.0,,
2025-07-10 22:53:00+00:00,buy,0.0013616326084690065,116346.85907353477,7,116152.0,158.45336154291454,0.03168433544149461,0.0,,
2025-07-10 22:54:00+00:00,buy,0.00030101094602743775,116918.15728989708,0,116111.9,35.20068386264341,0.007038729026723337,0.0,,
2025-07-10 22:55:00+00:00,buy,0.0018186193857920266,116102.87233059492,10,116103.2,211.18916375342994,0.04222938687331133,0.0,,
2025-07-10 22:56:00+00:00,buy,0.0015128342561199473,116265.47324226519,8,116056.0,175.92556880304087,0.03517807814497918,0.0,,
2025-07-10 22:57:00+00:00,buy,0.0016654985864835844,116184.14434122633,9,116072.9,193.54322907775162,0.038700905634423445,0.0,,
2025-07-10 22:58:00+00:00,buy,0.00045157533701416154,116836.37182961636,1,116040.7,52.77097606926779,0.01055208479689418,0.0,,
2025-07-10 22:59:00+00:00,buy,0.0019701755155427493,116021.65717057553,11,116016.0,228.6287448358088,0.045716605646032554,0.0,,
2025-07-10 23:00:00+00:00,buy,0.000602497221162237,116754.64357911098,2,116036.0,70.35841718386462,0.014068869662840357,0.0,,
2025-07-10 23:01:00+00:00,buy,0.0007531911477978044,116672.97249836214,3,115960.0,87.89462548303766,0.017575410014604612,0.0,,
2025-07-10 23:02:00+00:00,buy,0.002121756575795928,115940.49882140056,12,115930.9,246.04671527852176,0.04919950315507334,0.0,,
2025-07-10 23:03:00+00:00,buy,0.0009044570098544235,116591.35854737899,4,115960.0,105.4729619009327,0.021090374305325475,0.0,,
2025-07-10 23:04:00+00:00,buy,0.001055920493696727,116509.80168619865,5,115958.6,123.04969233446205,0.02460501746339973,0.0,,
2025-07-10 23:05:00+00:00,buy,0.0012079054959865175,116428.30187488624,6,115989.9,140.66251260019706,0.028126877144610492,0.0,,
2025-07-10 23:06:00+00:00,buy,0.0013609286905063923,116346.85907353477,7,116090.3,158.37144651919013,0.03166795571269549,0.0,,
2025-07-10 23:07:00+00:00,buy,0.00030088926835738697,116918.15728989708,0,116065.2,35.18645468841195,0.007035883760930205,0.0,,
2025-07-10 23:08:00+00:00,buy,0.0018180939518260652,116102.87233059492,10,116071.1,211.12814715988324,0.042217185994777695,0.0,,
2025-07-10 23:09:00+00:00,buy,0.0015127030113082922,116265.47324226519,8,116050.1,175.91030651105515,0.03517502629695164,0.0,,
2025-07-10 23:10:00+00:00,buy,0.0016650237054853013,116184.14434122633,9,116042.0,193.4880444005737,0.03868987090593356,0.0,,
2025-07-10 23:11:00+00:00,buy,0.00045122105015319146,116836.37182961636,1,115948.5,52.72957419912686,0.010543806078609651,0.0,,
2025-07-10 23:12:00+00:00,buy,0.001968322485039007,116021.65717057553,11,115905.0,228.41371016764302,0.04567360731206619,0.0,,
2025-07-10 23:13:00+00:00,buy,0.000602234505979795,116754.64357911098,2,115987.3,70.32773783173228,0.01406273501934259,0.0,,
2025-07-10 23:14:00+00:00,buy,0.0007534579121472708,116672.97249836214,3,116010.5,87.92575589748442,0.017581634852526378,0.0,,
2025-07-10 23:15:00+00:00,buy,0.0009046276019770803,116591.35854737899,4,115990.0,105.49285544618422,0.021094352218793085,0.0,,
2025-07-10 23:16:00+00:00,buy,0.0010558937276627903,116509.80168619865,5,115962.2,123.04657320545509,0.02460439376233855,0.0,,
2025-07-10 23:17:00+00:00,buy,0.002120547189306179,115940.49882140056,12,115869.5,245.90647036225783,0.04917145978049547,0.0,,
2025-07-10 23:18:00+00:00,buy,0.0022725006615334263,115859.39724333024,13,115810.1,263.34321499170807,0.05265811137606641,0.0,,
2025-07-10 23:19:00+00:00,buy,0.0012072194987764475,116428.30187488624,6,115926.1,140.58262713603963,0.028110903246558617,0.0,,
2025-07-10 23:20:00+00:00,buy,0.0013590585061767364,116346.85907353477,7,115925.6,158.15381292853158,0.03162443769816669,0.0,,
2025-07-10 23:21:00+00:00,buy,0.00030026988490756176,116918.15728989708,0,115817.7,35.114023033368206,0.00702140032660832,0.0,,
2025-07-10 23:22:00+00:00,buy,0.0018148341703381054,116102.87233059492,10,115856.0,210.74960147196222,0.04214149199599324,0.0,,
2025-07-10 23:23:00+00:00,buy,0.0015096053299081071,116265.47324226519,8,115804.9,175.5500810864301,0.035102995618162394,0.0,,
2025-07-10 23:24:00+00:00,buy,0.0016621964742072378,116184.14434122633,9,115840.0,193.1594992577878,0.03862417501655425,0.0,,
2025-07-10 23:25:00+00:00,buy,0.00045086729427088764,116836.37182961636,1,115860.0,52.68823437901433,0.010535539767849296,0.0,,
2025-07-10 23:26:00+00:00,buy,0.001966981888854125,116021.65717057553,11,115830.0,228.25814086903827,0.045642499673872884,0.0,,
2025-07-10 23:27:00+00:00,buy,0.0006013832575297536,116754.64357911098,2,115822.0,70.22833074490856,0.01404285757746622,0.0,,
2025-07-10 23:28:00+00:00,buy,0.0007522136138078916,116672.97249836214,3,115816.0,87.78055087635708,0.017552599655340347,0.0,,
2025-07-10 23:29:00+00:00,buy,0.0009030576661309193,116591.35854737899,4,115786.0,105.30977788485744,0.021057744028165855,0.0,,
2025-07-10 23:30:00+00:00,buy,0.0010544894208954763,116509.80168619865,5,115808.0,122.88292497938815,0.024571670661745284,0.0,,
2025-07-10 23:31:00+00:00,buy,0.00242463408816455,115778.3523966526,14,115766.5,280.77628392043016,0.05614402797849034,0.0,,
2025-07-10 23:32:00+00:00,buy,0.002118047404198343,115940.49882140056,12,115736.0,245.6165860646425,0.0491134945140257,0.0,,
2025-07-10 23:33:00+00:00,buy,0.0022709748878194692,115859.39724333024,13,115739.2,263.16640441383475,0.05262275633150065,0.0,,
2025-07-10 23:34:00+00:00,buy,0.0025758017649850206,115697.36424168343,15,115666.7,298.07307771284655,0.0596026950035686,0.0,,
2025-07-10 23:35:00+00:00,buy,0.001205131313378976,116428.30187488624,6,115726.0,140.33945463143615,0.028062278470593113,0.0,,
2025-07-10 23:36:00+00:00,buy,0.0013559298298931467,116346.85907353477,7,115657.7,157.78972846754635,0.03155163536643599,0.0,,
2025-07-10 23:37:00+00:00,buy,0.00029984075534865244,116918.15728989708,0,115657.0,35.06383996149445,0.007011365719155059,0.0,,
2025-07-10 23:38:00+00:00,buy,0.0018119841200937967,116102.87233059492,10,115677.5,210.4186362725075,0.04207531219206309,0.0,,
2025-07-10 23:39:00+00:00,buy,0.0015079967080772218,116265.47324226519,8,115688.0,175.3630165025587,0.035065590182475244,0.0,,
2025-07-10 23:40:00+00:00,buy,0.0016598258601061295,116184.14434122633,9,115679.7,192.88401640133307,0.03856908946237414,0.0,,
2025-07-10 23:41:00+00:00,buy,0.00045016563059405547,116836.37182961636,1,115684.1,52.60623814480099,0.010519143800200158,0.0,,
2025-07-10 23:42:00+00:00,buy,0.0019644972670178162,116021.65717057553,11,115689.6,227.96981327215894,0.045584845685294736,0.0,,
2025-07-10 23:43:00+00:00,buy,0.0006006325753695032,116754.64357911098,2,115683.9,70.14066758772171,0.014025328451853973,0.0,,
2025-07-10 23:44:00+00:00,buy,0.0007519520110241225,116672.97249836214,3,115784.0,87.75002279756602,0.017546495260461113,0.0,,
2025-07-10 23:45:00+00:00,buy,0.0009028063581297405,116591.35854737899,4,115763.0,105.28047168351793,0.021051883959911605,0.0,,
2025-07-10 23:46:00+00:00,buy,0.0010537965481312247,116509.80168619865,5,115740.0,122.80218236573776,0.02455552536807394,0.0,,
2025-07-10 23:47:00+00:00,buy,0.0024242848444799565,115778.3523966526,14,115759.8,280.73584097507137,0.05613594100681291,0.0,,
2025-07-10 23:48:00+00:00,buy,0.0021190079541788787,115940.49882140056,12,115799.9,245.7279749818575,0.04913576784280294,0.0,,
2025-07-10 23:49:00+00:00,sell,0.002424984693363209,115859.39724333024,14,115875.6,,0.056191452979472686,0.0,280.90107344438394,1.0
2025-07-10 23:50:00+00:00,sell,0.0022729654553929226,115940.49882140056,13,115934.0,,0.05270574974041347,0.0,263.4760429523269,1.0
2025-07-10 23:51:00+00:00,sell,0.0025806921518653657,115778.3523966526,15,115982.1,,0.0597576570771888,0.0,298.7285277288668,1.0
2025-07-10 23:52:00+00:00,buy,0.0012078220457627266,116428.30187488624,6,115998.2,140.65279468915642,0.02812493395104108,0.0,,
2025-07-10 23:53:00+00:00,buy,0.0013598233949253004,116346.85907353477,7,116005.1,158.2428231304484,0.03164223617885391,0.0,,
2025-07-10 23:54:00+00:00,buy,0.00030068776924278726,116918.15728989708,0,115998.4,35.16289107145637,0.007031171979895295,0.0,,
2025-07-10 23:55:00+00:00,buy,0.001816751527483573,116102.87233059492,10,115995.9,210.97225666596898,0.042186014130367724,0.0,,
2025-07-10 23:56:00+00:00,buy,0.0015117599566913846,116265.47324226519,8,115989.8,175.80063989078886,0.03515309735868603,0.0,,
2025-07-10 23:57:00+00:00,buy,0.001663982886566759,116184.14434122633,9,115982.1,193.36709355977763,0.03866568557484056,0.0,,
2025-07-10 23:58:00+00:00,buy,0.000451293558749694,116836.37182961636,1,115986.0,52.73804753479694,0.010545500406878013,0.0,,
2025-07-10 23:59:00+00:00,buy,0.001969835333276051,116021.65717057553,11,116015.9,228.58926843178435,0.045708711943968076,0.0,,
2025-07-11 00:00:00+00:00,sell,0.0021216225362698676,116021.65717057553,12,116030.3,,0.049230832509693914,0.0,246.10493171595985,1.0
2025-07-11 00:01:00+00:00,buy,0.0006022365494717258,116754.64357911098,2,116004.1,70.32797646662176,0.014062782736776998,0.0,,
2025-07-11 00:02:00+00:00,buy,0.0007533178670350589,116672.97249836214,3,116003.9,87.90941315006287,0.01757836695662125,0.0,,
2025-07-11 00:03:00+00:00,buy,0.0009045162975308648,116591.35854737899,4,115991.9,105.47987571416027,0.02109175679147376,0.0,,
2025-07-11 00:04:00+00:00,buy,0.0010561298497253993,116509.80168619865,5,116006.0,123.07408924225032,0.02460989586927621,0.0,,
2025-07-11 00:08:00+00:00,buy,0.0003006388547525551,116918.15728989708,0,115984.0,35.15717093559524,0.007030028181482751,0.0,,
2025-07-11 00:21:00+00:00,buy,0.00044951559698114344,116836.37182961636,1,115532.0,52.53027538638727,0.01050395428642017,0.0,,
2025-07-11 00:41:00+00:00,buy,0.0002995174781598697,116918.15728989708,0,115552.0,35.026035428893465,0.007003806324513791,0.0,,
2025-07-11 02:16:00+00:00,sell,0.0019698595767931922,116102.87233059492,11,116102.1,,0.045741270990723955,0.0,228.66061368262902,1.0
2025-07-11 02:17:00+00:00,buy,0.0012095367580930143,116428.30187488624,6,116169.9,140.85247566218473,0.02816486216000495,0.0,,
2025-07-11 02:18:00+00:00,sell,0.0018185510891655218,116184.14434122633,10,116198.0,,0.04225736044710027,0.0,211.24454487505423,1.0
2025-07-11 02:19:00+00:00,buy,0.0013620271352238437,116346.85907353477,7,116199.9,158.49927267205007,0.03169351583124377,0.0,,
2025-07-11 02:20:00+00:00,sell,0.0016668376305854337,116265.47324226519,9,116268.1,,0.03875913318760629,0.0,193.75690680484385,1.0
2025-07-11 02:21:00+00:00,buy,0.0015146022685180356,116265.47324226519,8,116213.9,176.13116871296242,0.035219189904611564,0.0,,
2025-07-11 02:23:00+00:00,buy,0.0006033620437803376,116754.64357911098,2,116225.5,70.45940943481142,0.014089064074147456,0.0,,
2025-07-11 02:25:00+00:00,buy,0.000754329004585728,116672.97249836214,3,116164.0,88.02740916818888,0.01760196144134951,0.0,,
2025-07-11 02:34:00+00:00,sell,0.0015153433746753267,116346.85907353477,8,116353.1,,0.03526108841227297,0.0,176.27018097295255,1.0
2025-07-11 02:35:00+00:00,buy,0.0009070000555409556,116591.35854737899,4,116314.7,105.76951835180381,0.02114967373561364,0.0,,
2025-07-11 02:37:00+00:00,buy,0.000452819165987066,116836.37182961636,1,116384.5,52.916329598531384,0.010581149689768324,0.0,,
2025-07-11 02:38:00+00:00,sell,0.0013637369836624964,116428.30187488624,7,116429.0,,0.03175551624236079,0.0,158.7458256955616,1.0
2025-07-11 02:39:00+00:00,sell,0.0012117507380836245,116509.80168619865,6,116466.4,,0.028236167637445592,0.0,141.1526020195905,1.0
2025-07-11 02:40:00+00:00,buy,0.0010606052188513006,116509.80168619865,5,116502.0,123.59561789645551,0.024714180743142473,0.0,,
2025-07-11 02:41:00+00:00,buy,0.0003020018498145479,116918.15728989708,0,116513.7,35.31656167841288,0.007061899955691437,0.0,,
2025-07-11 02:42:00+00:00,buy,0.0006048970300789482,116754.64357911098,2,116523.0,70.63866205636016,0.014124907429786076,0.0,,
2025-07-11 02:43:00+00:00,buy,0.0007567597111402415,116672.97249836214,3,116540.0,88.31106364672702,0.017658680993146776,0.0,,
2025-07-11 02:50:00+00:00,sell,0.0010607498085246643,116591.35854737899,5,116600.0,,0.02473485225095255,0.0,123.64952640251178,1.0
2025-07-11 02:51:00+00:00,buy,0.00045371263387160976,116836.37182961636,1,116615.2,53.02074002241695,0.010602027598963597,0.0,,
2025-07-11 02:52:00+00:00,buy,0.0003023271492451869,116918.15728989708,0,116639.9,35.354602695092645,0.007069506637690991,0.0,,
2025-07-11 02:53:00+00:00,sell,0.0009093859212187396,116672.97249836214,4,116704.0,,0.021220151715350348,0.0,106.07953842503638,1.0
2025-07-11 02:54:00+00:00,sell,0.0007576222447424876,116754.64357911098,3,116755.1,,0.017691183030503026,0.0,88.43822396948462,1.0
2025-07-11 02:55:00+00:00,buy,0.0006054911918510952,116754.64357911098,2,116638.0,70.70804707652471,0.014138781658973148,0.0,,
2025-07-11 02:56:00+00:00,buy,0.0007575746901684199,116672.97249836214,3,116666.0,88.40616868967358,0.017677698198295056,0.0,,
2025-07-11 02:57:00+00:00,buy,0.0004539012403661311,116836.37182961636,1,116664.0,53.04278052816004,0.010606434818668273,0.0,,
2025-07-11 03:49:00+00:00,sell,0.0007576427450273807,116754.64357911098,3,116758.3,,0.01769166173119422,0.0,88.4406169942399,1.0
2025-07-11 03:50:00+00:00,buy,0.0003027512691412713,116918.15728989708,0,116803.9,35.40419992927616,0.007079424101035025,0.0,,
2025-07-11 03:51:00+00:00,sell,0.000605531653161654,116836.37182961636,2,116727.8,,0.014149624276679458,0.0,70.7339717591206,1.0
2025-07-11 03:52:00+00:00,buy,0.0006060672857931122,116754.64357911098,2,116749.3,70.77532217172156,0.014152233987546803,0.0,,
2025-07-11 03:53:00+00:00,buy,0.00045443848034754997,116836.37182961636,1,116802.3,53.10556225222487,0.010618988652714432,0.0,,
2025-07-11 03:55:00+00:00,sell,0.00045445710849306324,116918.15728989708,1,116888.9,,0.010626857538460759,0.0,53.123660834765325,1.0
2025-07-11 03:56:00+00:00,buy,0.0003028211881574781,116918.15728989708,0,116830.9,35.412376366771085,0.007081059061541909,0.0,,
2025-07-11 03:57:00+00:00,sell,0.0006061853952390959,116836.37182961636,2,116853.9,,0.014164900447167592,0.0,70.81033733539078,1.0
2025-07-11 03:58:00+00:00,buy,0.0003029688985293392,116918.15728989708,0,116888.0,35.42964984526658,0.0070845130664400294,0.0,,
2025-07-11 03:59:00+00:00,buy,0.0003029976001651558,116918.15728989708,0,116899.1,35.433006258785944,0.007085184214914206,0.0,,
2025-07-11 04:02:00+00:00,buy,0.0003027192887053653,116918.15728989708,0,116791.7,35.40046008782197,0.007078676282307933,0.0,,
2025-07-11 05:05:00+00:00,sell,0.00030322407533788827,117000.0,0,117068.4,,0.007095443362906587,0.0,35.47012137117002,1.0
2025-07-11 15:55:00+00:00,buy,0.000302775027054978,116918.15728989708,0,116813.2,35.4069782163141,0.007079979647333353,0.0,,
2025-07-11 16:01:00+00:00,sell,0.00030295370189295154,117000.0,0,116964.0,,0.0070891166242950665,0.0,35.43849400485104,1.0
2025-07-11 16:08:00+00:00,buy,0.0003024923812482316,116918.15728989708,0,116704.1,35.373925180138215,0.007073370361955252,0.0,,
2025-07-11 16:15:00+00:00,sell,0.0003030107153897043,117000.0,0,116986.0,,0.0070904507401190805,0.0,35.44516324985528,1.0
2025-07-11 16:16:00+00:00,buy,0.0003030049118348832,116918.15728989708,0,116901.9,35.433861296710575,0.007085355188304455,0.0,,
2025-07-11 16:21:00+00:00,sell,0.0003030234384766102,117000.0,0,116990.9,,0.007090748460352679,0.0,35.44665155330304,1.0
2025-07-12 15:49:00+00:00,buy,0.00030330679427595,116918.15728989708,0,117018.4,35.46916389454602,0.007092414296049995,0.0,,
2025-07-12 15:50:00+00:00,sell,0.0003032488076211334,117000.0,0,117077.9,,0.0070960220983345215,0.0,35.47301446957427,1.0
2025-07-15 03:38:00+00:00,buy,0.0003037672455842044,116918.15728989708,0,117196.1,35.52300978005255,0.00710318131974656,0.0,,
2025-07-15 03:39:00+00:00,sell,0.00030324599043463145,117000.0,0,117076.8,,0.007095956176170376,0.0,35.472684924675704,1.0
2025-07-15 04:05:00+00:00,buy,0.0003030309168584995,116918.15728989708,0,116911.9,35.43690236424396,0.007085963280192755,0.0,,
2025-07-15 04:15:00+00:00,sell,0.000303391584895119,117000.0,0,117133.0,,0.0070993630865457845,0.0,35.48971606964238,1.0
2025-07-15 06:04:00+00:00,buy,0.00030305737676614023,116918.15728989708,0,116922.1,35.43999662661611,0.007086582008921437,0.0,,
2025-07-15 06:05:00+00:00,sell,0.0003029228109805146,117000.0,0,116952.0,,0.007088393776944041,0.0,35.43488049094326,1.0
2025-07-15 06:11:00+00:00,buy,0.0003032361870684737,116918.15728989708,0,116991.1,35.460906978903594,0.0070907632431320925,0.0,,
2025-07-15 06:12:00+00:00,sell,0.000303129790543701,117000.0,0,117031.9,,0.007093237098722604,0.0,35.459092256514296,1.0
2025-07-15 06:33:00+00:00,buy,0.00030320331315751494,116918.15728989708,0,116978.4,35.45706265309996,0.00708999453171365,0.0,,
2025-07-15 06:34:00+00:00,sell,0.00030328522743589,117000.0,0,117091.9,,0.0070968743219998265,0.0,35.47727473567713,1.0
2025-07-15 06:37:00+00:00,buy,0.0003030675767547827,116918.15728989708,0,116926.0,35.441189429005334,0.007086820521696727,0.0,,
2025-07-15 06:42:00+00:00,sell,0.0003031821736259282,117000.0,0,117052.1,,0.0070944628628467205,0.0,35.465219851370755,1.0
2025-07-15 06:47:00+00:00,buy,0.0003029624141059849,116918.15728989708,0,116885.4,35.42889154680755,0.007084361437074096,0.0,,
2025-07-15 06:56:00+00:00,sell,0.0003030964734268233,117000.0,0,117019.0,,0.007092457478187665,0.0,35.455194933460135,1.0
2025-07-15 07:06:00+00:00,buy,0.00030305235332059056,116918.15728989708,0,116920.1,35.4394091771528,0.007086464542522055,0.0,,
2025-07-15 07:07:00+00:00,sell,0.0003030545457219606,117000.0,0,117002.8,,0.007091476369893879,0.0,35.4502903730995,1.0
2025-07-15 07:30:00+00:00,buy,0.00030300056514351894,116918.15728989708,0,116900.1,35.43335298792453,0.007085253546875531,0.0,,
2025-07-15 09:07:00+00:00,sell,0.0003030229783550316,117000.0,0,116990.6,,0.00709073769350774,0.0,35.44659772984519,1.0
2025-07-15 09:21:00+00:00,buy,0.00030296380473117824,116918.15728989708,0,116885.9,35.4290541686605,0.007084393954941112,0.0,,
2025-07-15 09:25:00+00:00,sell,0.0003030473568169939,117000.0,0,117000.0,,0.007091308149517657,0.0,35.449449439438766,1.0
2025-07-15 09:31:00+00:00,buy,0.00030301565631560604,116918.15728989708,0,116905.9,35.4351177728427,0.007085606433281885,0.0,,
2025-07-15 09:33:00+00:00,sell,0.0003030300349221087,117000.0,0,116993.3,,0.007090902817177343,0.0,35.44742318306954,1.0
2025-07-15 09:41:00+00:00,buy,0.0003029991056563043,116918.15728989708,0,116899.5,35.43318231324069,0.007085219418764386,0.0,,
2025-07-15 10:24:00+00:00,sell,0.00030300701484092335,117000.0,0,116984.4,,0.007090364147277606,0.0,35.44473037224075,1.0
2025-07-15 10:31:00+00:00,buy,0.00030307375796500234,116918.15728989708,0,116928.3,35.44191226925318,0.0070869650608384694,0.0,,
2025-07-15 10:32:00+00:00,sell,0.00030304227167417486,117000.0,0,116998.0,,0.007091189157175691,0.0,35.44885459672128,1.0
2025-07-15 11:10:00+00:00,buy,0.0003029437217848485,116918.15728989708,0,116878.1,35.42670563797046,0.007083924342725547,0.0,,
2025-07-15 11:53:00+00:00,sell,0.00030297029898838744,117000.0,0,116970.2,,0.007089504996328266,0.0,35.440435476645,1.0
2025-07-15 12:27:00+00:00,buy,0.00030306319828176986,116918.15728989708,0,116924.2,35.44067740362433,0.007086718137097447,0.0,,
2025-07-15 12:30:00+00:00,sell,0.00030379423659707784,117000.0,0,117288.3,,0.007108785136371622,0.0,35.53681689672173,1.0
2025-07-15 12:38:00+00:00,buy,0.00030322879444265034,116918.15728989708,0,116988.1,35.460042473848354,0.007090590376694333,0.0,,
2025-07-15 12:50:00+00:00,sell,0.0003028921418666638,117000.0,0,116940.0,,0.007087676119679933,0.0,35.43129292227998,1.0
2025-07-15 14:44:00+00:00,buy,0.00030319229318083603,116918.15728989708,0,116974.0,35.455773960046216,0.007089736844640315,0.0,,
2025-07-15 16:09:00+00:00,sell,0.0003031908101968705,117000.0,0,117055.3,,0.00709466495860677,0.0,35.46623012807524,1.0
2025-07-15 16:14:00+00:00,buy,0.00030298323181434517,116918.15728989708,0,116893.3,35.431326001701656,0.007084848230694192,0.0,,
2025-07-15 16:23:00+00:00,sell,0.00030302896161537977,117000.0,0,116992.8,,0.007090877701799888,0.0,35.44729763129764,1.0
2025-07-15 16:24:00+00:00,buy,0.0003029604627871506,116918.15728989708,0,116884.5,35.42866335657623,0.007084315808153616,0.0,,
2025-07-15 16:28:00+00:00,sell,0.00030284250730070107,117000.0,0,116920.8,,0.007086514670836406,0.0,35.42548683951119,1.0
2025-07-15 16:29:00+00:00,buy,0.00030293613911517106,116918.15728989708,0,116875.1,35.42581890889409,0.007083747032372342,0.0,,
2025-07-15 16:30:00+00:00,sell,0.00030327663691668384,117000.0,0,117088.4,,0.007096673303850402,0.0,35.47626984594816,1.0
2025-07-15 18:26:00+00:00,buy,0.00030304525164954115,116918.15728989708,0,116917.2,35.43857869679716,0.0070862984796634994,0.0,,
2025-07-15 19:02:00+00:00,sell,0.0003029650815751612,117000.0,0,116968.1,,0.007089382908858773,0.0,35.439825161385,1.0
2025-07-15 19:03:00+00:00,buy,0.00030309736226914025,116918.15728989708,0,116937.3,35.44467259295144,0.007087517015187251,0.0,,
2025-07-15 19:07:00+00:00,sell,0.0003030176919398957,117000.0,0,116988.4,,0.007090613991393561,0.0,35.44597934297641,1.0
2025-07-15 19:15:00+00:00,buy,0.0003030668202588011,116918.15728989708,0,116925.5,35.441100963199546,0.007086802832073496,0.0,,
2025-07-15 19:19:00+00:00,sell,0.00030316250927069164,117000.0,0,117044.3,,0.007094002716934185,0.0,35.46291958195399,1.0
2025-07-15 19:27:00+00:00,buy,0.0003027313185469086,116918.15728989708,0,116796.0,35.40186687602908,0.007078957583689079,0.0,,
2025-07-15 21:18:00+00:00,sell,0.0003030480592081835,117000.0,0,117000.1,,0.007091324585471494,0.0,35.44953160277199,1.0
2025-07-18 20:33:00+00:00,buy,0.00030324669844948446,116918.15728989708,0,116994.9,35.4621361959962,0.007091009037391763,0.0,,
2025-07-18 20:35:00+00:00,sell,0.0003027833844901116,117000.0,0,116897.9,,0.007085131197068611,0.0,35.41857085414599,1.0
2025-07-18 20:37:00+00:00,buy,0.00030290212823792616,116918.15728989708,0,116861.9,35.42184162450098,0.007082951734553285,0.0,,
2025-07-18 20:42:00+00:00,sell,0.00030312142193503037,117000.0,0,117028.4,,0.007093041273279711,0.0,35.458113325125275,1.0
2025-07-20 22:14:00+00:00,buy,0.00030303974164614734,116918.15728989708,0,116915.0,35.437934348509806,0.007086169635774806,0.0,,
2025-07-20 22:15:00+00:00,sell,0.00030311109326851607,117000.0,0,117024.4,,0.007092799582483276,0.0,35.4569051128339,1.0
2025-07-20 22:20:00+00:00,buy,0.00030326285770816106,116918.15728989708,0,117001.1,35.46402588460599,0.00709138689954129,0.0,,
2025-07-20 22:21:00+00:00,sell,0.00030263584475039024,117000.0,0,116840.9,,0.0070816787671591315,0.0,35.4013121570285,1.0
2025-07-20 22:23:00+00:00,buy,0.0003033743021819919,116918.15728989708,0,117044.1,35.47705837310294,0.00709399287604538,0.0,,
2025-07-20 22:24:00+00:00,sell,0.0003033585099481392,117000.0,0,117119.9,,0.007098589132786458,0.0,35.4858470747995,1.0
2025-07-21 00:12:00+00:00,buy,0.00030311497549852473,116918.15728989708,0,116944.0,35.446732311136266,0.007087928876451963,0.0,,
2025-07-21 00:32:00+00:00,sell,0.0003030687110700914,117000.0,0,117008.0,,0.00709180783904014,0.0,35.451947387361656,1.0
2025-07-21 00:33:00+00:00,buy,0.00030300100349324964,116918.15728989708,0,116900.0,35.4334042492175,0.007085263797084083,0.0,,
2025-07-21 00:40:00+00:00,sell,0.0003033883591416682,117000.0,0,117131.4,,0.007099287603915036,0.0,35.489338731971266,1.0
2025-07-21 00:45:00+00:00,buy,0.00030294947453176306,116918.15728989708,0,116880.1,35.42737837305918,0.007084058862839269,0.0,,
2025-07-21 00:48:00+00:00,sell,0.00030342102565214274,117000.0,0,117144.0,,0.007100052000260141,0.0,35.49315994930044,1.0
2025-07-21 01:35:00+00:00,buy,0.0003031772544467731,116918.15728989708,0,116968.0,35.454015307311394,0.0070893851844253935,0.0,,
2025-07-21 01:46:00+00:00,sell,0.00030302710570536285,117000.0,0,116991.9,,0.007090834273505491,0.0,35.447080533253946,1.0
2025-07-21 19:30:00+00:00,buy,0.00030314334417081096,116918.15728989708,0,116954.9,35.45004978738731,0.007088592239029656,0.0,,
2025-07-21 19:31:00+00:00,sell,0.0003028984102910549,117000.0,0,116942.2,,0.007087822800810685,0.0,35.43202618125261,1.0
2025-07-21 19:32:00+00:00,buy,0.00030294438768161585,116918.15728989708,0,116878.1,35.42678350896453,0.007083939913810145,0.0,,
2025-07-21 19:39:00+00:00,sell,0.00030291734955709175,117000.0,0,116949.5,,0.007088265979635948,0.0,35.434241632200106,1.0
2025-07-21 19:41:00+00:00,buy,0.0003029939073104106,116918.15728989708,0,116897.2,35.43257441066164,0.007085097862559816,0.0,,
2025-07-21 20:15:00+00:00,sell,0.00030327066854376333,117000.0,0,117085.9,,0.007096533643924062,0.0,35.475571685976384,1.0
2025-07-21 20:20:00+00:00,buy,0.00030327065693202436,116918.15728989708,0,117004.0,35.46493793786256,0.007091569273717768,0.0,,
2025-07-21 20:21:00+00:00,sell,0.00030301195095271767,117000.0,0,116986.0,,0.007090479652293594,0.0,35.44530778181568,1.0
2025-07-21 21:00:00+00:00,buy,0.00030302143524647373,116918.15728989708,0,116907.8,35.435793569923256,0.007085741565671516,0.0,,
2025-07-21 21:02:00+00:00,sell,0.00030306585635453957,117000.0,0,117006.8,,0.007091741038696226,0.0,35.45161345244243,1.0
2025-07-22 01:04:00+00:00,buy,0.0003030009981166586,116918.15728989708,0,116899.9,35.433403620470656,0.0070852636713598606,0.0,,
2025-07-22 01:09:00+00:00,sell,0.0003029607306580542,117000.0,0,116966.2,,0.007089281097398468,0.0,35.43931620589494,1.0
2025-07-22 01:10:00+00:00,buy,0.00030323525547690174,116918.15728989708,0,116990.3,35.46079803714966,0.0070907414591381045,0.0,,
2025-07-22 01:11:00+00:00,sell,0.00030320345318475995,117000.0,0,117059.9,,0.007094960804523384,0.0,35.46770906181239,1.0
2025-07-22 01:14:00+00:00,buy,0.00030291374508101764,116918.15728989708,0,116866.2,35.42320011603274,0.0070832233785308426,0.0,,
2025-07-22 01:20:00+00:00,sell,0.0003029949831115867,117000.0,0,116979.4,,0.00709008260481113,0.0,35.44332294145084,1.0
2025-07-22 03:18:00+00:00,buy,0.00030278474540007896,116918.15728989708,0,116816.4,35.408114694565406,0.007080206897533575,0.0,,
2025-07-22 03:26:00+00:00,sell,0.00030308981176681207,117000.0,0,117016.0,,0.007092301595343402,0.0,35.454415675121666,1.0
2025-07-22 03:33:00+00:00,buy,0.00030290318550295803,116918.15728989708,0,116862.1,35.42196526270297,0.007082976457249144,0.0,,
2025-07-22 03:34:00+00:00,sell,0.00030330326613144137,117000.0,0,117098.4,,0.007097296427475728,0.0,35.47938484095116,1.0
2025-07-22 03:36:00+00:00,buy,0.00030304831274872665,116918.15728989708,0,116918.1,35.43893666645282,0.0070863700592787085,0.0,,
2025-07-22 03:48:00+00:00,sell,0.000303120956024688,117000.0,0,117028.0,,0.007093030370977699,0.0,35.45805882451752,1.0
2025-07-22 04:25:00+00:00,buy,0.0003030032612434848,116918.15728989708,0,116900.7,35.433668274009015,0.007085316591483507,0.0,,
2025-07-22 04:30:00+00:00,sell,0.00030318573969170104,117000.0,0,117053.0,,0.007094546308785804,0.0,35.46563699762024,1.0
2025-07-22 04:44:00+00:00,buy,0.00030293411357426526,116918.15728989708,0,116874.0,35.42558203901937,0.007083699667870299,0.0,,
2025-07-22 05:13:00+00:00,sell,0.0003035457923843534,117000.0,0,117192.0,,0.007102971541793869,0.0,35.507754737427554,1.0
2025-07-25 02:37:00+00:00,buy,0.0003030108386684931,116918.15728989708,0,116903.6,35.4345543897657,0.0070854937791973,0.0,,
2025-07-25 19:41:00+00:00,sell,0.0003030192608264099,117000.0,0,116988.7,,0.0070906507033379924,0.0,35.44616286598662,1.0
2025-07-25 19:47:00+00:00,buy,0.00030301268405694685,116918.15728989708,0,116904.3,35.43477019233508,0.0070855369310808,0.0,,
2025-07-25 20:33:00+00:00,sell,0.00030304856038270355,117000.0,0,117000.0,,0.007091336312955264,0.0,35.449590228463364,1.0
2025-07-25 20:36:00+00:00,buy,0.00030310495489802654,116918.15728989708,0,116939.9,35.445560486673045,0.007087694558422925,0.0,,
2025-07-25 20:37:00+00:00,sell,0.0003031211142622962,117000.0,0,117028.0,,0.007093034073737731,0.0,35.45807733461491,1.0
2025-07-30 18:49:00+00:00,buy,0.0003030018653242523,116918.15728989708,0,116900.1,35.433505033062964,0.007085283949822629,0.0,,
2025-07-30 19:49:00+00:00,sell,0.00030289373707317375,117000.0,0,116940.2,,0.007087713447512267,0.0,35.43147952411382,1.0
2025-07-30 19:52:00+00:00,buy,0.0003031187505207394,116918.15728989708,0,116945.2,35.447173768051066,0.007088017150180178,0.0,,
2025-07-30 19:53:00+00:00,sell,0.00030306393689841845,117000.0,0,117005.9,,0.007091696123422992,0.0,35.45138892099153,1.0
2025-07-30 19:59:00+00:00,buy,0.0003030382025129404,116918.15728989708,0,116914.1,35.4377543599009,0.00708613364525113,0.0,,
2025-07-30 20:02:00+00:00,sell,0.0003033001837350665,117000.0,0,117097.1,,0.007097224299400556,0.0,35.47902427270338,1.0
2025-07-31 19:35:00+00:00,buy,0.00030295454539101525,116918.15728989708,0,116881.8,35.42797136715393,0.007084177437943197,0.0,,
2025-07-31 19:37:00+00:00,sell,0.00030328778290644005,117000.0,0,117092.3,,0.007096934120010697,0.0,35.47757366593347,1.0
2025-07-31 19:48:00+00:00,buy,0.000302965459314837,116918.15728989708,0,116886.0,35.42924765822314,0.007084432645115605,0.0,,
2025-08-07 19:42:00+00:00,sell,0.00030307154307243346,117000.0,0,117008.8,,0.007091874107894943,0.0,35.45227866536682,1.0
2025-08-08 00:19:00+00:00,buy,0.0003029445040530354,116918.15728989708,0,116877.9,35.42679711761765,0.007083942634996531,0.0,,
2025-08-08 00:22:00+00:00,sell,0.00030306950266583685,117000.0,0,117008.0,,0.007091826362380583,0.0,35.45203998554053,1.0
2025-08-08 00:24:00+00:00,buy,0.0003032917277660355,116918.15728989708,0,117011.9,35.46740199366032,0.007092061986334797,0.0,,
2025-08-08 00:25:00+00:00,sell,0.0003031697703627596,117000.0,0,117046.7,,0.007094172626488575,0.0,35.463768959816385,1.0
2025-08-08 01:05:00+00:00,buy,0.0003029647771533428,116918.15728989708,0,116885.7,35.42916788520685,0.0070844166937026306,0.0,,
2025-08-08 01:07:00+00:00,sell,0.00030300300108012756,117000.0,0,116982.3,,0.007090270225274985,0.0,35.44426085614965,1.0
2025-08-08 01:09:00+00:00,buy,0.0003031054993525785,116918.15728989708,0,116940.0,35.44562415602732,0.0070877072897475146,0.0,,
2025-08-08 01:10:00+00:00,sell,0.0003030851381910296,117000.0,0,117014.0,,0.0070921922336700935,0.0,35.453868976116794,1.0
2025-08-08 01:15:00+00:00,buy,0.00030311563589853344,116918.15728989708,0,116943.9,35.44680953933091,0.007087944319002381,0.0,,
2025-08-08 01:16:00+00:00,sell,0.0003030546069748002,117000.0,0,117002.2,,0.007091477803210324,0.0,35.450297538248414,1.0
2025-08-08 01:19:00+00:00,buy,0.00030276847554567215,116918.15728989708,0,116809.9,35.40621207272051,0.00707982644925425,0.0,,
2025-08-08 01:22:00+00:00,sell,0.00030307717226021815,117000.0,0,117010.9,,0.007092005830889105,0.0,35.45293714861463,1.0
2025-08-08 01:26:00+00:00,buy,0.0003030939350293396,116918.15728989708,0,116935.5,35.44427180624805,0.007087436873874834,0.0,,
2025-08-08 01:31:00+00:00,sell,0.0003029557293885302,117000.0,0,116964.0,,0.007089164067691607,0.0,35.43873117439034,1.0
2025-08-08 01:34:00+00:00,buy,0.0003030022458489523,116918.15728989708,0,116900.1,35.433549532207735,0.007085292847871974,0.0,,
2025-08-08 14:03:00+00:00,sell,0.00030322357491259196,117000.0,0,117067.4,,0.007095431652954652,0.0,35.4700628331203,1.0
2025-08-08 14:10:00+00:00,buy,0.0003030517653944328,116918.15728989708,0,116919.2,35.439340424161955,0.007086450794673457,0.0,,
2025-08-09 05:23:00+00:00,sell,0.0003029715922037218,117000.0,0,116970.1,,0.00708953525756709,0.0,35.44058675257788,1.0
2025-08-09 05:25:00+00:00,buy,0.00030308988455342024,116918.15728989708,0,116933.9,35.44379813735257,0.0070873421590387075,0.0,,
2025-08-09 08:43:00+00:00,sell,0.00030308532821036354,117000.0,0,117014.0,,0.007092196680122507,0.0,35.453891203932415,1.0
2025-08-09 08:51:00+00:00,buy,0.0003030018227817847,116918.15728989708,0,116899.9,35.43350005808125,0.0070852829550252456,0.0,,
2025-08-09 08:55:00+00:00,sell,0.00030312162093115843,117000.0,0,117028.0,,0.007093045929789108,0.0,35.458136603015745,1.0
2025-08-09 13:14:00+00:00,buy,0.0003030225823774971,116918.15728989708,0,116907.9,35.435927717192754,0.0070857683897606,0.0,,
2025-08-09 13:24:00+00:00,sell,0.0003030905716877199,117000.0,0,117016.0,,0.007092319377492646,0.0,35.45450456808574,1.0
2025-08-09 13:33:00+00:00,buy,0.00030304904212507356,116918.15728989708,0,116918.1,35.439021960846745,0.0070863871147464,0.0,,
2025-08-09 13:42:00+00:00,sell,0.00030305719139122196,117000.0,0,117003.1,,0.007091538278554595,0.0,35.45059985449442,1.0
2025-08-09 14:01:00+00:00,buy,0.00030302316398639947,116918.15728989708,0,116908.1,35.43599573143401,0.007085781989888826,0.0,,
2025-08-09 14:15:00+00:00,sell,0.0003030895990010514,117000.0,0,117015.6,,0.0070922966166246035,0.0,35.45439078650639,1.0
2025-08-09 14:18:00+00:00,buy,0.0003030115362699179,116918.15728989708,0,116903.6,35.434635968351266,0.007085510091651924,0.0,,
2025-08-09 15:02:00+00:00,sell,0.0003031007679871037,117000.0,0,117019.9,,0.0070925579708982275,0.0,35.455697296520235,1.0
2025-08-09 15:10:00+00:00,buy,0.0003030449916723259,116918.15728989708,0,116916.5,35.438548294661,0.007086292400452109,0.0,,
2025-08-09 15:14:00+00:00,sell,0.000303054696328669,117000.0,0,117002.1,,0.0070914798940908555,0.0,35.450307990560184,1.0
2025-08-09 15:21:00+00:00,buy,0.00030284681313707976,116918.15728989708,0,116840.0,35.41537299137178,0.007081658266621033,0.0,,
2025-08-09 20:40:00+00:00,sell,0.0003029664064457119,117000.0,0,116968.0,,0.007089413910829659,0.0,35.439980140237466,1.0
2025-08-09 20:41:00+00:00,buy,0.0003028805276448996,116918.15728989708,0,116853.0,35.419315617867646,0.0070824466342466795,0.0,,
