entry_timestamp,exit_timestamp,entry_price,exit_price,entry_level,exit_level,size,pnl,return_pct,holding_period,direction
2024-07-15 02:44:00+00:00,2024-07-15 02:47:00+00:00,62259.13608434619,62360.21626436774,16,16,0.05698136975076009,4.339490833425316,0.0012229704124450916,0.05,
2024-07-15 02:43:00+00:00,2024-07-15 02:48:00+00:00,62360.21626436774,62461.4605520759,15,15,0.057114946903556854,4.356725427983292,0.0012229704124449873,0.08333333333333333,
2024-07-15 02:41:00+00:00,2024-07-15 02:55:00+00:00,62461.4605520759,62562.86921390602,14,14,0.05729524271835236,6.3008185783178305,0.001761216863761074,0.23333333333333334,
2024-07-15 03:01:00+00:00,2024-07-15 03:05:00+00:00,62360.21626436774,62461.4605520759,15,15,0.05736754053322835,4.375993258016933,0.001222970412444898,0.06666666666666667,
2024-07-06 05:00:00+00:00,2024-07-15 03:06:00+00:00,56063.7,62664.44251672601,0,13,0.05741616742986233,377.6259545198759,0.11728947165228637,214.1,
2024-07-15 03:02:00+00:00,2024-07-15 03:07:00+00:00,62461.4605520759,62663.9,14,14,0.05708247370330805,15.349090159647858,0.004310396859220436,0.08333333333333333,
2024-07-15 03:09:00+00:00,2024-07-15 03:21:00+00:00,62461.4605520759,62562.86921390602,14,14,0.057355629281509175,6.519717624189525,0.001820593139346582,0.2,
2024-07-06 05:00:00+00:00,2024-07-15 03:22:00+00:00,56063.7,62664.44251672601,0,13,0.0012727118502824167,8.370621878911692,0.11728947165228841,214.36666666666667,
2024-07-15 02:28:00+00:00,2024-07-15 03:22:00+00:00,61730.7,62664.44251672601,1,13,0.05617318081112109,51.05375305655798,0.014720094731993814,0.9,
2024-07-15 03:26:00+00:00,2024-07-15 03:45:00+00:00,62461.4605520759,62562.86921390602,14,14,0.05734939822114221,4.381711715353049,0.0012229704124451313,0.31666666666666665,
2024-07-15 03:23:00+00:00,2024-07-15 03:47:00+00:00,62562.86921390602,62664.44251672601,13,13,0.0575055552268121,4.400775956758935,0.0012229704124450942,0.4,
2024-07-15 02:28:00+00:00,2024-07-15 03:48:00+00:00,61730.7,62766.18072783706,1,12,0.002598359354151966,2.625853508299002,0.016367533104861543,1.3333333333333333,
2024-07-15 02:29:00+00:00,2024-07-15 03:48:00+00:00,62086.2,62766.18072783706,2,12,0.05490979802097273,35.966480622046674,0.010547903976025765,1.3166666666666667,
2024-07-15 03:49:00+00:00,2024-07-15 04:04:00+00:00,62664.44251672601,62766.18072783706,12,12,0.057675478107337703,4.420945734628731,0.0012229704124449743,0.25,
2024-07-15 04:12:00+00:00,2024-07-15 04:19:00+00:00,62562.86921390602,62664.44251672601,13,13,0.05752426826777661,4.402208025372147,0.001222970412444955,0.11666666666666667,
2024-07-15 04:06:00+00:00,2024-07-15 04:20:00+00:00,62664.44251672601,62766.18072783706,12,12,0.05769899286711666,4.42274819002796,0.0012229704124448403,0.23333333333333334,
2024-07-15 04:22:00+00:00,2024-07-15 04:24:00+00:00,62664.44251672601,62766.18072783706,12,12,0.05770097001183921,4.422899742296522,0.0012229704124449348,0.03333333333333333,
2024-07-15 04:32:00+00:00,2024-07-15 04:33:00+00:00,62461.4605520759,62562.86921390602,14,14,0.057399708605704515,4.385555619705428,0.001222970412445073,0.016666666666666666,
2024-07-15 04:35:00+00:00,2024-07-15 04:47:00+00:00,62461.4605520759,62562.86921390602,14,14,0.0573794178284567,4.384005327302475,0.0012229704124450934,0.2,
2024-07-15 04:49:00+00:00,2024-07-15 04:54:00+00:00,62461.4605520759,62562.86921390602,14,14,0.05738468926113689,4.384408084768893,0.001222970412445077,0.08333333333333333,
2024-07-15 04:30:00+00:00,2024-07-15 05:05:00+00:00,62562.86921390602,62664.44251672601,13,13,0.05753167784452131,4.402775064279467,0.001222970412445017,0.5833333333333334,
2024-07-15 04:25:00+00:00,2024-07-15 05:17:00+00:00,62664.44251672601,62766.18072783706,12,12,0.057731177452975554,4.425215205686527,0.0012229704124449962,0.8666666666666667,
2024-07-15 05:22:00+00:00,2024-07-15 05:30:00+00:00,62664.44251672601,62766.18072783706,12,12,0.05772166452084106,4.424486019590404,0.0012229704124450953,0.13333333333333333,
2024-07-15 02:29:00+00:00,2024-07-15 05:42:00+00:00,62086.2,62868.08411497433,2,11,0.003758027681018128,2.844425815708803,0.012188568631505942,3.216666666666667,
2024-07-15 02:30:00+00:00,2024-07-15 05:42:00+00:00,62217.4,62868.08411497433,3,11,0.053844431620758484,33.68868497621361,0.01005413131647071,3.2,
2024-07-15 05:54:00+00:00,2024-07-15 06:10:00+00:00,62766.18072783706,62868.08411497433,11,11,0.05786145117325277,4.442401683053504,0.0012229704124448084,0.26666666666666666,
2024-07-15 02:30:00+00:00,2024-07-15 06:26:00+00:00,62217.4,62970.15294630765,3,10,0.004690400588983484,3.413276908305761,0.011693994312427252,3.933333333333333,
2024-07-15 02:31:00+00:00,2024-07-15 06:26:00+00:00,62086.3,62970.15294630765,4,10,0.05307043746348591,45.57910238083923,0.01383026403142139,3.9166666666666665,
2024-07-15 06:27:00+00:00,2024-07-15 06:29:00+00:00,62766.18072783706,62868.08411497433,11,11,0.0581272543885915,4.462809132698567,0.0012229704124449344,0.03333333333333333,
2024-07-15 06:28:00+00:00,2024-07-15 06:38:00+00:00,62868.08411497433,62970.15294630765,10,10,0.05780793084262638,6.595464976054245,0.0018155067289189661,0.16666666666666666,
2024-07-15 06:39:00+00:00,2024-07-15 06:44:00+00:00,62868.08411497433,62970.15294630765,10,10,0.0580371637612012,4.463126604657191,0.00122297041244496,0.08333333333333333,
2024-07-15 07:25:00+00:00,2024-07-15 07:31:00+00:00,62766.18072783706,62868.08411497433,11,11,0.05788825485130171,4.44445957655762,0.0012229704124449583,0.1,
2024-07-15 02:31:00+00:00,2024-07-15 07:43:00+00:00,62086.3,63072.387490442256,4,9,0.005339288835861641,5.131354252335257,0.015476257728808049,5.2,
2024-07-15 02:32:00+00:00,2024-07-15 07:43:00+00:00,62109.3,63072.387490442256,5,9,0.05250793071705873,49.25512494784971,0.015100211727199107,5.183333333333334,
2024-07-15 07:00:00+00:00,2024-07-15 07:44:00+00:00,62868.08411497433,63074.2,10,10,0.05804111375130846,10.501229441043051,0.002877314499068644,0.7333333333333333,
2024-07-15 07:46:00+00:00,2024-07-15 08:18:00+00:00,62868.08411497433,62970.15294630765,10,10,0.058062059761678934,4.465041136569198,0.0012229704124450613,0.5333333333333333,
2024-07-15 07:45:00+00:00,2024-07-15 08:26:00+00:00,62970.15294630765,63072.387490442256,9,9,0.058199879576053735,4.482906022170937,0.0012229704124449834,0.6833333333333333,
2024-07-15 08:34:00+00:00,2024-07-15 08:44:00+00:00,62970.15294630765,63072.387490442256,9,9,0.058217667201594735,4.58634898770697,0.0012508429661245704,0.16666666666666666,
2024-07-15 02:32:00+00:00,2024-07-15 08:45:00+00:00,62109.3,63174.78801641945,5,8,0.00579140716388437,6.025560698352535,0.01674826723510476,6.216666666666667,
2024-07-15 02:33:00+00:00,2024-07-15 08:45:00+00:00,62170.7,63174.78801641945,6,8,0.052182298182541643,51.08745714801489,0.015744123102769195,6.2,
2024-07-15 09:08:00+00:00,2024-07-15 09:15:00+00:00,62562.86921390602,62664.44251672601,13,13,0.0575973960479673,4.407804336468871,0.0012229704124449782,0.11666666666666667,
2024-07-15 09:06:00+00:00,2024-07-15 09:21:00+00:00,62664.44251672601,62766.18072783706,12,12,0.057749369295982546,4.42660964840934,0.001222970412444923,0.25,
2024-07-15 09:28:00+00:00,2024-07-15 09:37:00+00:00,62664.44251672601,62766.18072783706,12,12,0.041142702874581716,3.153674018028596,0.001222970412445033,0.15,
2024-07-15 09:03:00+00:00,2024-07-15 09:39:00+00:00,62766.18072783706,62868.08411497433,11,11,0.05791098146520203,4.446204447206128,0.0012229704124449173,0.6,
2024-07-15 10:45:00+00:00,2024-07-15 12:34:00+00:00,62664.44251672601,62766.18072783706,12,12,0.04224980072370354,3.238535378081451,0.0012229704124450027,1.8166666666666667,
2024-07-15 12:50:00+00:00,2024-07-15 13:03:00+00:00,62562.86921390602,62669.5,13,13,0.057672561081599044,4.705176231607311,0.0013037764999648494,0.21666666666666667,
2024-07-15 12:47:00+00:00,2024-07-15 13:13:00+00:00,62664.44251672601,62766.18072783706,12,12,0.057841662035795785,4.433684079481736,0.0012229704124450346,0.43333333333333335,
2024-07-15 10:20:00+00:00,2024-07-15 13:20:00+00:00,62766.18072783706,62868.08411497433,11,11,0.03941312718724601,5.973935112051095,0.0024172679150468676,3.0,
2024-07-15 08:51:00+00:00,2024-07-15 13:21:00+00:00,62868.08411497433,62970.15294630765,10,10,0.058072525120232525,4.465845935031666,0.0012229704124449348,4.5,
2024-07-15 13:33:00+00:00,2024-07-15 13:36:00+00:00,62562.86921390602,62664.44251672601,13,13,0.05761155478331349,4.408887873908952,0.0012229704124450324,0.05,
2024-07-15 13:32:00+00:00,2024-07-15 13:38:00+00:00,62664.44251672601,62766.18072783706,12,12,0.057760766554297245,4.427483272039353,0.0012229704124449904,0.1,
2024-07-15 13:39:00+00:00,2024-07-15 13:40:00+00:00,62664.44251672601,62766.18072783706,12,12,0.05778021948732852,4.428974379944066,0.0012229704124450062,0.016666666666666666,
2024-07-15 13:30:00+00:00,2024-07-15 13:41:00+00:00,62766.18072783706,62868.08411497433,11,11,0.05793949551619231,4.448393657216457,0.0012229704124449685,0.18333333333333332,
2024-07-15 13:22:00+00:00,2024-07-15 14:03:00+00:00,62868.08411497433,62970.15294630765,10,10,0.05809339396292181,4.4674507737418025,0.0012229704124450081,0.6833333333333333,
2024-07-15 14:07:00+00:00,2024-07-15 14:09:00+00:00,62868.08411497433,62970.15294630765,10,10,0.058098574084670895,4.467849131237017,0.0012229704124449685,0.03333333333333333,
2024-07-15 14:12:00+00:00,2024-07-15 14:15:00+00:00,62868.08411497433,62970.15294630765,10,10,0.05811232184155399,4.468906350017733,0.0012229704124450086,0.05,
2024-07-15 14:19:00+00:00,2024-07-15 14:30:00+00:00,62766.18072783706,62872.1,11,11,0.057975168351998646,4.683907540036671,0.0012869264943080098,0.18333333333333332,
2024-07-15 14:17:00+00:00,2024-07-15 14:34:00+00:00,62868.08411497433,62970.15294630765,10,10,0.05810282435071802,4.468175981728109,0.0012229704124449927,0.2833333333333333,
2024-07-15 08:49:00+00:00,2024-07-15 14:50:00+00:00,62970.15294630765,63072.387490442256,9,9,0.0582128502715499,4.483905103430061,0.0012229704124450595,6.016666666666667,
2024-07-15 08:47:00+00:00,2024-07-15 14:58:00+00:00,63072.387490442256,63174.78801641945,8,8,0.058382315592047665,4.504259335783445,0.001222970412445066,6.183333333333334,
2024-07-15 02:33:00+00:00,2024-07-15 15:02:00+00:00,62170.7,63277.35479371736,6,7,0.006017293599733048,6.508095251907207,0.017393224026365593,12.483333333333333,
2024-07-15 02:34:00+00:00,2024-07-15 15:02:00+00:00,62277.5,63277.35479371736,7,7,0.05209320235139738,50.77752719973887,0.015648491236417875,12.466666666666667,
2024-07-15 15:08:00+00:00,2024-07-15 15:09:00+00:00,62970.15294630765,63072.387490442256,9,9,0.05829366027041874,4.490129577315656,0.0012229704124449901,0.016666666666666666,
2024-07-15 15:11:00+00:00,2024-07-15 15:17:00+00:00,62970.15294630765,63072.387490442256,9,9,0.05828209728478932,4.4892389263677615,0.001222970412444993,0.1,
2024-07-15 15:21:00+00:00,2024-07-15 15:25:00+00:00,62970.15294630765,63072.387490442256,9,9,0.05828847106967694,4.489729873752367,0.0012229704124450188,0.06666666666666667,
2024-07-15 15:45:00+00:00,2024-07-15 15:48:00+00:00,62868.08411497433,62970.15294630765,10,10,0.05814309590984472,4.471272912302993,0.0012229704124449088,0.05,
2024-07-15 16:06:00+00:00,2024-07-15 16:08:00+00:00,62868.08411497433,62970.15294630765,10,10,0.05813976244849837,4.47101656517907,0.0012229704124449544,0.03333333333333333,
2024-07-15 15:42:00+00:00,2024-07-15 16:17:00+00:00,62970.15294630765,63072.387490442256,9,9,0.058289639566597384,4.489819878438084,0.0012229704124449648,0.5833333333333334,
2024-07-15 15:06:00+00:00,2024-07-15 16:22:00+00:00,63072.387490442256,63174.78801641945,8,8,0.05842670861119137,4.507684305637213,0.0012229704124449466,1.2666666666666666,
2024-07-15 15:05:00+00:00,2024-07-15 16:35:00+00:00,63174.78801641945,63277.35479371736,7,7,0.05858178288580012,4.526986283853148,0.0012229704124451656,1.5,
2024-07-15 02:34:00+00:00,2024-07-15 16:36:00+00:00,62277.5,63380.088092251586,7,6,0.006017293599733048,6.483372550530476,0.01729743689788271,14.033333333333333,
2024-07-15 02:35:00+00:00,2024-07-15 16:36:00+00:00,62400.3,63380.088092251586,8,6,0.052182298182541643,49.81489244218665,0.015295457336068132,14.016666666666667,
2024-07-15 02:35:00+00:00,2024-07-15 16:42:00+00:00,62400.3,63482.988182375986,8,5,0.00579140716388437,6.1244798202664015,0.01694382983297381,14.116666666666667,
2024-07-15 02:36:00+00:00,2024-07-15 16:42:00+00:00,62330.0,63482.988182375986,9,5,0.05250793071705873,59.21978766442862,0.018090808033476145,14.1,
2024-07-15 16:46:00+00:00,2024-07-15 16:47:00+00:00,63380.088092251586,63482.988182375986,5,5,0.05891375096518596,4.567434347420203,0.001222970412445043,0.016666666666666666,
2024-07-15 02:36:00+00:00,2024-07-15 16:54:00+00:00,62330.0,63586.05533488333,9,4,0.005339288835861641,6.5719817890658305,0.01974371889325533,14.3,
2024-07-15 02:37:00+00:00,2024-07-15 16:54:00+00:00,62319.7,63586.05533488333,10,4,0.05307043746348591,65.86965690351872,0.019912258862231778,14.283333333333333,
2024-07-15 17:03:00+00:00,2024-07-15 17:05:00+00:00,63277.35479371736,63380.088092251586,6,6,0.05875748207505052,4.547935461127054,0.001222970412444961,0.03333333333333333,
2024-07-15 16:59:00+00:00,2024-07-15 17:06:00+00:00,63482.988182375986,63586.05533488333,4,4,0.05903819955347099,4.584513607488134,0.00122297041244495,0.11666666666666667,
2024-07-15 02:37:00+00:00,2024-07-15 17:07:00+00:00,62319.7,63689.28982100602,10,3,0.004690400588983484,6.30571837509774,0.021568126919769986,14.5,
2024-07-15 02:38:00+00:00,2024-07-15 17:07:00+00:00,62418.7,63689.28982100602,11,3,0.053844431620758484,67.05614412824116,0.019947855357480802,14.483333333333333,
2024-07-15 17:00:00+00:00,2024-07-15 17:08:00+00:00,63380.088092251586,63638.3,5,5,0.05890324286509678,13.713159720338808,0.0036724732451557498,0.13333333333333333,
2024-07-15 17:09:00+00:00,2024-07-15 17:25:00+00:00,63586.05533488333,63689.28982100602,3,3,0.05920631844982598,4.6050329371623775,0.0012229704124450554,0.26666666666666666,
2024-07-15 17:42:00+00:00,2024-07-15 17:51:00+00:00,63277.35479371736,63380.088092251586,6,6,0.0587856254405769,4.550113808556944,0.0012229704124449249,0.15,
2024-07-15 17:59:00+00:00,2024-07-15 18:03:00+00:00,63072.387490442256,63174.78801641945,8,8,0.058481652975041015,4.511923323245355,0.0012229704124448555,0.06666666666666667,
2024-07-15 17:56:00+00:00,2024-07-15 18:08:00+00:00,63174.78801641945,63277.35479371736,7,7,0.0586241618023298,4.530261171785696,0.0012229704124450983,0.2,
2024-07-15 17:54:00+00:00,2024-07-15 18:20:00+00:00,63277.35479371736,63380.088092251586,6,6,0.05877550780604325,4.5493306853318245,0.0012229704124449973,0.43333333333333335,
2024-07-15 17:28:00+00:00,2024-07-15 18:32:00+00:00,63482.988182375986,63586.05533488333,4,4,0.05906388014509269,4.586507791298573,0.0012229704124449906,1.0666666666666667,
2024-07-15 17:36:00+00:00,2024-07-15 18:33:00+00:00,63380.088092251586,63572.4,5,5,0.05892093790761176,9.835166041718821,0.0026331303339394625,0.95,
2024-07-15 18:35:00+00:00,2024-07-15 18:37:00+00:00,63380.088092251586,63482.988182375986,5,5,0.0589403076094595,4.5694932169913045,0.001222970412444927,0.03333333333333333,
2024-07-15 18:34:00+00:00,2024-07-15 18:42:00+00:00,63482.988182375986,63586.05533488333,4,4,0.05907794446802539,4.587599933002821,0.0012229704124450402,0.13333333333333333,
2024-07-15 19:03:00+00:00,2024-07-15 19:07:00+00:00,63380.088092251586,63482.988182375986,5,5,0.05894185391422917,4.569613098095488,0.0012229704124449303,0.06666666666666667,
2024-07-15 18:47:00+00:00,2024-07-15 19:10:00+00:00,63482.988182375986,63586.05533488333,4,4,0.05908824675897839,4.588399940344061,0.0012229704124450133,0.38333333333333336,
2024-07-15 19:13:00+00:00,2024-07-15 19:14:00+00:00,63482.988182375986,63586.05533488333,4,4,0.05909767383789898,4.589131984544565,0.0012229704124450177,0.016666666666666666,
2024-07-15 17:26:00+00:00,2024-07-15 19:21:00+00:00,63586.05533488333,63689.28982100602,3,3,0.059196922804607595,5.667415302487825,0.0015057741100014382,1.9166666666666667,
2024-07-15 02:38:00+00:00,2024-07-15 19:26:00+00:00,62418.7,63792.69191241684,11,2,0.003758027681018128,5.068638459464097,0.021603781207342097,16.8,
2024-07-15 02:39:00+00:00,2024-07-15 19:26:00+00:00,62308.1,63792.69191241684,12,2,0.05490979802097273,80.1338082515399,0.0234171791155044,16.783333333333335,
2024-07-15 19:27:00+00:00,2024-07-15 19:32:00+00:00,63482.988182375986,63586.05533488333,4,4,0.05955583640485227,4.624709839874413,0.0012229704124450578,0.08333333333333333,
2024-07-15 19:28:00+00:00,2024-07-15 19:33:00+00:00,63380.088092251586,63714.0,5,5,0.05941741858721481,18.32986306751536,0.004866377014185616,0.08333333333333333,
2024-07-15 19:29:00+00:00,2024-07-15 19:34:00+00:00,63277.35479371736,63524.6,6,6,0.059289547898458146,13.155450386087068,0.003505842618700644,0.08333333333333333,
2024-07-15 19:36:00+00:00,2024-07-15 19:37:00+00:00,63482.988182375986,63586.05533488333,4,4,0.059149642777067774,4.5931675464448745,0.0012229704124449943,0.016666666666666666,
2024-07-15 02:39:00+00:00,2024-07-15 19:42:00+00:00,62308.1,63689.28982100602,12,3,0.002598359354151966,3.5233501919825017,0.021758313914274408,17.05,
2024-07-15 02:40:00+00:00,2024-07-15 19:42:00+00:00,62376.5,63689.28982100602,13,3,0.05616722063450331,72.31960251690771,0.020637887653234547,17.033333333333335,
2024-07-15 19:51:00+00:00,2024-07-15 19:55:00+00:00,63277.35479371736,63380.088092251586,6,6,0.05886626024997227,4.556355088750024,0.001222970412445016,0.06666666666666667,
2024-07-15 19:56:00+00:00,2024-07-15 19:59:00+00:00,63277.35479371736,63380.088092251586,6,6,0.0588679343439999,4.556484666657525,0.0012229704124449418,0.05,
2024-07-15 20:09:00+00:00,2024-07-15 20:18:00+00:00,63277.35479371736,63380.088092251586,6,6,0.05886602751498049,4.556337074639941,0.0012229704124448874,0.15,
2024-07-15 19:49:00+00:00,2024-07-15 20:19:00+00:00,63380.088092251586,63482.988182375986,5,5,0.05901713020131952,4.575449078551628,0.0012229704124450576,0.5,
2024-07-15 19:47:00+00:00,2024-07-15 20:26:00+00:00,63482.988182375986,63586.05533488333,4,4,0.059144426848094254,4.592762512119407,0.001222970412445093,0.65,
2024-07-15 19:46:00+00:00,2024-07-15 20:33:00+00:00,63586.05533488333,63689.28982100602,3,3,0.059294026614799995,4.611854827107891,0.0012229704124449672,0.7833333333333333,
2024-07-15 21:22:00+00:00,2024-07-15 22:07:00+00:00,63586.05533488333,63689.28982100602,3,3,0.059308368220896676,4.612970308870445,0.0012229704124450199,0.75,
2024-07-15 02:40:00+00:00,2024-07-15 22:11:00+00:00,62376.5,64000.0,13,0,0.0012489467953590225,1.9960976173288145,0.025617101295782096,19.516666666666666,
2024-07-15 03:08:00+00:00,2024-07-15 22:11:00+00:00,62450.1,64000.0,13,0,0.057439932484785725,87.57349431683042,0.02440836954586467,19.05,
2024-07-15 19:30:00+00:00,2024-07-15 22:12:00+00:00,63354.2,64084.0,3,1,0.058765579988655274,41.38932432857882,0.011114835728252672,2.7,
2024-07-16 09:38:00+00:00,2024-07-16 09:46:00+00:00,63072.387490442256,63174.78801641945,8,8,0.041183088272393406,3.9470826760370983,0.001519707078019695,0.13333333333333333,
2024-07-16 09:47:00+00:00,2024-07-16 09:49:00+00:00,63072.387490442256,63174.78801641945,8,8,0.05894935153899245,4.548006777655701,0.0012229704124449737,0.03333333333333333,
2024-07-16 09:39:00+00:00,2024-07-16 10:06:00+00:00,63174.78801641945,63277.35479371736,7,7,0.04239230327725943,4.479596499944364,0.001673078955823676,0.45,
2024-07-15 19:31:00+00:00,2024-07-16 10:33:00+00:00,63285.9,63380.088092251586,2,6,0.04382939733410836,3.017868535274374,0.0010877798436597353,15.033333333333333,
2024-07-15 19:31:00+00:00,2024-07-16 10:39:00+00:00,63285.9,63482.988182375986,2,5,0.014620989122309587,2.5109268636226716,0.0027130856119066582,15.133333333333333,
2024-07-16 09:40:00+00:00,2024-07-16 10:39:00+00:00,63120.1,63482.988182375986,6,5,0.03154124375211054,10.647300842255618,0.005346950729269706,0.9833333333333333,
2024-07-16 09:40:00+00:00,2024-07-16 10:40:00+00:00,63120.1,63586.05533488333,6,4,0.012288153581997821,5.414333778089372,0.0069791714305998355,1.0,
2024-07-16 09:41:00+00:00,2024-07-16 10:40:00+00:00,63148.1,63586.05533488333,5,4,0.0364869204566239,15.05481365847345,0.006532674753739512,0.9833333333333333,
2024-07-16 10:46:00+00:00,2024-07-16 11:06:00+00:00,63482.988182375986,63586.05533488333,4,4,0.059320491190487226,4.606434497030477,0.0012229704124449923,0.3333333333333333,
2024-07-16 11:03:00+00:00,2024-07-16 11:07:00+00:00,63380.088092251586,63483.4,5,5,0.059178232548744596,4.612304701736775,0.001229465400733869,0.06666666666666667,
2024-07-16 11:04:00+00:00,2024-07-16 11:08:00+00:00,63277.35479371736,63392.1,6,6,0.05903197333809479,5.278126382324444,0.0014127239820310603,0.06666666666666667,
2024-07-16 11:05:00+00:00,2024-07-16 11:09:00+00:00,63174.78801641945,63363.9,7,7,0.05890677179063155,9.649179336119232,0.0025923552230418924,0.06666666666666667,
2024-07-16 11:11:00+00:00,2024-07-16 11:12:00+00:00,63380.088092251586,63482.988182375986,5,5,0.059202837191760456,6.957728469468748,0.0018550659807384006,0.016666666666666666,
2024-07-16 09:41:00+00:00,2024-07-16 11:16:00+00:00,63148.1,63586.05533488333,5,4,0.009675312417796227,3.9921161806628334,0.006532674753739946,1.5833333333333333,
2024-07-16 09:42:00+00:00,2024-07-16 11:16:00+00:00,63180.0,63586.05533488333,4,4,0.04877507403862172,18.568774275803207,0.006024469747018532,1.5666666666666667,
2024-07-16 09:43:00+00:00,2024-07-16 11:16:00+00:00,63213.3,63586.05533488333,3,4,0.000868466796937431,0.3017014257311672,0.005494508254063835,1.55,
2024-07-16 09:43:00+00:00,2024-07-16 11:22:00+00:00,63213.3,63689.28982100602,3,3,0.050745258345012714,22.86628549552279,0.007126968520896234,1.65,
2024-07-16 09:44:00+00:00,2024-07-16 11:22:00+00:00,63235.2,63689.28982100602,0,3,0.000868466796937431,0.37231599134545235,0.006778174168848949,1.6333333333333333,
2024-07-16 09:44:00+00:00,2024-07-16 11:23:00+00:00,63235.2,63792.69191241684,0,2,0.053347528156812006,28.3854906867532,0.008412718518273942,1.65,
2024-07-16 09:45:00+00:00,2024-07-16 11:23:00+00:00,63238.3,63792.69191241684,1,2,0.005102858299605939,2.6993391412331675,0.00836328519341511,1.6333333333333333,
2024-07-16 11:37:00+00:00,2024-07-16 11:40:00+00:00,63586.05533488333,63689.28982100602,3,3,0.05946268926909207,4.624973310043515,0.0012229704124448824,0.05,
2024-07-16 11:24:00+00:00,2024-07-16 11:45:00+00:00,63689.28982100602,63792.69191241684,2,2,0.0595947355319316,4.731572539719764,0.0012463915859355307,0.35,
2024-07-16 11:53:00+00:00,2024-07-16 12:00:00+00:00,63689.28982100602,63792.69191241684,2,2,0.05960038834121227,4.64320967981439,0.0012229704124449995,0.11666666666666667,
2024-07-16 12:07:00+00:00,2024-07-16 12:15:00+00:00,63689.28982100602,63792.69191241684,2,2,0.059601835365555376,4.6433224112515745,0.0012229704124449888,0.13333333333333333,
2024-07-16 09:45:00+00:00,2024-07-16 12:22:00+00:00,63238.3,63896.26188122962,1,1,0.051625864481477615,32.65516458181992,0.010000403033540467,2.6166666666666667,
2024-07-16 11:10:00+00:00,2024-07-16 12:22:00+00:00,63346.1,63896.26188122962,4,1,0.005102858299605939,2.6775381732819596,0.008281622501715843,1.2,
2024-07-16 11:10:00+00:00,2024-07-16 12:26:00+00:00,63346.1,64000.0,4,0,0.05421599495374944,34.07099999726097,0.009918607759218129,1.2666666666666666,
2024-07-21 20:26:00+00:00,2024-07-25 03:46:00+00:00,67949.0,64000.0,39,-3,0.17079194379220905,669.9502207971454,0.05772874067315188,79.33333333333333,short
2024-07-25 08:22:00+00:00,2024-07-25 08:23:00+00:00,63896.26188122962,64034.0,0,0,0.04111524992725014,4.611160239652236,0.0017548701154766159,0.016666666666666666,
2024-07-25 13:57:00+00:00,2024-07-25 13:59:00+00:00,63792.69191241684,63896.26188122962,1,1,0.05010259634168331,3.9096147187042334,0.0012229704124448917,0.03333333333333333,
2024-07-25 13:58:00+00:00,2024-07-25 14:00:00+00:00,63896.26188122962,64039.9,0,0,0.04861684914358948,10.42014748298061,0.003358764297297218,0.03333333333333333,
2024-07-25 14:07:00+00:00,2024-07-25 14:16:00+00:00,63586.05533488333,63689.28982100602,3,3,0.04085844487679462,3.177946025783058,0.0012229704124450424,0.15,
2024-07-25 14:06:00+00:00,2024-07-25 14:17:00+00:00,63689.28982100602,63792.69191241684,2,2,0.04218653629643101,3.2865714325221234,0.0012229704124451452,0.18333333333333332,
2024-07-25 14:02:00+00:00,2024-07-25 14:19:00+00:00,63792.69191241684,63896.26188122962,1,1,0.046225917218206056,3.607109003083224,0.0012229704124450853,0.2833333333333333,
2024-08-01 18:31:00+00:00,2024-08-01 18:37:00+00:00,62970.15294630765,63072.387490442256,9,9,0.059364431738356954,4.572606859003372,0.0012229704124449728,0.1,
2024-08-01 18:42:00+00:00,2024-08-01 19:00:00+00:00,62868.08411497433,62970.15294630765,10,10,0.05918223674073027,4.551184072458909,0.0012229704124449357,0.3,
2024-08-01 18:38:00+00:00,2024-08-01 19:02:00+00:00,62970.15294630765,63072.387490442256,9,9,0.05934302990877329,4.570958360906843,0.001222970412445096,0.4,
2024-08-01 18:25:00+00:00,2024-08-01 19:04:00+00:00,63072.387490442256,63174.78801641945,8,8,0.05338114306912001,4.118413419981152,0.0012229704124450073,0.65,
2024-08-01 18:22:00+00:00,2024-08-01 19:12:00+00:00,63174.78801641945,63277.35479371736,7,7,0.044768396350543554,5.285917496965794,0.0018698152022049864,0.8333333333333334,
2024-08-01 19:15:00+00:00,2024-08-01 19:22:00+00:00,63174.78801641945,63277.35479371736,7,7,0.05958953227412791,4.604861477022951,0.0012229704124449015,0.11666666666666667,
2024-07-25 14:01:00+00:00,2024-08-01 19:30:00+00:00,63896.26188122962,63380.088092251586,0,6,0.04266667455441536,-23.10951078840435,-0.008474998988647555,173.48333333333332,
2024-08-01 19:34:00+00:00,2024-08-01 19:38:00+00:00,63277.35479371736,63380.088092251586,6,6,0.05966661823322255,4.618304245267154,0.0012229704124450138,0.06666666666666667,
2024-08-01 19:42:00+00:00,2024-08-01 19:49:00+00:00,63277.35479371736,63380.088092251586,6,6,0.059669506418026236,4.618527795998034,0.0012229704124449034,0.11666666666666667,
2024-07-25 14:01:00+00:00,2024-08-01 19:52:00+00:00,63896.26188122962,63482.988182375986,0,5,0.004568530720778133,-2.0044407927235284,-0.006865218771615272,173.85,
2024-08-01 18:21:00+00:00,2024-08-01 19:52:00+00:00,63150.2,63482.988182375986,6,5,0.04266667455441536,13.118361667398403,0.004867760747021587,1.5166666666666666,
2024-08-01 18:23:00+00:00,2024-08-01 19:52:00+00:00,63206.5,63482.988182375986,5,5,0.00039759970722110655,0.09985727968092206,0.003972693705972534,1.4833333333333334,
2024-08-01 19:54:00+00:00,2024-08-01 19:59:00+00:00,63380.088092251586,63482.988182375986,5,5,0.05978534802481252,4.635007066556227,0.0012229704124449147,0.08333333333333333,
2024-08-01 20:02:00+00:00,2024-08-01 20:09:00+00:00,63380.088092251586,63482.988182375986,5,5,0.05978905380261997,4.635294366152266,0.0012229704124449674,0.11666666666666667,
2024-08-01 20:22:00+00:00,2024-08-01 20:29:00+00:00,63380.088092251586,63482.988182375986,5,5,0.05978783040363609,4.635199519117577,0.0012229704124447798,0.11666666666666667,
2024-08-01 18:23:00+00:00,2024-08-01 20:30:00+00:00,63206.5,63586.05533488333,5,4,0.047235205275193495,16.730559680787337,0.005602683246448344,2.1166666666666667,
2024-08-01 18:24:00+00:00,2024-08-01 20:30:00+00:00,63219.9,63586.05533488333,4,4,0.0031143658908856786,1.0613576573152557,0.005389537133349392,2.1,
2024-08-01 18:24:00+00:00,2024-08-01 20:31:00+00:00,63219.9,63689.28982100602,4,3,0.047235205275193495,20.972808222804815,0.007021826975398185,2.1166666666666667,
2024-08-01 18:26:00+00:00,2024-08-01 20:31:00+00:00,63056.7,63689.28982100602,3,3,0.008890348094076662,5.398580515705703,0.009628147353127774,2.0833333333333335,
2024-08-01 18:26:00+00:00,2024-08-01 20:35:00+00:00,63056.7,63792.69191241684,3,2,0.047235205275193495,33.56637765068854,0.011267318747202926,2.15,
2024-08-01 18:27:00+00:00,2024-08-01 20:35:00+00:00,63086.0,63792.69191241684,2,2,0.011617088531278706,7.914910311549193,0.010797640332985855,2.1333333333333333,
2024-08-01 18:27:00+00:00,2024-08-01 20:36:00+00:00,63086.0,64000.0,2,0,0.047235205275193495,41.9723909620061,0.014082444900234642,2.15,
2024-08-03 04:52:00+00:00,2024-08-03 04:57:00+00:00,61456.370690843454,61556.147549367255,24,24,0.05710105923762286,4.422220075043697,0.001259964979628883,0.08333333333333333,
2024-08-03 04:51:00+00:00,2024-08-03 05:05:00+00:00,61556.147549367255,61656.08639958345,23,23,0.05717897120942115,4.305370883691467,0.0012229704124450053,0.23333333333333334,
2024-08-03 05:25:00+00:00,2024-08-03 05:54:00+00:00,61556.147549367255,61656.08639958345,23,23,0.04902136774113609,3.691132681950876,0.0012229704124450233,0.48333333333333334,
2024-08-03 04:38:00+00:00,2024-08-03 06:02:00+00:00,61656.08639958345,61756.187504491994,22,22,0.0575012960316421,4.336670127301204,0.0012229704124449986,1.4,
2024-08-03 04:20:00+00:00,2024-08-03 07:03:00+00:00,61756.187504491994,61856.45112751982,21,21,0.05766654659422612,4.356194091978068,0.0012229704124449594,2.716666666666667,
2024-08-03 08:18:00+00:00,2024-08-03 08:24:00+00:00,61556.147549367255,61656.08639958345,23,23,0.04685576327386268,3.528070454321096,0.0012229704124450478,0.1,
2024-08-03 08:34:00+00:00,2024-08-03 09:34:00+00:00,61556.147549367255,61656.08639958345,23,23,0.04148584601726971,3.1237349982020532,0.0012229704124449765,1.0,
2024-08-03 07:48:00+00:00,2024-08-03 10:09:00+00:00,61656.08639958345,61756.187504491994,22,22,0.05745930016162333,4.333502855473398,0.001222970412444984,2.35,
2024-08-03 07:13:00+00:00,2024-08-03 10:57:00+00:00,61756.187504491994,61856.45112751982,21,21,0.057661321238794846,4.3557993629056,0.0012229704124450012,3.7333333333333334,
2024-08-03 03:58:00+00:00,2024-08-03 11:38:00+00:00,61856.45112751982,61956.87753252154,20,20,0.0609175146447474,4.609246945039104,0.0012229704124449476,7.666666666666667,
2024-08-03 12:01:00+00:00,2024-08-03 12:11:00+00:00,61856.45112751982,61958.2,20,20,0.05789661354961535,4.4572253474725585,0.001244341483257402,0.16666666666666666,
2024-08-03 03:55:00+00:00,2024-08-03 12:23:00+00:00,61956.87753252154,62057.46698378016,19,19,0.061525677360810264,9.098326748960062,0.0023890997561806008,8.466666666666667,
2024-08-01 18:28:00+00:00,2024-08-03 12:28:00+00:00,63069.5,62158.219746007766,1,18,0.058814082565041795,-55.069142787906,-0.014842967999229203,42.0,
2024-08-03 03:53:00+00:00,2024-08-03 12:28:00+00:00,61816.0,62158.219746007766,17,18,0.0028335253681723432,0.8994315124725745,0.00513396903346405,8.583333333333334,
2024-08-03 12:32:00+00:00,2024-08-03 12:36:00+00:00,62057.46698378016,62158.219746007766,18,18,0.058321260536805884,4.4271450099736285,0.0012229704124450168,0.06666666666666667,
2024-08-03 13:20:00+00:00,2024-08-03 13:23:00+00:00,61856.45112751982,61956.87753252154,20,20,0.05792511862224936,4.3828310726012205,0.0012229704124449854,0.05,
2024-08-03 12:50:00+00:00,2024-08-03 14:00:00+00:00,61956.87753252154,62057.46698378016,19,19,0.05811226097112358,4.404129651944459,0.001222970412444964,1.1666666666666667,
2024-08-03 14:09:00+00:00,2024-08-03 14:30:00+00:00,61956.87753252154,62057.46698378016,19,19,0.058090714953672386,4.4024967529180685,0.0012229704124448542,0.35,
2024-08-03 12:45:00+00:00,2024-08-03 14:50:00+00:00,62057.46698378016,62158.219746007766,18,18,0.05829227799042426,4.424944955749652,0.001222970412445008,2.0833333333333335,
2024-08-03 14:57:00+00:00,2024-08-03 15:05:00+00:00,61956.87753252154,62057.46698378016,19,19,0.05812389011114873,4.405010984722594,0.0012229704124449355,0.13333333333333333,
2024-08-03 15:22:00+00:00,2024-08-03 15:24:00+00:00,61656.08639958345,61756.187504491994,22,22,0.05754401367288227,4.339891834140417,0.0012229704124450658,0.03333333333333333,
2024-08-03 15:25:00+00:00,2024-08-03 15:26:00+00:00,61656.08639958345,61756.187504491994,22,22,0.05760680861021638,4.344627743548699,0.001222970412444978,0.016666666666666666,
2024-08-03 15:29:00+00:00,2024-08-03 15:31:00+00:00,61556.147549367255,61656.08639958345,23,23,0.05326143658026993,4.010394615817859,0.001222970412444969,0.03333333333333333,
2024-08-03 15:34:00+00:00,2024-08-03 15:40:00+00:00,61356.75556143841,61456.370690843454,25,25,0.04109313909058193,3.0841429923207215,0.0012229704124448646,0.1,
2024-08-03 22:03:00+00:00,2024-08-03 22:04:00+00:00,60467.45409261547,60632.7,34,34,0.05549394412135334,8.739367230488824,0.002604618114606467,0.016666666666666666,
2024-08-03 03:53:00+00:00,2024-08-03 22:06:00+00:00,61816.0,60663.95610394575,17,33,0.05537696846855723,-65.15321223962974,-0.019029128807263,18.216666666666665,
2024-08-03 21:55:00+00:00,2024-08-03 22:11:00+00:00,60663.95610394575,60762.44644591739,32,32,0.05591325381459742,4.319957326779331,0.0012734121544970222,0.26666666666666666,
2024-08-03 22:44:00+00:00,2024-08-03 22:56:00+00:00,60565.62540576775,60663.95610394575,33,33,0.05550286694066439,4.111917790794905,0.00122297041244498,0.2,
2024-08-03 23:05:00+00:00,2024-08-03 23:07:00+00:00,60467.45409261547,60642.2,34,34,0.05548440084746225,8.351732652942246,0.002488840981463217,0.03333333333333333,
2024-08-03 03:53:00+00:00,2024-08-03 23:19:00+00:00,61816.0,60663.95610394575,17,33,0.003566513118060527,-4.196144941887837,-0.019029128807262805,19.433333333333334,
2024-08-03 03:54:00+00:00,2024-08-03 23:19:00+00:00,61895.2,60663.95610394575,18,33,0.05185256549757589,-65.11415609748519,-0.020284361733216353,19.416666666666668,
2024-08-03 23:10:00+00:00,2024-08-03 23:20:00+00:00,60467.45409261547,60648.6,34,34,0.05526364561651821,8.672120292211275,0.0025946407146896803,0.16666666666666666,
2024-08-03 22:15:00+00:00,2024-08-03 23:24:00+00:00,60663.95610394575,60762.44644591739,32,32,0.055719388562472376,4.134660652884577,0.0012229704124448724,1.15,
2024-08-04 00:00:00+00:00,2024-08-04 00:09:00+00:00,60663.95610394575,60762.44644591739,32,32,0.05578652946351365,4.139642847573214,0.0012229704124449544,0.15,
2024-08-04 00:21:00+00:00,2024-08-04 00:38:00+00:00,60663.95610394575,60762.44644591739,32,32,0.05573758734148443,4.136011094400146,0.0012229704124450064,0.2833333333333333,
2024-08-04 01:07:00+00:00,2024-08-04 01:20:00+00:00,60565.62540576775,60663.95610394575,33,33,0.05555917337652259,4.116089240813835,0.0012229704124450268,0.21666666666666667,
2024-08-04 01:37:00+00:00,2024-08-04 01:40:00+00:00,60369.44190614044,60467.45409261547,35,35,0.04178016236982608,3.0852480381299756,0.0012229704124450968,0.05,
2024-08-04 01:34:00+00:00,2024-08-04 01:47:00+00:00,60467.45409261547,60565.62540576775,34,34,0.04514094060442253,3.3388360055037083,0.001222970412445011,0.21666666666666667,
2024-08-04 01:25:00+00:00,2024-08-04 01:53:00+00:00,60565.62540576775,60663.95610394575,33,33,0.0501403696185685,3.714638346376887,0.0012229704124451094,0.4666666666666667,
2024-08-04 01:03:00+00:00,2024-08-04 02:01:00+00:00,60663.95610394575,60762.44644591739,32,32,0.05574518220526186,4.1365746717328875,0.0012229704124448123,0.9666666666666667,
2024-08-03 21:54:00+00:00,2024-08-04 02:06:00+00:00,60762.44644591739,60861.09669087072,31,31,0.05604783327709175,7.929950756716607,0.002330610773956466,4.2,
2024-08-03 03:54:00+00:00,2024-08-04 02:08:00+00:00,61895.2,60959.90709841457,18,30,0.009795042435638245,-9.40190785827349,-0.015504788555613557,22.233333333333334,
2024-08-03 03:56:00+00:00,2024-08-04 02:08:00+00:00,61968.9,60959.90709841457,16,30,0.04639999196463582,-47.95804165825621,-0.01667565486247763,22.2,
2024-08-04 02:12:00+00:00,2024-08-04 02:23:00+00:00,60861.09669087072,60959.90709841457,30,30,0.05101429657355613,3.797820871757267,0.0012229704124450981,0.18333333333333332,
2024-08-03 03:56:00+00:00,2024-08-04 02:31:00+00:00,61968.9,61058.87792857928,16,29,0.014592200206257712,-13.638273451577334,-0.015079188735941013,22.583333333333332,
2024-08-03 03:57:00+00:00,2024-08-04 02:31:00+00:00,61942.6,61058.87792857928,15,29,0.041715172261643285,-37.890824008777145,-0.014661004524489875,22.566666666666666,
2024-08-04 03:12:00+00:00,2024-08-04 03:17:00+00:00,60762.44644591739,60861.09669087072,31,31,0.056004734534430035,4.162581931065233,0.0012229704124450589,0.08333333333333333,
2024-08-04 04:57:00+00:00,2024-08-04 05:26:00+00:00,60565.62540576775,60663.95610394575,33,33,0.03976617662436081,2.9460685212602584,0.0012229704124448774,0.48333333333333334,
2024-08-04 04:42:00+00:00,2024-08-04 05:33:00+00:00,60663.95610394575,60762.44644591739,32,32,0.045094465448858014,3.3462375802137103,0.0012229704124449958,0.85,
2024-08-04 03:20:00+00:00,2024-08-04 05:37:00+00:00,60762.44644591739,60861.09669087072,31,31,0.056009470136795844,4.162933907251045,0.001222970412445102,2.283333333333333,
2024-08-04 05:56:00+00:00,2024-08-04 06:49:00+00:00,60762.44644591739,60861.09669087072,31,31,0.05602025593401294,4.1637355674138234,0.0012229704124450769,0.8833333333333333,
2024-08-04 07:37:00+00:00,2024-08-04 08:27:00+00:00,60369.44190614044,60467.45409261547,35,35,0.04707749402292186,3.4764284731259067,0.0012229704124450261,0.8333333333333334,
2024-08-04 07:34:00+00:00,2024-08-04 08:36:00+00:00,60467.45409261547,60565.62540576775,34,34,0.053458586013425236,3.954048130035062,0.0012229704124450081,1.0333333333333334,
2024-08-04 07:32:00+00:00,2024-08-04 08:46:00+00:00,60565.62540576775,60663.95610394575,33,33,0.055551936999446626,4.115553135396567,0.00122297041244502,1.2333333333333334,
2024-08-04 09:04:00+00:00,2024-08-04 09:16:00+00:00,60565.62540576775,60663.95610394575,33,33,0.03838887056690779,4.561332307051089,0.001962881808602307,0.2,
2024-08-04 10:10:00+00:00,2024-08-04 10:17:00+00:00,60565.62540576775,60663.95610394575,33,33,0.055611275072706315,4.119949183610515,0.0012229704124448889,0.11666666666666667,
2024-08-04 07:26:00+00:00,2024-08-04 10:52:00+00:00,60663.95610394575,60762.44644591739,32,32,0.05580677957548469,4.141145508376212,0.001222970412444831,3.433333333333333,
2024-08-04 07:19:00+00:00,2024-08-04 11:04:00+00:00,60762.44644591739,60861.09669087072,31,31,0.05604005035240467,4.165206798176769,0.0012229704124449945,3.75,
2024-08-04 02:42:00+00:00,2024-08-04 11:26:00+00:00,60861.09669087072,60959.90709841457,30,30,0.05623576856617241,4.1865396554467225,0.0012229704124450509,8.733333333333333,
2024-08-04 11:34:00+00:00,2024-08-04 12:06:00+00:00,60861.09669087072,60959.90709841457,30,30,0.05626551261382416,4.1887539869690045,0.0012229704124450938,0.5333333333333333,
2024-08-04 12:10:00+00:00,2024-08-04 12:21:00+00:00,60861.09669087072,60959.90709841457,30,30,0.05626757008914581,4.188907158202255,0.0012229704124450936,0.18333333333333332,
2024-08-04 02:38:00+00:00,2024-08-04 12:54:00+00:00,60959.90709841457,61058.87792857928,29,29,0.056482467819112155,4.211732310085154,0.0012229704124448488,10.266666666666667,
2024-08-04 13:15:00+00:00,2024-08-04 13:31:00+00:00,60861.09669087072,60959.90709841457,30,30,0.05626470380190297,4.188693773988689,0.0012229704124448663,0.26666666666666666,
2024-08-04 14:16:00+00:00,2024-08-04 14:17:00+00:00,60467.45409261547,60565.62540576775,34,34,0.04131045039323293,3.0555149567039734,0.0012229704124449917,0.016666666666666666,
2024-08-04 14:18:00+00:00,2024-08-08 21:44:00+00:00,60467.45409261547,60565.62540576775,34,34,0.039353661504978835,2.9107816589971662,0.0012229704124450571,103.43333333333334,
2024-08-04 14:08:00+00:00,2024-08-08 21:45:00+00:00,60762.44644591739,60861.09669087072,31,31,0.05091679209934762,3.7844178807822573,0.0012229704124451235,103.61666666666666,
2024-08-04 14:12:00+00:00,2024-08-08 21:46:00+00:00,60663.95610394575,60762.44644591739,32,32,0.046552430803615326,3.4544259889726163,0.0012229704124450498,103.56666666666666,
2024-08-04 14:14:00+00:00,2024-08-08 21:47:00+00:00,60565.62540576775,60754.9,33,33,0.04349567628199612,7.177242819250296,0.0027239460097552874,103.55,
2024-08-03 03:57:00+00:00,2024-08-08 21:48:00+00:00,61942.6,60657.0,15,36,0.018940748170959025,-24.814651478477344,-0.021146318501489066,137.85,
2024-08-03 03:59:00+00:00,2024-08-08 21:48:00+00:00,61856.0,60657.0,14,36,0.036574668637624874,-44.74920217227236,-0.019775898027843936,137.81666666666666,
2024-08-08 21:43:00+00:00,2024-08-08 21:49:00+00:00,60369.44190614044,60500.1,35,35,0.05510943545737146,5.8682833468483295,0.0017635228940043046,0.1,
2024-08-08 21:56:00+00:00,2024-08-08 21:57:00+00:00,60369.44190614044,60475.4,35,35,0.05535473116210952,4.527415052837114,0.001354539123473821,0.016666666666666666,
2024-08-03 03:59:00+00:00,2024-08-08 21:58:00+00:00,61856.0,61257.30189900407,14,27,0.02351821447952788,-14.6593913555771,-0.010074950241711435,137.98333333333332,
2024-08-03 04:00:00+00:00,2024-08-08 21:58:00+00:00,61889.3,61257.30189900407,13,27,0.03312613980239863,-21.751531758581223,-0.010607586806625829,137.96666666666667,
2024-08-03 04:00:00+00:00,2024-08-08 21:59:00+00:00,61889.3,61356.75556143841,13,26,0.02665613785745155,-14.852630739003416,-0.009001268930610479,137.98333333333332,
2024-08-03 04:01:00+00:00,2024-08-08 21:59:00+00:00,61932.1,61356.75556143841,12,26,0.028572833705486064,-17.143763359935974,-0.009686127762940951,137.96666666666667,
2024-08-03 04:01:00+00:00,2024-08-08 22:00:00+00:00,61932.1,61174.4,12,28,0.030895946617358526,-24.170557122422224,-0.012629393594381345,137.98333333333332,
2024-08-03 04:02:00+00:00,2024-08-08 22:00:00+00:00,61962.8,61174.4,11,28,0.02554637617015488,-20.769904818898112,-0.01311859481861049,137.96666666666667,
2024-08-04 13:39:00+00:00,2024-08-08 22:01:00+00:00,60861.09669087072,60959.90709841457,30,30,0.05627984779124588,4.189821186551399,0.0012229704124450188,104.36666666666666,
2024-08-03 04:02:00+00:00,2024-08-08 22:02:00+00:00,61962.8,60861.09669087072,11,31,0.03358253330468254,-37.82293559095956,-0.018172885665132626,138.0,
2024-08-03 04:03:00+00:00,2024-08-08 22:02:00+00:00,61913.7,60861.09669087072,10,31,0.02241443470236107,-24.143893672671766,-0.017394258134975988,137.98333333333332,
2024-08-08 21:51:00+00:00,2024-08-08 22:03:00+00:00,60663.95610394575,60813.0,32,32,0.055911045969171916,7.123354639248646,0.002099850548326266,0.2,
2024-08-08 21:54:00+00:00,2024-08-08 22:04:00+00:00,60565.62540576775,60787.5,33,33,0.05559990059910582,10.986761042789567,0.003261989865311076,0.16666666666666666,
2024-08-08 21:55:00+00:00,2024-08-08 22:05:00+00:00,60467.45409261547,60814.0,34,34,0.0554085539231086,17.857601598354904,0.00532890257026779,0.16666666666666666,
2024-08-08 22:09:00+00:00,2024-08-08 22:11:00+00:00,60861.09669087072,60959.90709841457,30,30,0.0563635033049372,7.296475151108552,0.0021285366335386203,0.03333333333333333,
2024-08-08 22:14:00+00:00,2024-08-08 22:20:00+00:00,60762.44644591739,60861.09669087072,31,31,0.0561377071263794,4.172465190278217,0.001222970412444969,0.1,
2024-08-08 22:12:00+00:00,2024-08-08 22:21:00+00:00,60861.09669087072,60959.90709841457,30,30,0.05640434774120568,4.199089735571306,0.001222970412445122,0.15,
2024-08-08 22:16:00+00:00,2024-08-08 22:22:00+00:00,60663.95610394575,60988.5,32,32,0.056004193567565384,16.813209635870862,0.004947804156463572,0.1,
2024-08-04 13:04:00+00:00,2024-08-08 22:24:00+00:00,60959.90709841457,61058.87792857928,29,29,0.0565049181663637,4.213406366771778,0.0012229704124450424,105.33333333333333,
2024-08-08 22:25:00+00:00,2024-08-08 22:31:00+00:00,60959.90709841457,61058.87792857928,29,29,0.056738337607852955,4.230811771342815,0.0012229704124452458,0.1,
2024-08-03 04:03:00+00:00,2024-08-08 22:32:00+00:00,61913.7,61257.30189900407,10,27,0.036377446943106156,-24.774216409836754,-0.010997503333693355,138.48333333333332,
2024-08-03 04:04:00+00:00,2024-08-08 22:32:00+00:00,61880.0,61257.30189900407,9,27,0.020223706822282493,-13.091322371831893,-0.010458890144655541,138.46666666666667,
2024-08-03 04:04:00+00:00,2024-08-08 22:33:00+00:00,61880.0,61215.8,9,28,0.038256386146388696,-26.351731769991147,-0.011129305489903978,138.48333333333332,
2024-08-03 04:05:00+00:00,2024-08-08 22:33:00+00:00,61904.8,61215.8,8,28,0.018106991596567416,-12.921585943947775,-0.011525462059731307,138.46666666666667,
2024-08-08 22:34:00+00:00,2024-08-08 22:35:00+00:00,61158.009441817325,61257.30189900407,27,27,0.05711344693231056,4.272622406720984,0.0012229704124451018,0.016666666666666666,
2024-08-08 22:36:00+00:00,2024-08-08 22:38:00+00:00,61058.87792857928,61158.009441817325,28,28,0.0570794602083718,4.263158473376734,0.0012229704124449535,0.03333333333333333,
2024-08-03 04:05:00+00:00,2024-08-08 22:39:00+00:00,61904.8,61257.30189900407,8,27,0.04004940619474931,-26.91842826646598,-0.010855315293019573,138.56666666666666,
2024-08-03 04:06:00+00:00,2024-08-08 22:39:00+00:00,61892.0,61257.30189900407,7,27,0.0167293546313187,-11.030131284199115,-0.010650748435198532,138.55,
2024-08-03 04:06:00+00:00,2024-08-08 22:47:00+00:00,61892.0,61456.370690843454,7,25,0.04109403233780456,-18.915541304571434,-0.007435645025307475,138.68333333333334,
2024-08-03 04:07:00+00:00,2024-08-08 22:47:00+00:00,61859.9,61456.370690843454,6,25,0.013959680998394945,-5.977431589479465,-0.006920588974543259,138.66666666666666,
2024-08-03 15:33:00+00:00,2024-08-08 22:48:00+00:00,61456.370690843454,61556.147549367255,24,24,0.04362968744123789,3.279833606826287,0.0012229704124451348,127.25,
2024-08-03 04:07:00+00:00,2024-08-08 22:49:00+00:00,61859.9,61500.1,6,26,0.04353693059025784,-16.738730777897672,-0.006213962857615454,138.7,
2024-08-03 04:08:00+00:00,2024-08-08 22:49:00+00:00,61843.8,61500.1,5,26,0.012767188553721935,-4.703033671564526,-0.0059552472677262035,138.68333333333334,
2024-08-03 15:30:00+00:00,2024-08-08 22:50:00+00:00,61656.08639958345,61756.187504491994,22,22,0.05052179614402663,7.88752278292759,0.002534940398232022,127.33333333333333,
2024-08-03 15:20:00+00:00,2024-08-08 22:51:00+00:00,61756.187504491994,61856.45112751982,21,21,0.057737480115248235,4.361552487849622,0.0012229704124449472,127.51666666666667,
2024-08-03 15:18:00+00:00,2024-08-08 22:52:00+00:00,61856.45112751982,61956.87753252154,20,20,0.05791838903484504,4.382321886854697,0.0012229704124450498,127.56666666666666,
2024-08-03 04:08:00+00:00,2024-08-08 22:53:00+00:00,61843.8,61881.9,5,23,0.03894060731616973,0.5200463590226718,0.0002159018294815969,138.75,
2024-08-08 22:42:00+00:00,2024-08-08 22:54:00+00:00,61158.009441817325,61804.2,27,27,0.05707059132492745,35.474972063376754,0.010161773203577426,0.2,
2024-08-03 04:08:00+00:00,2024-08-08 22:55:00+00:00,61843.8,62259.13608434619,5,17,0.0054599458703667655,2.1321934758652787,0.006313282974968518,138.78333333333333,
2024-08-03 04:09:00+00:00,2024-08-08 22:55:00+00:00,61818.0,62259.13608434619,4,17,0.05631706108442334,23.4459558782587,0.006733272018625352,138.76666666666668,
2024-08-03 04:09:00+00:00,2024-08-08 22:56:00+00:00,61818.0,62360.21626436774,4,16,0.0005225988351315533,0.27038250991446944,0.008367743467632686,138.78333333333333,
2024-08-03 04:10:00+00:00,2024-08-08 22:56:00+00:00,61794.4,62360.21626436774,3,16,0.05655528345843557,30.595579313609505,0.008752850835702363,138.76666666666668,
2024-08-03 04:11:00+00:00,2024-08-08 22:56:00+00:00,61842.8,62360.21626436774,2,16,0.003914309877326404,1.928093775632533,0.00796337109059967,138.75,
2024-08-03 04:11:00+00:00,2024-08-08 22:57:00+00:00,61842.8,62461.4605520759,2,15,0.05233989530049407,31.07941412565833,0.009599839654296564,138.76666666666668,
2024-08-03 04:12:00+00:00,2024-08-08 22:57:00+00:00,61851.6,62461.4605520759,0,15,0.008316025132108239,4.8648575709845545,0.009456197798807705,138.75,
2024-08-03 14:52:00+00:00,2024-08-08 22:58:00+00:00,62057.46698378016,62497.6,18,18,0.0582856599102743,24.201488443809467,0.006689589427434841,128.1,
2024-08-03 15:15:00+00:00,2024-08-08 22:59:00+00:00,61956.87753252154,62297.1,19,19,0.058099557378118546,18.322954551168095,0.005089162378856214,127.73333333333333,
2024-08-03 04:12:00+00:00,2024-08-08 23:00:00+00:00,61851.6,62562.86921390602,0,14,0.047518721571851184,32.61620043381299,0.011095090025952405,138.8,
2024-08-03 15:35:00+00:00,2024-08-08 23:00:00+00:00,61376.0,62562.86921390602,23,14,0.012574161545301568,14.612199756151995,0.018930022651349077,127.41666666666667,
2024-08-03 15:35:00+00:00,2024-08-08 23:02:00+00:00,61376.0,62664.44251672601,23,13,0.026366445770868163,33.31754862593493,0.020584296009389533,127.45,
2024-08-03 21:46:00+00:00,2024-08-08 23:02:00+00:00,60728.0,62664.44251672601,26,13,0.03341583188898202,63.88318537849159,0.03147447226769017,121.26666666666667,
2024-08-08 23:03:00+00:00,2024-08-08 23:08:00+00:00,62259.13608434619,62416.8,16,16,0.05988761199463312,7.948806589172818,0.0021314492353309558,0.08333333333333333,
2024-08-08 23:04:00+00:00,2024-08-08 23:09:00+00:00,62360.21626436774,62474.8,15,15,0.059528472304961944,7.729238753687696,0.0020830403880713593,0.08333333333333333,
2024-08-08 23:05:00+00:00,2024-08-08 23:10:00+00:00,62158.219746007766,62456.4,17,17,0.059532113605121374,16.26758641555398,0.0043952785427494295,0.08333333333333333,
2024-08-08 23:11:00+00:00,2024-08-08 23:12:00+00:00,62360.21626436774,62461.4605520759,15,15,0.05938262390442787,4.529703721543683,0.0012229704124450912,0.016666666666666666,
2024-08-08 23:18:00+00:00,2024-08-08 23:19:00+00:00,62158.219746007766,62259.13608434619,17,17,0.05906735746354981,4.49106054424783,0.0012229704124450086,0.016666666666666666,
2024-08-08 23:30:00+00:00,2024-08-08 23:32:00+00:00,61756.187504491994,61856.45112751982,21,21,0.05853434934431587,4.421748862225741,0.0012229704124450454,0.03333333333333333,
2024-08-08 23:31:00+00:00,2024-08-08 23:38:00+00:00,61856.45112751982,61956.87753252154,20,20,0.05823836351851144,7.112311050633252,0.00197540425606891,0.11666666666666667,
2024-08-08 23:37:00+00:00,2024-08-08 23:39:00+00:00,61756.187504491994,61914.1,21,21,0.05834965582947059,7.77091602162136,0.0021560885317911806,0.03333333333333333,
2024-08-08 23:28:00+00:00,2024-08-08 23:43:00+00:00,61956.87753252154,62057.46698378016,19,19,0.05866850635228407,4.446285588333467,0.0012229704124449357,0.25,
2024-08-08 23:50:00+00:00,2024-08-08 23:54:00+00:00,61756.187504491994,61856.45112751982,21,21,0.05826609020710623,4.401484273176266,0.001222970412445033,0.06666666666666667,
2024-08-09 00:12:00+00:00,2024-08-09 00:13:00+00:00,61356.75556143841,61456.370690843454,25,25,0.05751885234155579,4.316933904331563,0.0012229704124449075,0.016666666666666666,
2024-08-09 00:09:00+00:00,2024-08-09 00:18:00+00:00,61456.370690843454,61556.147549367255,24,24,0.057685363094917376,4.3364599564342825,0.0012229704124450376,0.15,
2024-08-09 00:25:00+00:00,2024-08-09 00:29:00+00:00,61456.370690843454,61556.147549367255,24,24,0.057741263923211675,4.34066226513869,0.0012229704124451398,0.06666666666666667,
2024-08-09 00:07:00+00:00,2024-08-09 00:32:00+00:00,61556.147549367255,61656.08639958345,23,23,0.05793371240298349,4.362200181084518,0.00122297041244502,0.4166666666666667,
2024-08-09 00:42:00+00:00,2024-08-09 00:44:00+00:00,61257.30189900407,61356.75556143841,26,26,0.05731101868694506,4.294363398580117,0.0012229704124450927,0.03333333333333333,
2024-08-09 00:53:00+00:00,2024-08-09 00:54:00+00:00,61257.30189900407,61356.75556143841,26,26,0.049674314408115386,3.7221386485725816,0.001222970412444932,0.016666666666666666,
2024-08-09 00:56:00+00:00,2024-08-09 00:58:00+00:00,61158.009441817325,61257.30189900407,27,27,0.04245085282273785,3.175722613446851,0.00122297041244504,0.03333333333333333,
2024-08-09 00:55:00+00:00,2024-08-09 01:36:00+00:00,61257.30189900407,61356.75556143841,26,26,0.04487126108461089,3.3622417759220298,0.0012229704124451526,0.6833333333333333,
2024-08-09 00:41:00+00:00,2024-08-09 01:37:00+00:00,61356.75556143841,61456.370690843454,25,25,0.05750435624584676,4.3158459360479355,0.0012229704124448507,0.9333333333333333,
2024-08-09 02:17:00+00:00,2024-08-09 02:27:00+00:00,61257.30189900407,61356.75556143841,26,26,0.0529942333996896,3.970903003670628,0.0012229704124449563,0.16666666666666666,
2024-08-09 02:32:00+00:00,2024-08-09 02:45:00+00:00,61257.30189900407,61356.75556143841,26,26,0.05734749687163585,4.297096740000143,0.0012229704124451827,0.21666666666666667,
2024-08-09 02:59:00+00:00,2024-08-09 03:12:00+00:00,61257.30189900407,61356.75556143841,26,26,0.04809940689681403,3.6041294885963,0.0012229704124452235,0.21666666666666667,
2024-08-09 02:11:00+00:00,2024-08-09 03:19:00+00:00,61356.75556143841,61456.370690843454,25,25,0.04636229789894026,3.4796065556765825,0.0012229704124450034,1.1333333333333333,
2024-08-09 00:39:00+00:00,2024-08-09 03:23:00+00:00,61456.370690843454,61556.147549367255,24,24,0.05775617292004255,4.341783039356869,0.0012229704124450196,2.7333333333333334,
2024-08-09 03:39:00+00:00,2024-08-09 03:52:00+00:00,61257.30189900407,61356.75556143841,26,26,0.05731592912881156,4.294731342167779,0.001222970412445122,0.21666666666666667,
2024-08-09 04:02:00+00:00,2024-08-09 04:10:00+00:00,61257.30189900407,61356.75556143841,26,26,0.057323278170744674,4.295282012133157,0.0012229704124450422,0.13333333333333333,
2024-08-09 04:15:00+00:00,2024-08-09 04:17:00+00:00,61158.009441817325,61257.30189900407,27,27,0.056708355626510595,4.242317771247599,0.0012229704124451857,0.03333333333333333,
2024-08-09 04:14:00+00:00,2024-08-09 04:18:00+00:00,61257.30189900407,61356.75556143841,26,26,0.05729832843457866,4.29341250717107,0.0012229704124449327,0.06666666666666667,
2024-08-09 04:28:00+00:00,2024-08-09 04:35:00+00:00,61058.87792857928,61158.009441817325,28,28,0.04336771554359763,3.239053826293457,0.0012229704124450305,0.11666666666666667,
2024-08-09 07:01:00+00:00,2024-08-09 07:03:00+00:00,60861.09669087072,60959.90709841457,30,30,0.04228373299318563,3.1478635300945825,0.001222970412445057,0.03333333333333333,
2024-08-09 06:47:00+00:00,2024-08-09 07:10:00+00:00,60959.90709841457,61058.87792857928,29,29,0.0407871085452657,3.041375306851023,0.001222970412444916,0.38333333333333336,
2024-08-09 04:26:00+00:00,2024-08-09 07:11:00+00:00,61158.009441817325,61257.30189900407,27,27,0.046086580576031676,3.4477092067591,0.0012229704124449114,2.75,
2024-08-09 06:43:00+00:00,2024-08-09 07:16:00+00:00,61058.87792857928,61158.009441817325,28,28,0.039293868229201424,2.9347857649941034,0.001222970412445012,0.55,
2024-08-09 07:12:00+00:00,2024-08-09 07:18:00+00:00,61158.009441817325,61257.30189900407,27,27,0.048030606543453376,6.394338598356171,0.0021784702355118323,0.1,
2024-08-09 07:55:00+00:00,2024-08-09 07:59:00+00:00,60762.44644591739,60861.09669087072,31,31,0.05629703582066049,4.184307380933205,0.0012229704124450947,0.06666666666666667,
2024-08-09 08:06:00+00:00,2024-08-09 08:10:00+00:00,60663.95610394575,60762.44644591739,32,32,0.05215544797642748,3.870198222651652,0.0012229704124449528,0.06666666666666667,
2024-08-09 08:11:00+00:00,2024-08-09 08:18:00+00:00,60663.95610394575,60762.44644591739,32,32,0.04358885117505133,3.324154514021302,0.0012569063508186455,0.11666666666666667,
2024-08-09 08:03:00+00:00,2024-08-09 08:24:00+00:00,60762.44644591739,60861.09669087072,31,31,0.05632503112511808,4.186388146951231,0.0012229704124449795,0.35,
2024-08-09 07:42:00+00:00,2024-08-09 08:27:00+00:00,60861.09669087072,60959.90709841457,30,30,0.056509410601755204,4.206911267013311,0.001222970412445124,0.75,
2024-08-09 07:35:00+00:00,2024-08-09 08:32:00+00:00,60959.90709841457,61058.87792857928,29,29,0.05675804681292899,4.232281429078739,0.001222970412444988,0.95,
2024-08-09 07:26:00+00:00,2024-08-09 09:04:00+00:00,61058.87792857928,61158.009441817325,28,28,0.05694269236664984,4.2529435382466545,0.0012229704124451246,1.6333333333333333,
2024-08-09 09:38:00+00:00,2024-08-09 09:42:00+00:00,60762.44644591739,60861.09669087072,31,31,0.056386134127950634,4.190929660408528,0.0012229704124451667,0.06666666666666667,
2024-08-09 10:00:00+00:00,2024-08-09 10:05:00+00:00,60663.95610394575,60762.44644591739,32,32,0.04795280023467239,3.5583404886729113,0.0012229704124449314,0.08333333333333333,
2024-08-09 12:05:00+00:00,2024-08-09 12:07:00+00:00,60565.62540576775,60663.95610394575,33,33,0.041646252451965515,3.085353528858832,0.0012229704124448952,0.03333333333333333,
2024-08-09 12:10:00+00:00,2024-08-09 12:11:00+00:00,60565.62540576775,60663.95610394575,33,33,0.042075399929706915,3.117146826140015,0.0012229704124449164,0.016666666666666666,
2024-08-09 11:53:00+00:00,2024-08-09 12:17:00+00:00,60663.95610394575,60762.44644591739,32,32,0.03897194969247847,2.8919159222114104,0.0012229704124449507,0.4,
2024-08-09 12:27:00+00:00,2024-08-09 12:39:00+00:00,60369.44190614044,60467.45409261547,35,35,0.04353636854234121,3.2149347444747036,0.001222970412444975,0.2,
2024-08-09 12:50:00+00:00,2024-08-09 12:52:00+00:00,60369.44190614044,60467.45409261547,35,35,0.037940558672889056,2.8017132431159553,0.0012229704124449969,0.03333333333333333,
2024-08-09 12:26:00+00:00,2024-08-09 12:57:00+00:00,60467.45409261547,60565.62540576775,34,34,0.04386189493286412,3.244231779634447,0.0012229704124449372,0.5166666666666667,
2024-08-09 12:22:00+00:00,2024-08-09 13:07:00+00:00,60565.62540576775,60663.95610394575,33,33,0.04720451704182528,3.49713634860791,0.0012229704124448733,0.75,
2024-08-09 12:23:00+00:00,2024-08-09 13:08:00+00:00,60663.95610394575,60762.44644591739,32,32,0.04598787103519223,7.45365603760456,0.002675086830659744,0.75,
2024-08-09 13:11:00+00:00,2024-08-09 14:02:00+00:00,60663.95610394575,60762.44644591739,32,32,0.038185726421478855,2.9426583924487204,0.00127011095022565,0.85,
2024-08-09 09:36:00+00:00,2024-08-09 14:03:00+00:00,60861.09669087072,60959.90709841457,30,30,0.05651484110018345,4.207315547022063,0.001222970412445069,4.45,
2024-08-09 09:21:00+00:00,2024-08-09 14:04:00+00:00,60959.90709841457,61058.87792857928,29,29,0.05670797047045373,4.2285473827864735,0.0012229704124451723,4.716666666666667,
2024-08-09 09:57:00+00:00,2024-08-09 14:05:00+00:00,60762.44644591739,61074.2,31,31,0.05364779967225782,15.417638616283966,0.0047287226872498546,4.133333333333334,
2024-08-09 14:53:00+00:00,2024-08-09 14:55:00+00:00,60369.44190614044,60467.45409261547,35,35,0.03887973141988597,3.5376722749224427,0.0015073484756581014,0.03333333333333333,
2024-08-09 14:25:00+00:00,2024-08-09 15:04:00+00:00,60467.45409261547,60565.62540576775,34,34,0.044943009676712976,4.625740425769436,0.0017026233259697294,0.65,
2024-08-09 15:00:00+00:00,2024-08-09 15:05:00+00:00,60369.44190614044,60562.4,35,35,0.04013872726692659,7.811750934216434,0.0032245322457260237,0.08333333333333333,
2024-08-09 17:02:00+00:00,2024-08-09 17:12:00+00:00,60369.44190614044,60467.45409261547,35,35,0.04640609335377722,3.4268490201084205,0.0012229704124450246,0.16666666666666666,
2024-08-09 14:20:00+00:00,2024-08-09 17:15:00+00:00,60565.62540576775,60663.95610394575,33,33,0.03893370524389009,3.492871674086018,0.0014813439083437966,2.9166666666666665,
2024-08-09 16:59:00+00:00,2024-08-09 17:16:00+00:00,60467.45409261547,60688.2,34,34,0.03984022991130087,11.632867457731209,0.004835512722539754,0.2833333333333333,
2024-08-09 17:24:00+00:00,2024-08-09 17:30:00+00:00,60369.44190614044,60467.45409261547,35,35,0.05573253418201039,4.115558245633565,0.0012229704124450081,0.1,
2024-08-09 17:21:00+00:00,2024-08-09 17:31:00+00:00,60467.45409261547,60565.62540576775,34,34,0.05589474465097261,4.134237866120657,0.0012229704124450368,0.16666666666666666,
2024-08-09 17:17:00+00:00,2024-08-09 17:38:00+00:00,60565.62540576775,60663.95610394575,33,33,0.056097155039075614,4.1559454949369865,0.0012229704124449062,0.35,
2024-08-09 17:51:00+00:00,2024-08-09 17:52:00+00:00,60271.58858841293,60369.44190614044,36,36,0.055527596424452264,4.654085349759498,0.0013905886505915332,0.016666666666666666,
2024-08-09 17:48:00+00:00,2024-08-09 19:12:00+00:00,60369.44190614044,60467.45409261547,35,35,0.05573988516154056,4.1161010773003,0.0012229704124450216,1.4,
2024-08-09 17:44:00+00:00,2024-08-09 19:29:00+00:00,60467.45409261547,60565.62540576775,34,34,0.05595994408044584,4.139060322182559,0.001222970412444999,1.75,
2024-08-09 17:41:00+00:00,2024-08-09 19:36:00+00:00,60565.62540576775,60663.95610394575,33,33,0.05609337321865995,4.155665319596665,0.0012229704124449847,1.9166666666666667,
2024-08-09 19:44:00+00:00,2024-08-09 19:46:00+00:00,60467.45409261547,60606.9,34,34,0.056193208767972735,6.475201694303905,0.0019052893278847327,0.03333333333333333,
2024-08-09 19:45:00+00:00,2024-08-09 19:47:00+00:00,60565.62540576775,60670.0,33,33,0.05601274123400713,8.584932817082972,0.0025331545667557176,0.03333333333333333,
2024-08-09 19:54:00+00:00,2024-08-09 19:55:00+00:00,60565.62540576775,60663.95610394575,33,33,0.05620657266372568,4.164051675792507,0.0012229704124448841,0.016666666666666666,
2024-08-09 14:21:00+00:00,2024-08-09 19:57:00+00:00,60663.95610394575,60762.44644591739,32,32,0.039927826756004835,2.9628468384603366,0.0012229704124450142,5.6,
2024-08-09 19:59:00+00:00,2024-08-09 20:12:00+00:00,60663.95610394575,60762.44644591739,32,32,0.05636737338924473,4.182744406781694,0.0012229704124449453,0.21666666666666667,
2024-08-03 21:46:00+00:00,2024-08-09 20:15:00+00:00,60728.0,60861.09669087072,26,31,0.021813139673955595,2.3728087183146727,0.0017908892126946897,142.48333333333332,
2024-08-03 21:50:00+00:00,2024-08-09 20:15:00+00:00,60747.0,60861.09669087072,27,31,0.025692636792983344,2.306558305949693,0.0014775564243258105,142.41666666666666,
2024-08-03 21:50:00+00:00,2024-08-09 20:17:00+00:00,60747.0,60959.90709841457,27,30,0.030951717488943167,5.836432800525699,0.003103495010331486,142.45,
2024-08-03 21:51:00+00:00,2024-08-09 20:17:00+00:00,60815.9,60959.90709841457,28,30,0.009715812246023185,1.1625157547152867,0.0019670515669850367,142.43333333333334,
2024-08-09 20:22:00+00:00,2024-08-09 20:26:00+00:00,60663.95610394575,60762.44644591739,32,32,0.05621432686878864,4.17138758032479,0.0012229704124449554,0.06666666666666667,
2024-08-09 20:20:00+00:00,2024-08-09 20:33:00+00:00,60762.44644591739,60861.09669087072,31,31,0.05646302833212192,4.196644863373876,0.0012229704124451543,0.21666666666666667,
2024-08-09 20:46:00+00:00,2024-08-09 20:53:00+00:00,60565.62540576775,60663.95610394575,33,33,0.05602328364651076,4.150472748932316,0.0012229704124450172,0.11666666666666667,
2024-08-09 20:43:00+00:00,2024-08-09 20:55:00+00:00,60663.95610394575,60762.44644591739,32,32,0.0562024942634597,4.170509541118918,0.0012229704124449008,0.2,
2024-08-09 21:03:00+00:00,2024-08-09 21:56:00+00:00,60565.62540576775,60663.95610394575,33,33,0.05599571743411691,4.1484305120998215,0.0012229704124449739,0.8833333333333333,
2024-08-09 20:38:00+00:00,2024-08-09 21:57:00+00:00,60762.44644591739,60861.09669087072,31,31,0.056486647768065903,4.198400390617735,0.0012229704124450391,1.3166666666666667,
2024-08-09 20:56:00+00:00,2024-08-09 21:58:00+00:00,60663.95610394575,60780.5,32,32,0.05626962073142241,5.191154132554402,0.0015204507494353385,1.0333333333333334,
2024-08-09 21:05:00+00:00,2024-08-09 21:59:00+00:00,60271.58858841293,60822.0,36,36,0.05598807326171272,29.460515094137463,0.008728614736981659,0.9,
2024-08-09 22:22:00+00:00,2024-08-09 22:24:00+00:00,60663.95610394575,60762.44644591739,32,32,0.04176312390872971,3.686179392601389,0.00145501191861393,0.03333333333333333,
2024-08-03 21:51:00+00:00,2024-08-09 22:29:00+00:00,60815.9,60861.09669087072,28,31,0.03948577399905551,0.8237242427831006,0.0003429550513687861,144.63333333333333,
2024-08-09 20:18:00+00:00,2024-08-09 22:31:00+00:00,60861.09669087072,60959.90709841457,30,30,0.0566893844526603,4.220309637533319,0.0012229704124449656,2.216666666666667,
2024-08-09 22:37:00+00:00,2024-08-09 22:49:00+00:00,60565.62540576775,60663.95610394575,33,33,0.05616128182006349,4.160696313519111,0.0012229704124449721,0.2,
2024-08-09 22:35:00+00:00,2024-08-09 22:52:00+00:00,60663.95610394575,60762.44644591739,32,32,0.056312038685403326,4.178638291682091,0.0012229704124449197,0.2833333333333333,
2024-08-09 23:21:00+00:00,2024-08-09 23:23:00+00:00,60369.44190614044,60467.45409261547,35,35,0.05562956826072731,4.107954747020813,0.0012229704124451031,0.03333333333333333,
2024-08-09 23:16:00+00:00,2024-08-09 23:27:00+00:00,60467.45409261547,60565.62540576775,34,34,0.0558262478402519,4.129171520252839,0.0012229704124450099,0.18333333333333332,
2024-08-09 23:03:00+00:00,2024-08-09 23:33:00+00:00,60663.95610394575,60762.44644591739,32,32,0.05632173457579581,4.179357775824883,0.001222970412445005,0.5,
2024-08-09 23:08:00+00:00,2024-08-09 23:34:00+00:00,60565.62540576775,60783.5,33,33,0.05608683472047331,10.858678688472537,0.003195972214322545,0.43333333333333335,
2024-08-09 22:33:00+00:00,2024-08-09 23:38:00+00:00,60762.44644591739,60861.09669087072,31,31,0.0564819665372483,4.198052455626566,0.0012229704124450437,1.0833333333333333,
2024-08-09 23:41:00+00:00,2024-08-09 23:42:00+00:00,60663.95610394575,60762.44644591739,32,32,0.0563863847168795,4.184155143517273,0.0012229704124449377,0.016666666666666666,
2024-08-09 23:44:00+00:00,2024-08-09 23:53:00+00:00,60663.95610394575,60762.44644591739,32,32,0.056358546938288324,4.182089439445917,0.0012229704124449255,0.15,
2024-08-09 23:39:00+00:00,2024-08-09 23:56:00+00:00,60762.44644591739,60861.09669087072,31,31,0.05651505366673396,4.200511674271183,0.0012229704124450751,0.2833333333333333,
