timestamp,direction,size,price,level,cost,commission,slippage,proceeds,matched_trades
2025-07-10 00:00:00+00:00,buy,0.012787021276595744,111282.5,0,1425.1061527555848,1.4229716952127658,0.7114858476063829,,
2025-07-10 00:01:00+00:00,buy,0.01921171444175832,111260.0,1,2140.701591813216,2.1374953487900306,1.0687476743950153,,
2025-07-10 00:02:00+00:00,buy,0.025657022122425825,111255.1,2,2858.7562737755966,2.8544745619326974,1.4272372809663487,,
2025-07-10 00:03:00+00:00,buy,0.03212305865661412,111268.0,3,3579.6298933400462,3.57426849060414,1.78713424530207,,
2025-07-10 00:04:00+00:00,buy,0.03860941175301902,111274.0,4,4302.668018930546,4.296223683405438,2.148111841702719,,
2025-07-11 02:54:00+00:00,sell,0.03881461540146909,116755.1,4,,4.531804302660064,2.265902151330032,4525.006596206074,3.0
2025-07-11 03:06:00+00:00,buy,0.038867750588363316,116515.6,4,4535.492329374185,4.5286992804535044,2.2643496402267522,,
2025-07-11 03:49:00+00:00,sell,0.038813123114112676,116758.3,4,,4.531754272494503,2.2658771362472514,4524.956641085761,2.0
2025-07-11 04:22:00+00:00,buy,0.038866724970320676,116532.5,4,4536.0304825452995,4.529236627603894,2.264618313801947,,
2025-07-11 04:46:00+00:00,sell,0.03881191565157135,116771.4,4,,4.532121727315898,2.266060863657949,4525.323544724924,2.0
2025-07-11 05:00:00+00:00,sell,0.03229216770195129,116923.1,3,,3.7757003534320215,1.8878501767160107,3770.0368029018737,2.0
2025-07-11 05:07:00+00:00,sell,0.025792753473215486,117128.9,2,,3.021076842288909,1.5105384211444546,3016.545227025476,2.0
2025-07-11 05:15:00+00:00,sell,0.01931307301073759,117334.0,1,,2.2660801086418845,1.1330400543209422,2262.680988478922,1.0
2025-07-11 05:20:00+00:00,buy,0.019343743683931613,117104.0,1,2268.6276050036727,2.2652297603631277,1.1326148801815639,,
2025-07-11 05:26:00+00:00,sell,0.019312831360382123,117368.4,1,,2.266716116237873,1.1333580581189364,2263.316042063516,2.0
2025-07-11 15:52:00+00:00,buy,0.019343352436862023,117076.0,1,2268.039293392905,2.264642329898058,1.132321164949029,,
2025-07-11 15:55:00+00:00,buy,0.02583068554220673,116813.2,2,3021.8910839334712,3.017365036378903,1.5086825181894514,,
2025-07-11 16:02:00+00:00,sell,0.025791803153795863,117141.0,2,,3.0212776132388015,1.5106388066194008,3016.745696818943,2.0
2025-07-11 16:05:00+00:00,buy,0.025830528275995846,116812.9,2,3021.8649248257516,3.017338916451075,1.5086694582255376,,
2025-07-11 16:06:00+00:00,buy,0.03233787671478989,116699.0,3,3779.458571551374,3.7737978747392655,1.8868989373696328,,
2025-07-11 16:15:00+00:00,sell,0.032291063761763536,116986.0,3,,3.777602385233669,1.8888011926168344,3771.935981655818,3.0
2025-07-11 16:19:00+00:00,buy,0.03233704673737373,116689.9,3,3779.066860204586,3.773406750079467,1.8867033750397335,,
2025-07-11 16:20:00+00:00,sell,0.032288627540275644,116921.0,3,,3.7752186206365685,1.8876093103182843,3769.555792705614,2.0
2025-07-11 16:23:00+00:00,sell,0.02578980858429982,117118.0,2,,3.0204508017760263,1.5102254008880132,3015.9201255733624,2.0
2025-07-11 16:30:00+00:00,sell,0.01931087378397842,117322.5,1,,2.2655999895208083,1.1327999947604042,2262.201589536527,1.0
2025-07-12 15:39:00+00:00,buy,0.019341565567641536,117107.1,1,2268.432205065984,2.2650346530863543,1.1325173265431772,,
2025-07-12 16:18:00+00:00,sell,0.01931034187511628,117318.0,1,,2.265450688104892,1.132725344052446,2262.0525120727348,2.0
2025-07-12 20:57:00+00:00,buy,0.019341012236073093,117094.6,1,2268.1251835151515,2.2647280913780845,1.1323640456890423,,
2025-07-12 21:26:00+00:00,sell,0.01930979934873237,117306.9,1,,2.2651727012218132,1.1325863506109066,2261.7749421699805,2.0
2025-07-15 03:37:00+00:00,buy,0.01934027798450925,117005.1,1,2266.3055263447113,2.2629111596053035,1.1314555798026518,,
2025-07-15 03:45:00+00:00,sell,0.01930992904527586,117358.0,1,,2.2661746528954843,1.1330873264477421,2262.7753909161406,2.0
2025-07-15 04:00:00+00:00,buy,0.019340487771764354,117090.0,1,2267.974579765682,2.264577713195888,1.132288856597944,,
2025-07-15 04:05:00+00:00,buy,0.02582753417267199,116911.9,2,3024.0754115806735,3.0195460924420106,1.5097730462210053,,
2025-07-15 04:10:00+00:00,buy,0.0323271746612838,116424.0,3,3769.304471239453,3.763658982765305,1.8818294913826525,,
2025-07-15 04:14:00+00:00,sell,0.032288707248152845,116998.2,3,,3.777720628360836,1.888860314180418,3772.054047418295,3.0
2025-07-15 04:15:00+00:00,sell,0.025788960001762628,117133.0,2,,3.020738251886462,1.510369125943231,3016.207144508632,2.0
2025-07-15 04:22:00+00:00,sell,0.019310348129632338,117354.1,1,,2.2661485254396867,1.1330742627198434,2262.749302651527,1.0
2025-07-15 04:32:00+00:00,buy,0.019340895925490816,117083.6,1,2267.8984747650693,2.2645017221817967,1.1322508610908983,,
2025-07-15 04:38:00+00:00,sell,0.01931010959639632,117364.1,1,,2.2663136336824174,1.1331568168412087,2262.914163231894,2.0
2025-07-15 05:36:00+00:00,buy,0.0193405058811591,117032.6,1,2266.864893120222,2.263469688587341,1.1317348442936705,,
2025-07-15 05:56:00+00:00,sell,0.019309760293465504,117319.3,1,,2.2654075607971675,1.1327037803985838,2262.009449455972,2.0
2025-07-15 06:02:00+00:00,buy,0.019339997351453354,116923.9,1,2264.699878196079,2.261307916321597,1.1306539581607984,,
2025-07-15 06:38:00+00:00,buy,0.025827485206489795,116820.1,2,3021.6951586775144,3.0171694045706587,1.5085847022853294,,
2025-07-15 07:02:00+00:00,sell,0.0257893313440411,117194.0,2,,3.0223548975335524,1.5111774487667762,3017.821365187252,2.0
2025-07-15 07:06:00+00:00,buy,0.025828460136748586,116920.1,2,3024.39594124771,3.0198661420346586,1.5099330710173293,,
2025-07-15 07:11:00+00:00,sell,0.02578771811609213,117119.7,2,,3.0202498094412755,1.5101249047206378,3015.7194347271134,2.0
2025-07-15 07:30:00+00:00,buy,0.025827290873771832,116900.1,2,3023.7417052018245,3.019212885873015,1.5096064429365075,,
2025-07-15 07:39:00+00:00,buy,0.03233233493132563,116707.4,3,3779.082879882839,3.7734227457641927,1.8867113728820963,,
2025-07-15 07:50:00+00:00,buy,0.038852664571955076,116479.0,4,4532.3077959517705,4.525519516676756,2.262759758338378,,
2025-07-15 07:53:00+00:00,sell,0.03879916243833883,116742.3,4,,4.529503461125283,2.2647517305626415,4522.7092059335955,3.0
2025-07-15 07:56:00+00:00,sell,0.03228286756937128,116937.9,3,,3.7750907395403814,1.8875453697701907,3769.428103431071,2.0
2025-07-15 08:04:00+00:00,buy,0.03232937528068247,116673.4,3,3777.636101073988,3.771978133873178,1.885989066936589,,
2025-07-15 08:20:00+00:00,buy,0.038849609158794506,116459.6,4,4531.196557703728,4.524409942789545,2.2622049713947723,,
2025-07-15 08:22:00+00:00,sell,0.0387965662220513,116731.8,4,,4.528793008919248,2.264396504459624,4521.999819405869,2.0
2025-07-15 09:06:00+00:00,sell,0.03228224416317817,116980.1,3,,3.7763801504329986,1.8881900752164993,3770.715580207349,2.0
2025-07-15 09:14:00+00:00,sell,0.025783830678093624,117116.1,2,,3.019701692078681,1.5098508460393405,3015.172139540563,2.0
2025-07-15 09:21:00+00:00,buy,0.025823295078987903,116885.9,2,3022.9066549024815,3.018379086273072,1.509189543136536,,
2025-07-15 09:56:00+00:00,buy,0.032327892063878184,116723.9,3,3779.097796935623,3.7734376404749104,1.8867188202374552,,
2025-07-15 10:23:00+00:00,sell,0.03227921062857492,116943.7,3,,3.7748503239848765,1.8874251619924383,3769.188048498899,1.0
2025-07-15 10:42:00+00:00,sell,0.025781952333583793,117115.9,2,,3.019476551304766,1.509738275652383,3014.9473364778087,2.0
2025-07-15 11:10:00+00:00,buy,0.025821344949404718,116878.1,2,3022.476661736716,3.0179497371310195,1.5089748685655098,,
2025-07-15 11:15:00+00:00,buy,0.032325642870495205,116726.6,3,3778.9222786647765,3.773262385087146,1.886631192543573,,
2025-07-15 11:17:00+00:00,buy,0.03884423867712429,116488.1,4,4531.678896783889,4.524891559444723,2.2624457797223614,,
2025-07-15 11:49:00+00:00,sell,0.03878961930816961,116728.1,4,,4.527838561565954,2.263919280782977,4521.046803723605,3.0
2025-07-15 11:53:00+00:00,sell,0.03227630258311669,116970.2,3,,3.7753655684076755,1.8876827842038377,3769.702520055064,2.0
2025-07-15 11:56:00+00:00,sell,0.0257792704237451,117118.0,2,,3.0192165934881787,1.5096082967440894,3014.6877685979466,2.0
2025-07-15 12:29:00+00:00,buy,0.025818932440068512,116913.9,2,3023.1199735330333,3.018592085404926,1.509296042702463,,
2025-07-15 12:30:00+00:00,sell,0.025780852579560573,117288.3,2,,3.0237923716072745,1.5118961858036373,3019.2566830498636,1.0
2025-07-15 12:31:00+00:00,sell,0.01930345926796103,117374.5,1,,2.265733879847292,1.132866939923646,2262.335279027521,2.0
2025-07-15 12:38:00+00:00,buy,0.019333660714261007,116988.1,1,2265.2009453555474,2.2618082330060383,1.1309041165030191,,
2025-07-15 12:40:00+00:00,buy,0.025818737350279525,116852.4,2,3021.506896486328,3.016981424349803,1.5084907121749016,,
2025-07-15 12:43:00+00:00,buy,0.0323213332041222,116645.9,3,3775.806227295909,3.7701510007947174,1.8850755003973587,,
2025-07-15 12:44:00+00:00,buy,0.03884313728387004,116524.1,4,4532.95085559917,4.526161613179401,2.2630808065897003,,
2025-07-15 12:46:00+00:00,sell,0.03879061872978039,116805.7,4,,4.530965374165109,2.2654826870825544,4524.168926103862,3.0
2025-07-15 12:50:00+00:00,sell,0.03227400401452774,116940.0,3,,3.774122029458874,1.887061014729437,3768.460846414686,2.0
2025-07-15 12:52:00+00:00,sell,0.025778298135038603,117144.7,2,,3.0197910015396565,1.5098955007698283,3015.2613150373472,2.0
2025-07-15 13:04:00+00:00,sell,0.019302265417490107,117344.2,1,,2.2650088936030426,1.1325044468015213,2261.611380262638,1.0
2025-07-15 13:06:00+00:00,sell,0.012847301917202339,117780.0,0,,1.5131552198080915,0.7565776099040458,1510.8854869783793,1.0
2025-07-15 14:31:00+00:00,buy,0.012868163224709737,117292.0,0,1511.5965998540835,1.5093326009526544,0.7546663004763272,,
2025-07-15 14:37:00+00:00,buy,0.01933303060799254,117051.9,1,2266.3624173718176,2.262967965423682,1.131483982711841,,
2025-07-15 14:42:00+00:00,buy,0.025816872572637095,116796.0,2,3019.8304101672124,3.015307448993722,1.507653724496861,,
2025-07-15 14:51:00+00:00,buy,0.03231753672653862,116512.7,3,3771.0515665502135,3.765403461358176,1.882701730679088,,
2025-07-15 14:52:00+00:00,buy,0.03883459720146668,116278.0,4,4522.382707332231,4.515609293392143,2.2578046466960715,,
2025-07-15 16:06:00+00:00,sell,0.03879401307934455,116797.1,4,,4.531028225029513,2.2655141125147567,4524.231682691969,4.0
2025-07-15 16:09:00+00:00,sell,0.032280456500825214,117055.3,3,,3.778598519841046,1.889299259920523,3772.9306220612843,2.0
2025-07-15 16:11:00+00:00,sell,0.025781690655532354,117142.7,2,,3.02013685395383,1.510068426976915,3015.606648672899,2.0
2025-07-15 16:14:00+00:00,buy,0.025820952516104854,116893.3,2,3022.8237932739257,3.0182963487507997,1.5091481743753998,,
2025-07-15 16:16:00+00:00,buy,0.03232422381798619,116694.1,3,3777.70427594842,3.772046206638463,1.8860231033192314,,
2025-07-15 16:22:00+00:00,sell,0.032277785522321745,116988.9,3,,3.7761426226923462,1.8880713113461731,3770.4784087583075,1.0
2025-07-15 16:31:00+00:00,sell,0.025781312763789588,117192.4,2,,3.0213739179391346,1.5106869589695673,3016.841857062226,2.0
2025-07-15 16:39:00+00:00,sell,0.019304049264243176,117316.0,1,,2.2646738434839526,1.1323369217419763,2261.2768327187264,2.0
2025-07-15 16:41:00+00:00,sell,0.01284813573667752,117543.9,0,,1.5102199822184488,0.7551099911092244,1507.954652245121,1.0
2025-07-15 16:57:00+00:00,buy,0.012869001686845802,117199.0,0,1510.496479889686,1.5082341286966412,0.7541170643483206,,
2025-07-15 16:58:00+00:00,buy,0.01933468962345352,117113.0,1,2267.7400211303197,2.2643435058715125,1.1321717529357562,,
2025-07-15 17:02:00+00:00,sell,0.01930351924474857,117322.0,1,,2.2647274848323917,1.1323637424161959,2261.3303936051434,3.0
2025-07-15 17:48:00+00:00,sell,0.012847763547219351,117538.1,0,,1.510101716589423,0.7550508582947115,1507.836564014539,1.0
2025-07-15 18:01:00+00:00,buy,0.012868640460443654,117296.9,0,1511.7158106744503,1.5094516332246133,0.7547258166123066,,
2025-07-15 18:13:00+00:00,buy,0.01933384814697315,117099.6,1,2267.381863298004,2.263985884471297,1.1319929422356485,,
2025-07-15 18:26:00+00:00,buy,0.025818571253174924,116917.2,2,3023.1630115100857,3.0186350589217033,1.5093175294608516,,
2025-07-15 18:31:00+00:00,buy,0.03231781458937479,116538.0,3,3771.9028568314843,3.7662534766165594,1.8831267383082797,,
2025-07-15 18:35:00+00:00,buy,0.038840605724107774,116464.9,4,4530.352612490035,4.523567261597639,2.2617836307988197,,
2025-07-15 18:50:00+00:00,sell,0.03878721698182559,116728.0,4,,4.527554263854538,2.263777131927269,4520.762932458756,4.0
2025-07-15 19:02:00+00:00,sell,0.03227429947129192,116968.1,3,,3.775063487988021,1.8875317439940105,3769.400892756039,2.0
2025-07-15 19:32:00+00:00,buy,0.03232101917512835,116720.1,3,3778.171359108233,3.772512590222899,1.8862562951114494,,
2025-07-15 19:43:00+00:00,buy,0.03883897548446756,116492.0,4,4531.2165770348,4.524429932136595,2.2622149660682975,,
2025-07-15 21:12:00+00:00,sell,0.03878644799710089,116772.0,4,,4.529171105517465,2.2645855527587324,4522.377348859188,2.0
2025-07-15 21:14:00+00:00,sell,0.032271529247381255,116939.3,3,,3.773810040118291,1.8869050200591455,3768.1493250581134,2.0
2025-07-15 21:27:00+00:00,sell,0.025776162998453492,117131.5,2,,3.0192006362533554,1.5096003181266777,3014.671835298975,2.0
2025-07-15 21:35:00+00:00,sell,0.01930061832451642,117319.9,1,,2.264346611770434,1.132173305885217,2260.950091852778,1.0
2025-07-15 21:45:00+00:00,sell,0.012845846262259654,117538.9,0,,1.5098866392351113,0.7549433196175557,1507.6218092762585,1.0
2025-07-15 22:03:00+00:00,buy,0.012866709147641004,117287.6,0,1511.3690939785965,1.5091054358248592,0.7545527179124296,,
2025-07-15 22:21:00+00:00,sell,0.012845632861126114,117512.4,0,,1.5095211470297965,0.7547605735148982,1507.2568653092517,2.0
2025-07-15 22:33:00+00:00,buy,0.012866496234996012,117269.4,0,1511.1095630206116,1.5088462935802414,0.7544231467901207,,
2025-07-15 22:39:00+00:00,sell,0.012845452194337284,117511.4,0,,1.5094870709896464,0.7547435354948232,1507.2228403831618,2.0
2025-07-16 02:19:00+00:00,buy,0.0128663109918016,117247.9,0,1510.8107664524582,1.5085479445356549,0.7542739722678274,,
2025-07-16 02:36:00+00:00,buy,0.019330317040818747,117043.8,1,2265.8875023046744,2.2624937616621814,1.1312468808310907,,
2025-07-16 02:59:00+00:00,sell,0.019299628434408196,117324.0,1,,2.2643096064385073,1.1321548032192537,2260.9131420288495,3.0
2025-07-16 04:26:00+00:00,sell,0.01284515302534417,117522.7,0,,1.5095970654516153,0.7547985327258077,1507.332669853438,1.0
2025-07-18 18:59:00+00:00,buy,0.012866018160636719,117306.0,0,1511.5250180411786,1.509261126351651,0.7546305631758256,,
2025-07-18 19:16:00+00:00,sell,0.012844947850479741,117532.0,0,,1.509692410762585,0.7548462053812925,1507.4278721464411,2.0
2025-07-18 20:02:00+00:00,buy,0.012865809975576296,117304.2,0,1511.4773668568023,1.509213546536997,0.7546067732684985,,
2025-07-18 20:19:00+00:00,buy,0.019329560969882496,117100.0,1,2266.8868269576,2.26349158957324,1.13174579478662,,
2025-07-18 20:34:00+00:00,buy,0.02581196503828503,116817.8,2,3019.819914903547,3.0152969694493734,1.5076484847246867,,
2025-07-18 20:45:00+00:00,sell,0.025773738664015475,117175.7,2,,3.020055869573078,1.510027934786539,3015.525785768718,3.0
2025-07-18 20:48:00+00:00,sell,0.019298750029602244,117354.8,1,,2.2648009499739654,1.1324004749869827,2261.4037485490044,2.0
2025-07-18 20:53:00+00:00,sell,0.01284449135948077,117510.1,0,,1.5093574641017213,0.7546787320508607,1507.0934279055687,1.0
2025-07-19 21:25:00+00:00,buy,0.012865353668200994,117300.0,0,1511.3696442578964,1.5091059852799766,0.7545529926399883,,
2025-07-19 21:28:00+00:00,sell,0.012844280501731375,117522.1,0,,1.509486817552525,0.7547434087762624,1507.2225873261962,2.0
2025-07-20 22:10:00+00:00,buy,0.012865121260522534,117209.3,0,1510.1737251470054,1.507911857360964,0.753955928680482,,
2025-07-20 22:13:00+00:00,buy,0.01932855577914895,117017.2,1,2265.1661375358085,2.261773477319829,1.1308867386599144,,
2025-07-20 22:14:00+00:00,buy,0.02581217465080138,116915.0,2,3022.357144897391,3.017830399298443,1.5089151996492216,,
2025-07-20 22:16:00+00:00,buy,0.03231045222180146,116572.8,3,3772.16966458876,3.7665198847616175,1.8832599423808087,,
2025-07-20 22:19:00+00:00,sell,0.03226609000588479,116935.0,3,,3.773035234838138,1.886517617419069,3767.375681985881,3.0
2025-07-20 22:24:00+00:00,sell,0.02577172501452003,117119.9,2,,3.0183818565280847,1.5091909282640423,3013.8542837432924,2.0
2025-07-20 22:33:00+00:00,sell,0.019297470165926187,117333.2,1,,2.26423392647265,1.132116963236325,2260.837575582941,2.0
2025-07-20 22:43:00+00:00,sell,0.012843682692176558,117510.0,0,,1.5092611531576672,0.7546305765788336,1506.9972614279307,1.0
2025-07-20 23:04:00+00:00,buy,0.012864540345984388,117304.1,0,1511.3269221901862,1.5090633271993872,0.7545316635996936,,
2025-07-20 23:08:00+00:00,sell,0.01284342872362738,117502.4,0,,1.509133699255154,0.754566849627577,1506.8699987062712,2.0
2025-07-20 23:15:00+00:00,buy,0.012864286664331512,117302.1,0,1511.2713524891738,1.5090078407280816,0.7545039203640408,,
2025-07-20 23:35:00+00:00,buy,0.019327183547002056,117070.0,1,2266.0273279143016,2.2626333778475307,1.1313166889237654,,
2025-07-20 23:42:00+00:00,sell,0.019296581315484368,117359.9,1,,2.264644853527114,1.132322426763557,2261.2478862468233,3.0
2025-07-21 00:09:00+00:00,buy,0.01932705924037987,117107.6,1,2266.740540982758,2.26334552269871,1.131672761349355,,
2025-07-21 00:13:00+00:00,buy,0.025809367314549112,116913.2,2,3021.981906303422,3.017455722719343,1.5087278613596715,,
2025-07-21 00:19:00+00:00,buy,0.03230824382552548,116640.1,3,3774.0894458196253,3.768436790633675,1.8842183953168374,,
2025-07-21 00:22:00+00:00,buy,0.0388279436587046,116535.0,4,4531.601635888542,4.524814414267141,2.2624072071335704,,
2025-07-21 00:24:00+00:00,sell,0.03877272548936559,116760.1,4,,4.527107305410875,2.2635536527054376,4520.31664445276,3.0
2025-07-21 00:26:00+00:00,sell,0.03226104329130139,116957.8,3,,3.7731806490553694,1.8865903245276847,3767.520878081786,2.0
2025-07-21 00:40:00+00:00,sell,0.025767532420623327,117131.4,2,,3.0181871469729993,1.5090935734864996,3013.6598662525394,2.0
2025-07-21 00:45:00+00:00,buy,0.025806688831833936,116880.1,2,3020.8128038906343,3.016288371333634,1.508144185666817,,
2025-07-21 00:48:00+00:00,sell,0.025767068320488192,117144.0,2,,3.018457451335269,1.5092287256676344,3013.929765158266,1.0
2025-07-21 00:59:00+00:00,sell,0.019293971499376103,117353.7,1,,2.2642189431463335,1.1321094715731668,2260.822614731614,2.0
2025-07-21 01:21:00+00:00,buy,0.019324328094966186,117064.0,1,2265.5764188252856,2.262183144109122,1.131091572054561,,
2025-07-21 01:36:00+00:00,buy,0.025805415002597074,116836.0,2,3019.523969444297,3.0150014672434318,1.5075007336217159,,
2025-07-21 01:52:00+00:00,sell,0.0257663885546574,117138.1,2,,3.0182257991543144,1.5091128995771572,3013.698460455583,2.0
2025-07-21 01:58:00+00:00,sell,0.019293233791953187,117312.5,1,,2.2633374892185083,1.1316687446092542,2259.9424829846807,2.0
2025-07-21 02:04:00+00:00,sell,0.012840929622441686,117519.9,0,,1.5090647651363847,0.7545323825681923,1506.8011679886802,1.0
2025-07-21 18:46:00+00:00,buy,0.012861763500529902,117277.2,0,1510.6541978199518,1.5083916104043453,0.7541958052021727,,
2025-07-21 19:00:00+00:00,buy,0.01932355261888583,117106.1,1,2266.30024417052,2.262905885342506,1.131452942671253,,
2025-07-21 19:07:00+00:00,sell,0.01929259384221597,117338.0,1,,2.2637543762579377,1.1318771881289689,2260.3587446935508,3.0
2025-07-21 19:15:00+00:00,sell,0.012840456278394835,117519.9,0,,1.5090091377913333,0.7545045688956666,1506.7456240846461,1.0
2025-07-21 19:19:00+00:00,buy,0.012861276588811595,117236.0,0,1510.066329099165,1.507804622165916,0.753902311082958,,
2025-07-21 19:28:00+00:00,buy,0.0193226712720491,117013.4,1,2264.4029798187275,2.26101146262479,1.130505731312395,,
2025-07-21 19:32:00+00:00,buy,0.02580401042225832,116878.1,2,3020.4475960995505,3.0159237105337504,1.5079618552668752,,
2025-07-21 19:47:00+00:00,buy,0.0323037274289778,116720.0,3,3776.1468021085543,3.770491065510289,1.8852455327551445,,
2025-07-21 20:15:00+00:00,sell,0.03225954528410717,117085.9,3,,3.7771378931804436,1.8885689465902218,3771.472186340673,3.0
2025-07-21 20:31:00+00:00,sell,0.02576432115248746,117128.0,2,,3.017723407948551,1.5088617039742755,3013.1968228366286,2.0
2025-07-21 21:00:00+00:00,buy,0.02580372784461105,116907.8,2,3021.182039693388,3.0166570541122195,1.5083285270561098,,
2025-07-21 21:06:00+00:00,sell,0.02576336393357654,117121.9,2,,3.017454134291958,1.508727067145979,3012.9279530905196,2.0
2025-07-21 21:40:00+00:00,sell,0.01929106072202179,117309.0,1,,2.263015042239654,1.131507521119827,2259.620519676295,2.0
2025-07-21 22:33:00+00:00,sell,0.012839504480107419,117524.2,0,,1.5089524924210402,0.7544762462105201,1506.6890636824087,1.0
2025-07-21 23:02:00+00:00,buy,0.012860333803085803,117298.2,0,1510.7567475108708,1.508494006501119,0.7542470032505595,,
2025-07-22 00:29:00+00:00,sell,0.012839299253688865,117525.0,0,,1.508938644789784,0.754469322394892,1506.6752368225991,2.0
2025-07-22 00:33:00+00:00,buy,0.012860123212792387,117284.1,0,1510.550408866816,1.5082879769014637,0.7541439884507318,,
2025-07-22 00:42:00+00:00,buy,0.019320899728741747,117051.2,1,2264.926800076389,2.261534498328896,1.130767249164448,,
2025-07-22 01:04:00+00:00,buy,0.025801495832177,116899.9,2,3020.716571055856,3.0161922826319083,1.5080961413159542,,
2025-07-22 01:15:00+00:00,buy,0.032299761216764165,116700.1,3,3775.0394420184584,3.7693853639725,1.88469268198625,,
2025-07-22 01:17:00+00:00,buy,0.038804058692921826,116212.8,4,4516.292604536889,4.5095283120687855,2.2547641560343927,,
2025-07-22 01:19:00+00:00,sell,0.0387695004947745,116843.9,4,,4.5299796388613816,2.2649898194306908,4523.184669403089,4.0
2025-07-22 01:20:00+00:00,sell,0.032256543378678025,116979.4,3,,3.773351090511728,1.886675545255864,3767.69106387596,2.0
2025-07-22 01:22:00+00:00,sell,0.025763483479131107,117122.1,2,,3.0174732883911415,1.5087366441955707,3012.9470784585546,2.0
2025-07-22 01:36:00+00:00,sell,0.01929181294831404,117408.0,1,,2.2650131746356545,1.1325065873178273,2261.6156548737013,1.0
2025-07-22 01:40:00+00:00,sell,0.012840293162441117,117768.0,0,,1.5121756451543653,0.7560878225771827,1509.9073816866337,1.0
2025-07-22 02:44:00+00:00,buy,0.012861036563046687,117286.3,0,1510.6860277334295,1.5084233926444626,0.7542116963222313,,
2025-07-22 02:52:00+00:00,buy,0.01932240195268116,117100.0,1,2266.0472485619525,2.262653268658964,1.131326634329482,,
2025-07-22 03:17:00+00:00,buy,0.025802224934529792,116805.9,2,3018.3728836384134,3.013852105480193,1.5069260527400965,,
2025-07-22 03:28:00+00:00,sell,0.02576389042418509,117149.8,2,,3.018234610415199,1.5091173052075995,3013.7072584995763,3.0
2025-07-22 03:33:00+00:00,buy,0.025802677183819973,116862.1,2,3019.8780738852734,3.0153550413232884,1.5076775206616442,,
2025-07-22 03:52:00+00:00,sell,0.025763216357259807,117133.2,2,,3.0177279742181846,1.5088639871090923,3013.201382256857,2.0
2025-07-22 04:25:00+00:00,buy,0.025802491409309954,116900.7,2,3020.8538014535584,3.01632930749232,1.50816465374616,,
2025-07-22 04:32:00+00:00,sell,0.02576250124180416,117137.5,2,,3.017754989211835,1.5088774946059176,3013.2283567280174,2.0
2025-07-22 04:37:00+00:00,sell,0.019290316048247776,117307.9,1,,2.2629064659562452,1.1314532329781226,2259.5121062573107,2.0
2025-07-22 04:42:00+00:00,buy,0.019320725164014625,117050.0,1,2264.883116768584,2.261490880447912,1.130745440223956,,
2025-07-22 04:44:00+00:00,buy,0.02580102981778742,116874.0,2,3019.992763262473,3.015469558924087,1.5077347794620435,,
2025-07-22 04:53:00+00:00,buy,0.03229998551874774,116716.7,3,3775.6026413757186,3.7699477197960247,1.8849738598980124,,
2025-07-22 05:08:00+00:00,sell,0.032251565650936925,116938.2,3,,3.7714400344023926,1.8857200172011963,3765.782874350789,2.0
2025-07-22 05:13:00+00:00,sell,0.025761245550983698,117192.0,2,,3.0190118886108817,1.5095059443054408,3014.4833707779653,2.0
2025-07-22 05:20:00+00:00,sell,0.019289390727841086,117364.1,1,,2.263881982321414,1.131940991160707,2260.486159347932,2.0
2025-07-22 05:31:00+00:00,buy,0.019319748912883378,117091.8,1,2265.5774520211944,2.2621841757575583,1.1310920878787791,,
2025-07-22 05:36:00+00:00,sell,0.01928883223871837,117324.5,1,,2.2630525979915133,1.1315262989957566,2259.658019094526,2.0
2025-07-22 05:44:00+00:00,buy,0.019319331807446688,117100.0,1,2265.687195283985,2.262293754652007,1.1311468773260036,,
2025-07-22 05:53:00+00:00,sell,0.019288241439008418,117306.5,1,,2.262636094365041,1.1313180471825206,2259.2421402234936,2.0
2025-07-22 06:07:00+00:00,sell,0.012837624513598565,117512.5,0,,1.5085813506542514,0.7542906753271257,1506.31847862827,1.0
2025-07-24 07:04:00+00:00,buy,0.01285842153230182,117248.9,0,1509.897234069301,1.507635780398703,0.7538178901993515,,
2025-07-24 07:05:00+00:00,buy,0.019318583000383527,117103.2,1,2265.6612906437276,2.262267888810512,1.131133944405256,,
2025-07-24 07:07:00+00:00,sell,0.0192883381274334,117435.1,1,,2.265127916828954,1.132563958414477,2261.730224953711,3.0
2025-07-24 07:08:00+00:00,sell,0.012837576489139808,117584.7,0,,1.5095025802025575,0.7547512901012787,1507.2383263322538,1.0
2025-07-25 01:50:00+00:00,buy,0.01285835253175116,117269.7,0,1510.156986608538,1.507895143892699,0.7539475719463495,,
2025-07-25 02:12:00+00:00,buy,0.019318405208967947,117100.0,1,2265.578527845102,2.262185249970147,1.1310926249850735,,
2025-07-25 02:37:00+00:00,buy,0.025797736282433075,116903.6,2,3020.372015631944,3.0158482432670435,1.5079241216335217,,
2025-07-25 02:41:00+00:00,buy,0.032295389596323026,116722.8,3,3775.262713224854,3.7696083007736934,1.8848041503868467,,
2025-07-25 02:46:00+00:00,buy,0.03880822118014015,116500.2,4,4527.9472774242595,4.521165529130563,2.2605827645652816,,
2025-07-25 02:49:00+00:00,sell,0.038754499292290544,116752.2,4,,4.524673052273364,2.262336526136682,4517.886042694954,4.0
2025-07-25 02:57:00+00:00,buy,0.03880565856821266,116469.8,4,4526.466823246476,4.5196872923080145,2.2598436461540072,,
2025-07-25 11:25:00+00:00,sell,0.03875260836550649,116734.8,4,,4.523777987025727,2.2618889935128634,4516.992320045188,2.0
2025-07-25 11:41:00+00:00,buy,0.038804684840460416,116478.1,4,4526.675805257605,4.519895961315632,2.259947980657816,,
2025-07-25 19:26:00+00:00,sell,0.03875087261909072,116728.0,4,,4.523311859081222,2.261655929540611,4516.5268912926,2.0
2025-07-25 19:41:00+00:00,sell,0.032244826022144187,116988.7,3,,3.7722802780568196,1.8861401390284098,3766.621857639734,2.0
2025-07-25 19:53:00+00:00,buy,0.03229097717806725,116721.9,3,3774.7178053942685,3.769064209080647,1.8845321045403236,,
2025-07-25 20:33:00+00:00,sell,0.032244299466214134,117000.0,3,,3.772583037547054,1.886291518773527,3766.9241629907333,2.0
2025-07-25 20:43:00+00:00,sell,0.025754721472824035,117205.9,2,,3.0186053094716665,1.5093026547358332,3014.077401507459,1.0
2025-07-25 20:46:00+00:00,sell,0.01928409377329146,117315.0,1,,2.2623134610136875,1.1311567305068437,2258.919990822167,2.0
2025-07-25 20:50:00+00:00,buy,0.019314587546061975,117097.2,1,2265.0766469799264,2.261684120798728,1.130842060399364,,
2025-07-25 21:13:00+00:00,sell,0.019283605164499812,117315.9,1,,2.262273495117943,1.1311367475589715,2258.880084875266,2.0
2025-07-25 21:36:00+00:00,buy,0.019314090344456226,117096.0,1,2264.995127058908,2.2616027229744464,1.1308013614872232,,
2025-07-25 22:36:00+00:00,sell,0.01928314610023377,117320.0,1,,2.262298700479426,1.131149350239713,2258.9052524287067,2.0
2025-07-25 23:38:00+00:00,sell,0.012834319815018659,117562.0,0,,1.5088283060932235,0.7544141530466117,1506.5650636340838,1.0
2025-07-26 01:40:00+00:00,buy,0.012855090166407561,117286.0,0,1509.9836884151632,1.5077221052572773,0.7538610526286387,,
2025-07-26 02:22:00+00:00,sell,0.012834132992976985,117531.9,0,,1.5084200355172717,0.7542100177586358,1506.1574054639957,2.0
2025-07-29 15:42:00+00:00,buy,0.012854910556681358,117275.1,0,1509.8222624074008,1.507560921025862,0.753780460512931,,
2025-07-29 15:47:00+00:00,sell,0.01283412815406688,117605.1,0,,1.5093589249718509,0.7546794624859254,1507.0948865843932,2.0
2025-07-29 16:25:00+00:00,buy,0.012854878133189723,117286.0,0,1509.9587825843837,1.50769723672929,0.753848618364645,,
2025-07-29 16:36:00+00:00,buy,0.01931313179023886,117104.0,1,2265.0374526418773,2.2616449851641316,1.1308224925820658,,
2025-07-29 16:41:00+00:00,sell,0.01928211131947565,117316.0,1,,2.2621001715556055,1.1310500857778027,2258.707021298272,3.0
2025-07-29 16:45:00+00:00,sell,0.012833609141328728,117546.0,0,,1.5085394201266265,0.7542697100633132,1506.2766109964366,1.0
2025-07-29 20:07:00+00:00,buy,0.012854379455411622,117280.1,0,1509.8242523305737,1.5075629079686208,0.7537814539843104,,
2025-07-29 20:19:00+00:00,sell,0.01283374628582899,117680.1,0,,1.5102765462909842,0.7551382731454921,1508.0111314715477,2.0
2025-07-29 20:33:00+00:00,buy,0.012854445385252261,117253.5,0,1509.4895550476456,1.5072287119796761,0.7536143559898381,,
2025-07-29 20:37:00+00:00,buy,0.019312593678258758,117108.1,1,2265.053643460494,2.261661151732895,1.1308305758664474,,
2025-07-29 20:55:00+00:00,sell,0.019281536053068028,117314.1,1,,2.261996048683228,1.130998024341614,2258.603054610203,3.0
2025-07-29 20:59:00+00:00,sell,0.012833153030230346,117507.9,0,,1.5079968629610043,0.7539984314805022,1505.7348676665629,1.0
2025-07-29 21:19:00+00:00,buy,0.012853943389235062,117294.1,0,1509.9532588732131,1.5076917212912764,0.7538458606456382,,
2025-07-29 21:51:00+00:00,sell,0.012832955578728185,117521.9,0,,1.508153322227736,0.754076661113868,1505.891092244394,2.0
2025-07-30 18:40:00+00:00,buy,0.012853739861902238,117296.6,0,1509.9615330602305,1.5076999830856022,0.7538499915428011,,
2025-07-30 18:48:00+00:00,buy,0.01931105643596771,117000.0,1,2262.7826934127347,2.2593936030082222,1.1296968015041111,,
2025-07-30 18:49:00+00:00,buy,0.025788775801043884,116900.1,2,3019.2325357246395,3.01471047001961,1.507355235009805,,
2025-07-30 18:56:00+00:00,buy,0.03228209749810497,116616.0,3,3770.2559954617673,3.764609081839009,1.8823045409195045,,
2025-07-30 18:59:00+00:00,buy,0.0387969213715743,116523.9,4,4527.549739088499,4.5207685862091855,2.2603842931045928,,
2025-07-30 19:44:00+00:00,sell,0.03874225633252045,116756.0,4,,4.523390880359758,2.261695440179879,4516.605794039218,4.0
2025-07-30 19:49:00+00:00,sell,0.03223539556077498,116940.2,3,,3.7696136039561385,1.8848068019780693,3763.959183550204,2.0
2025-07-30 20:05:00+00:00,sell,0.02574779009727364,117156.0,2,,3.0165080966361906,1.5082540483180953,3011.9833344912363,2.0
2025-07-30 21:55:00+00:00,sell,0.01927926041848625,117315.6,1,,2.2617580035509657,1.1308790017754828,2258.365366545639,1.0
2025-07-30 23:04:00+00:00,sell,0.012831627998024038,117501.9,0,,1.5077406698610207,0.7538703349305104,1505.4790588562291,1.0
2025-07-31 19:13:00+00:00,buy,0.012852407729387663,117283.4,0,1509.6351378038983,1.507374076688865,0.7536870383444325,,
2025-07-31 19:33:00+00:00,buy,0.01930931098684995,117070.8,1,2263.947319406332,2.2605564846793134,1.1302782423396567,,
2025-07-31 19:35:00+00:00,buy,0.02578561952896969,116881.8,2,3018.390429098122,3.01386962466113,1.506934812330565,,
2025-07-31 19:42:00+00:00,sell,0.025745915582598006,117130.7,2,,3.0156371143306124,1.5078185571653062,3011.1136586591165,3.0
2025-07-31 19:48:00+00:00,buy,0.02578498182965013,116886.0,2,3018.424241219696,3.013903386140485,1.5069516930702425,,
2025-07-31 20:05:00+00:00,buy,0.03227964120777593,116718.7,3,3773.289214875394,3.767637758238037,1.8838188791190185,,
2025-07-31 20:17:00+00:00,buy,0.0387904614363525,116530.2,4,4527.040619614349,4.520260229270444,2.260130114635222,,
2025-07-31 20:19:00+00:00,sell,0.03873852409994506,116815.0,4,,4.525240692735082,2.262620346367541,4518.4528316959795,3.0
2025-07-31 20:33:00+00:00,buy,0.03878948960927197,116530.4,4,4526.934972074253,4.520154739964306,2.260077369982153,,
2025-07-31 21:05:00+00:00,sell,0.03873441601131413,116753.8,4,,4.522390260101768,2.261195130050884,4515.606674711616,2.0
2025-07-31 21:15:00+00:00,buy,0.038787215631028236,116520.0,4,4526.265594875402,4.519486365327411,2.2597431826637053,,
2025-07-31 21:27:00+00:00,sell,0.03873156170879187,116731.9,4,,4.521208788234522,2.260604394117261,4514.42697505217,2.0
2025-07-31 21:52:00+00:00,buy,0.03878558804613131,116532.1,4,4526.545673787704,4.519766024750578,2.259883012375289,,
2025-08-07 11:25:00+00:00,sell,0.038729941056686354,116744.0,4,,4.521488238721791,2.2607441193608957,4514.706006363708,2.0
2025-08-07 11:59:00+00:00,buy,0.038783225639494934,116524.0,4,4525.955349293132,4.519176584416508,2.259588292208254,,
2025-08-07 13:41:00+00:00,sell,0.03872743858387595,116733.0,4,,4.5207700882115915,2.2603850441057958,4513.988933079274,2.0
2025-08-07 13:43:00+00:00,buy,0.03878103857757278,116521.9,4,4525.618559480626,4.518840299032077,2.2594201495160386,,
2025-08-07 15:42:00+00:00,sell,0.03872654163199411,116755.9,4,,4.521552222130941,2.2607761110654705,4514.769893797745,2.0
2025-08-07 16:10:00+00:00,buy,0.03877952720040465,116528.1,4,4525.682980496816,4.518904623561474,2.259452311780737,,
2025-08-07 16:25:00+00:00,sell,0.038723698552037236,116736.0,4,,4.520449674170619,2.2602248370853095,4513.668999659363,2.0
2025-08-07 16:40:00+00:00,buy,0.03877550205524889,116476.0,4,4523.190000453252,4.516415377387171,2.2582076886935853,,
2025-08-07 19:35:00+00:00,sell,0.03872800462768369,116846.0,4,,4.525212428726329,2.2626062143631644,4518.424610083239,2.0
2025-08-07 19:41:00+00:00,sell,0.03222090324352182,116942.0,3,,3.767976867103929,1.8839884335519645,3762.324901803273,2.0
2025-08-07 19:44:00+00:00,sell,0.02573609407651457,117148.0,2,,3.0149319488755286,1.5074659744377643,3010.4095509522153,2.0
2025-08-07 19:45:00+00:00,sell,0.019270925847456485,117365.3,1,,2.261737993364485,1.1308689966822425,2258.345386374438,1.0
2025-08-07 19:51:00+00:00,sell,0.012826039857768975,117526.0,0,,1.5073931603241566,0.7536965801620783,1505.1320705836702,1.0
2025-08-07 19:53:00+00:00,buy,0.012846755038827032,117240.1,0,1508.4140776957265,1.506154845427585,0.7530774227137925,,
2025-08-07 21:41:00+00:00,buy,0.019301051770285824,117106.1,1,2263.6613050643427,2.2602708987162687,1.1301354493581344,,
2025-08-07 22:11:00+00:00,sell,0.01927011888151424,117322.1,1,,2.260810814428902,1.130405407214451,2257.4195982072583,3.0
2025-08-07 22:47:00+00:00,sell,0.012825726220631791,117583.9,0,,1.5080989093541464,0.7540494546770732,1505.8367609901152,1.0
2025-08-07 23:36:00+00:00,buy,0.012846442162576438,117303.9,0,1509.198173444842,1.5069377667946502,0.7534688833973251,,
2025-08-08 00:18:00+00:00,buy,0.01930036121263497,117103.8,1,2263.5358578312216,2.2601456393721633,1.1300728196860816,,
2025-08-08 00:19:00+00:00,buy,0.025773287990296396,116877.9,2,3016.846268065665,3.0123277764010634,1.5061638882005317,,
2025-08-08 00:26:00+00:00,sell,0.025735526311787056,117244.5,2,,3.0173489146623176,1.5086744573311588,3012.8228912903237,3.0
2025-08-08 00:37:00+00:00,sell,0.01927049672656788,117460.5,1,,2.2635221807510266,1.1317610903755133,2260.1268974799,2.0
2025-08-08 00:38:00+00:00,sell,0.012825816649836185,117648.3,0,,1.5089355249649226,0.7544677624824613,1506.6721216774752,1.0
2025-08-08 00:59:00+00:00,buy,0.01284647545607814,117274.1,0,1508.818685554579,1.5065588472836535,0.7532794236418268,,
2025-08-08 01:03:00+00:00,buy,0.019300381652847014,117066.1,1,2262.8095392232694,2.259420408610354,1.129710204305177,,
2025-08-08 01:05:00+00:00,buy,0.02577373805564404,116885.7,2,3017.100286371968,3.0125814142505924,1.5062907071252962,,
2025-08-08 01:13:00+00:00,sell,0.02573414403236539,117137.2,2,,3.014425576347991,1.5072127881739954,3009.903937983469,3.0
2025-08-08 01:18:00+00:00,buy,0.025773137379608017,116891.9,2,3017.1900037592973,3.012670997263402,1.506335498631701,,
2025-08-08 02:40:00+00:00,buy,0.032264237521506894,116698.0,3,3770.819748270239,3.765171990284812,1.882585995142406,,
2025-08-08 03:22:00+00:00,sell,0.03221650998513782,116936.1,3,,3.7672730332730753,1.8836365166365376,3761.6221237231657,2.0
2025-08-08 03:50:00+00:00,buy,0.03226361403326748,116725.0,3,3771.6193035551964,3.765970348033147,1.8829851740165735,,
2025-08-08 05:59:00+00:00,buy,0.038771052809741365,116534.1,4,4524.926969853535,4.518149745235681,2.2590748726178407,,
2025-08-08 06:44:00+00:00,sell,0.03871478577975549,116732.5,4,,4.519273731035308,2.259636865517654,4512.494820438755,3.0
2025-08-08 07:27:00+00:00,sell,0.03221295899702244,116928.4,3,,3.766609754787438,1.883304877393719,3760.959840155257,2.0
2025-08-08 08:25:00+00:00,buy,0.03225974459612542,116702.1,3,3770.427109741236,3.764779939831489,1.8823899699157445,,
2025-08-08 08:35:00+00:00,buy,0.0387662703820978,116507.8,4,4523.34773573801,4.516572876423375,2.2582864382116874,,
2025-08-08 09:53:00+00:00,sell,0.03871145170138086,116734.0,4,,4.518942602908993,2.2594713014544965,4512.164189004629,2.0
2025-08-08 10:22:00+00:00,buy,0.038765345344578164,116533.1,4,4524.222034372624,4.517445865574262,2.258722932787131,,
2025-08-08 11:08:00+00:00,sell,0.03870966662610711,116742.5,4,,4.519063256098309,2.2595316280491544,4512.284661214161,2.0
2025-08-08 12:51:00+00:00,buy,0.03876246748901072,116512.0,4,4523.067050997736,4.516292612079617,2.2581463060398086,,
2025-08-08 13:24:00+00:00,sell,0.03870812336480627,116747.1,4,,4.519061149283375,2.2595305746416874,4512.28255755945,2.0
2025-08-08 13:59:00+00:00,sell,0.03220691449253523,116926.1,3,,3.765828904645624,1.882914452322812,3760.180161288655,2.0
2025-08-08 14:04:00+00:00,sell,0.02572498019394356,117133.6,2,,3.0132595400453073,1.5066297700226536,3008.739650735239,2.0
2025-08-08 14:08:00+00:00,buy,0.025763088336915166,116799.6,2,3013.6320901351314,3.009118412516357,1.5045592062581785,,
2025-08-08 14:12:00+00:00,buy,0.03225280878828333,116664.0,3,3768.3857970030003,3.762741684476286,1.881370842238143,,
2025-08-08 14:34:00+00:00,buy,0.03875993600350992,116524.7,4,4523.264649700435,4.516489914828193,2.2582449574140964,,
2025-08-08 18:00:00+00:00,sell,0.03870673325192422,116781.6,4,,4.520234239932914,2.260117119966457,4513.453888573014,2.0
2025-08-08 18:37:00+00:00,buy,0.03875752734815583,116497.1,4,4521.912248539691,4.515139539230845,2.2575697696154227,,
2025-08-08 20:43:00+00:00,sell,0.03870339479317861,116735.8,4,,4.51807175389754,2.25903587694877,4511.294646266693,2.0
2025-08-08 21:40:00+00:00,sell,0.03220416763955224,116953.3,3,,3.766383679198846,1.883191839599423,3760.734103680047,2.0
2025-08-08 23:33:00+00:00,buy,0.032250850206666876,116724.1,3,3770.0981418049173,3.764451464608005,1.8822257323040026,,
2025-08-09 01:22:00+00:00,buy,0.038755553146252515,116529.9,4,4522.955003676357,4.5161807325774905,2.2580903662887453,,
2025-08-09 05:19:00+00:00,sell,0.03870322506092043,116803.3,4,,4.520664407758207,2.2603322038791034,4513.883411146569,2.0
2025-08-09 05:21:00+00:00,sell,0.0322015376846083,116939.2,3,,3.765622055607947,1.8828110278039736,3759.973622524535,2.0
2025-08-09 05:56:00+00:00,buy,0.03224855142634694,116726.9,3,3769.919847644288,3.764273437488056,1.882136718744028,,
2025-08-09 08:38:00+00:00,sell,0.03219988765764069,116931.9,3,,3.765194043594475,1.8825970217972374,3759.546252529083,2.0
2025-08-09 08:44:00+00:00,sell,0.025719588764401793,117151.9,2,,3.0130986909683224,1.5065493454841612,3008.57904293187,1.0
2025-08-09 08:50:00+00:00,buy,0.02575762159566834,116814.1,2,3013.3666649158185,3.008853384838561,1.5044266924192804,,
2025-08-09 09:00:00+00:00,sell,0.025718997031865632,117120.6,2,,3.0122243637703225,1.5061121818851613,3007.7060272246667,2.0
2025-08-09 09:13:00+00:00,sell,0.019258419832775448,117372.9,1,,2.2604165851903697,1.1302082925951848,2257.0259603125837,2.0
2025-08-09 10:00:00+00:00,sell,0.0128177413204121,117535.0,0,,1.5065332260946362,0.7532666130473181,1504.273426255494,1.0
2025-08-09 11:12:00+00:00,buy,0.012838420607349082,117272.8,0,1507.8559284998298,1.5055975322015274,0.7527987661007637,,
2025-08-09 11:39:00+00:00,buy,0.019288403438029855,117110.5,1,2262.2628826856394,2.2588745708293954,1.1294372854146977,,
2025-08-09 13:14:00+00:00,buy,0.025757485585373833,116907.9,2,3015.7704293899246,3.0112535490663253,1.5056267745331626,,
2025-08-09 15:17:00+00:00,sell,0.02571782172127737,117149.9,2,,3.012840242865472,1.506420121432736,3008.3209825011736,3.0
2025-08-09 15:21:00+00:00,buy,0.0257561094826389,116840.0,2,3013.857847699456,3.009343831951529,1.5046719159757644,,
2025-08-09 15:22:00+00:00,buy,0.03224436751504768,116720.0,3,3769.2079202208997,3.7635625763563656,1.8817812881781828,,
2025-08-09 16:00:00+00:00,sell,0.032196206006897,116940.7,3,,3.76504686779074,1.88252343389537,3759.399297489054,2.0
2025-08-09 16:20:00+00:00,buy,0.03224310579824447,116724.1,3,3769.192826763125,3.7635475055048677,1.8817737527524339,,
2025-08-09 19:53:00+00:00,buy,0.038745358077851046,116506.6,4,4520.861070336111,4.5140899354329616,2.2570449677164808,,
2025-08-09 20:29:00+00:00,sell,0.03869063964966272,116732.8,4,,4.5164667000961485,2.2582333500480742,4509.692000046004,3.0
2025-08-09 20:40:00+00:00,sell,0.03219413165749898,116968.0,3,,3.765683191714341,1.8828415958571705,3760.034666926769,2.0
2025-08-09 21:00:00+00:00,buy,0.032240255818737684,116713.9,3,3768.5303225929715,3.762885993602568,1.881442996801284,,
2025-08-09 21:25:00+00:00,buy,0.03874172109402134,116490.9,4,4519.827544728218,4.51305795779153,2.256528978895765,,
2025-08-09 22:23:00+00:00,sell,0.0386876449263546,116729.2,4,,4.515977842137431,2.2579889210687156,4509.203875374225,2.0
2025-08-09 23:00:00+00:00,buy,0.038740417384832644,116500.8,4,4520.059552093411,4.513289617666911,2.2566448088334554,,
